DATE,TIME PERIOD,AAA yield curve - 6-month spot rate (YC.B.U2.EUR.4F.G_N_A.SV_C_YM.SR_6M),AAA yield curve - 1-year spot rate (YC.B.U2.EUR.4F.G_N_A.SV_C_YM.SR_1Y),AAA yield curve - 1-year 6-month spot rate (YC.B.U2.EUR.4F.G_N_A.SV_C_YM.SR_1Y6M),AAA yield curve - 2-year spot rate (YC.B.U2.EUR.4F.G_N_A.SV_C_YM.SR_2Y),AAA yield curve - 2-year 6-month spot rate (YC.B.U2.EUR.4F.G_N_A.SV_C_YM.SR_2Y6M),AAA yield curve - 3-year spot rate (YC.B.U2.EUR.4F.G_N_A.SV_C_YM.SR_3Y),AAA yield curve - 3-year 6-month spot rate (YC.B.U2.EUR.4F.G_N_A.SV_C_YM.SR_3Y6M),AAA yield curve - 4-year spot rate (YC.B.U2.EUR.4F.G_N_A.SV_C_YM.SR_4Y),AAA yield curve - 4-year 6-month spot rate (YC.B.U2.EUR.4F.G_N_A.SV_C_YM.SR_4Y6M),AAA yield curve - 5-year spot rate (YC.B.U2.EUR.4F.G_N_A.SV_C_YM.SR_5Y)
06/09/2004,06-Sept-04,2.12192,2.298838,2.473145,2.641262,2.8011,2.951578,3.092283,3.223235,3.344729,3.457222
07/09/2004,07-Sept-04,2.138822,2.328891,2.509583,2.679766,2.838997,2.987293,3.12496,3.252486,3.37046,3.479518
08/09/2004,08-Sept-04,2.148064,2.346666,2.532909,2.706542,2.867751,3.016998,3.154908,3.282196,3.399608,3.507894
09/09/2004,09-Sept-04,2.128935,2.308988,2.48198,2.646224,2.800875,2.945649,3.08063,3.206136,3.322624,3.430628
10/09/2004,10-Sept-04,2.111976,2.271566,2.432273,2.589654,2.740982,2.884699,3.020031,3.146724,3.26486,3.374729
13/09/2004,13-Sept-04,2.131144,2.307186,2.476451,2.637373,2.789143,2.931473,3.064417,3.188252,3.30339,3.410319
14/09/2004,14-Sept-04,2.124443,2.29586,2.462331,2.621714,2.772796,2.915005,3.048197,3.172511,3.288264,3.395882
15/09/2004,15-Sept-04,2.126959,2.297686,2.46369,2.622748,2.773593,2.915615,3.048645,3.172807,3.288408,3.395869
16/09/2004,16-Sept-04,2.135471,2.308354,2.475431,2.634832,2.785536,2.927106,3.059489,3.18289,3.297672,3.40429
17/09/2004,17-Sept-04,2.126023,2.281755,2.438305,2.591642,2.739251,2.879662,3.012121,3.136353,3.2524,3.360508
20/09/2004,20-Sept-04,2.123791,2.281191,2.437755,2.590151,2.736313,2.87506,3.005813,3.128403,3.242927,3.349658
21/09/2004,21-Sept-04,2.130554,2.291793,2.450407,2.603703,2.750048,2.888546,3.01881,3.140791,3.254667,3.360755
22/09/2004,22-Sept-04,2.13205,2.291219,2.447732,2.598986,2.743403,2.880112,3.008738,3.129231,3.241763,3.346642
23/09/2004,23-Sept-04,2.107439,2.24383,2.385275,2.526792,2.665138,2.798287,2.925056,3.04484,3.157426,3.262857
24/09/2004,24-Sept-04,2.131471,2.281093,2.431196,2.578198,2.719839,2.854775,2.982301,3.102144,3.214319,3.319032
27/09/2004,27-Sept-04,2.124938,2.268372,2.413738,2.557154,2.696115,2.829084,2.9552,3.074067,3.185606,3.289943
28/09/2004,28-Sept-04,2.122824,2.265591,2.40936,2.551173,2.688978,2.82141,2.947618,3.067126,3.17974,3.285461
29/09/2004,29-Sept-04,2.138307,2.291128,2.441482,2.587423,2.727647,2.86133,2.988009,3.107491,3.219776,3.325002
30/09/2004,30-Sept-04,2.11639,2.281661,2.439777,2.59024,2.732809,2.86743,2.994195,3.113299,3.22501,3.329645
01/10/2004,01-Oct-04,2.1315,2.276508,2.423155,2.568275,2.709654,2.845806,2.975782,3.099041,3.215334,3.324627
04/10/2004,04-Oct-04,2.137134,2.293546,2.448558,2.599666,2.745182,2.884031,3.015595,3.139587,3.255962,3.364847
05/10/2004,05-Oct-04,2.131807,2.280236,2.428931,2.57506,2.716672,2.852482,2.9817,3.103904,3.218938,3.326839
06/10/2004,06-Oct-04,2.133269,2.279477,2.426695,2.571849,2.712816,2.848189,2.977096,3.099058,3.213882,3.321582
07/10/2004,07-Oct-04,2.132517,2.277637,2.424751,2.570432,2.712309,2.848801,2.978918,3.102101,3.218107,3.326921
08/10/2004,08-Oct-04,2.101749,2.227286,2.36207,2.500462,2.638505,2.773488,2.90362,3.027784,3.145351,3.256038
11/10/2004,11-Oct-04,2.109539,2.231585,2.364206,2.501395,2.638922,2.773875,2.904316,3.029019,3.147275,3.258747
12/10/2004,12-Oct-04,2.096446,2.207868,2.332959,2.464858,2.598711,2.731156,2.859928,2.983564,3.101184,3.212326
13/10/2004,13-Oct-04,2.108038,2.222985,2.350473,2.483919,2.618684,2.751566,2.880422,3.003881,3.121135,3.231775
14/10/2004,14-Oct-04,2.098976,2.206728,2.329713,2.460494,2.593828,2.726095,2.854861,2.978558,3.096244,3.20742
15/10/2004,15-Oct-04,2.09108,2.182802,2.29784,2.425716,2.559159,2.693215,2.824594,2.951195,3.071755,3.185599
18/10/2004,18-Oct-04,2.089644,2.184427,2.300531,2.428404,2.561354,2.694778,2.825588,2.951783,3.072144,3.186001
19/10/2004,19-Oct-04,2.096317,2.193978,2.312582,2.442578,2.577299,2.712177,2.84416,2.971286,3.092371,3.20678
20/10/2004,20-Oct-04,2.089589,2.172542,2.281316,2.404826,2.535345,2.667576,2.797967,2.924216,3.044909,3.159253
21/10/2004,21-Oct-04,2.094598,2.18054,2.290591,2.414305,2.544381,2.6758,2.805193,2.930372,3.049992,3.1633
22/10/2004,22-Oct-04,2.10194,2.191096,2.30242,2.426229,2.555723,2.68621,2.814525,2.938604,3.057175,3.16952
25/10/2004,25-Oct-04,2.090276,2.167158,2.269804,2.387554,2.512905,2.64065,2.76725,2.89037,3.008535,3.120885
26/10/2004,26-Oct-04,2.094027,2.167807,2.268256,2.384454,2.50871,2.635689,2.761761,2.884526,3.002464,3.11468
27/10/2004,27-Oct-04,2.101514,2.176091,2.277245,2.393979,2.518574,2.645699,2.771739,2.894321,3.011951,3.123763
28/10/2004,28-Oct-04,2.119727,2.219596,2.338468,2.467402,2.600186,2.732585,2.861792,2.98602,3.104206,3.215798
29/10/2004,29-Oct-04,2.116658,2.217861,2.331178,2.451041,2.573413,2.695416,2.815038,2.930916,3.04217,3.148274
01/11/2004,01-Nov-04,2.110158,2.198297,2.308157,2.430288,2.558067,2.686932,2.813805,2.936681,3.054316,3.166007
02/11/2004,02-Nov-04,2.121072,2.218079,2.333796,2.459664,2.589691,2.71976,2.847112,2.969961,3.087223,3.198306
03/11/2004,03-Nov-04,2.088275,2.198835,2.323031,2.454049,2.587081,2.718806,2.846989,2.970189,3.087541,3.198585
04/11/2004,04-Nov-04,2.077968,2.192017,2.318573,2.451174,2.585264,2.717692,2.846341,2.969849,3.087405,3.198585
05/11/2004,05-Nov-04,2.06472,2.183667,2.313485,2.44823,2.583704,2.717006,2.84619,2.970015,3.087745,3.199013
08/11/2004,08-Nov-04,2.049178,2.175844,2.310256,2.447546,2.584257,2.717994,2.847151,2.970706,3.088065,3.198948
09/11/2004,09-Nov-04,2.155478,2.246411,2.3553,2.474259,2.597676,2.721625,2.84342,2.961282,3.074093,3.181206
10/11/2004,10-Nov-04,2.150742,2.23557,2.339545,2.454876,2.575877,2.698463,2.819752,2.937767,3.051205,3.159263
11/11/2004,11-Nov-04,2.146348,2.211799,2.304706,2.414492,2.533523,2.656364,2.779213,2.899479,3.015455,3.126083
12/11/2004,12-Nov-04,2.137755,2.204732,2.297614,2.406452,2.524031,2.645196,2.76632,2.88492,2.99935,3.108582
15/11/2004,15-Nov-04,2.141961,2.203326,2.291064,2.395302,2.508848,2.626528,2.744683,2.86078,2.973123,3.080632
16/11/2004,16-Nov-04,2.1483,2.223894,2.317903,2.423265,2.534751,2.648538,2.761877,2.872836,2.980101,3.082819
17/11/2004,17-Nov-04,2.149023,2.225473,2.320809,2.427739,2.54088,2.656309,2.771214,2.883625,2.992211,3.096114
18/11/2004,18-Nov-04,2.158857,2.246484,2.349031,2.460379,2.575999,2.692585,2.807771,2.919905,3.027875,3.130978
19/11/2004,19-Nov-04,2.155637,2.236649,2.334821,2.443384,2.557331,2.67301,2.787804,2.899882,3.008007,3.111386
22/11/2004,22-Nov-04,2.149435,2.222906,2.315706,2.420497,2.531847,2.645787,2.759464,2.870871,2.978643,3.081893
23/11/2004,23-Nov-04,2.152279,2.221681,2.311861,2.415023,2.525412,2.638826,2.752253,2.863574,2.971349,3.074642
24/11/2004,24-Nov-04,2.141848,2.201311,2.286133,2.387001,2.497083,2.61143,2.726509,2.83985,2.949781,3.055217
25/11/2004,25-Nov-04,2.12375,2.179165,2.262161,2.36262,2.473158,2.588445,2.704698,2.819288,2.93044,3.037011
26/11/2004,26-Nov-04,2.118749,2.173503,2.257153,2.358906,2.470945,2.587684,2.705192,2.820767,2.932613,3.03959
29/11/2004,29-Nov-04,2.13359,2.198363,2.288895,2.395294,2.510396,2.629081,2.747756,2.863959,2.976064,3.083054
30/11/2004,30-Nov-04,2.120506,2.179836,2.266689,2.37068,2.484282,2.602114,2.720392,2.836517,2.948762,3.056039
01/12/2004,01-Dec-04,2.107383,2.160345,2.243383,2.345243,2.4578,2.575263,2.693574,2.809951,2.922551,3.030214
02/12/2004,02-Dec-04,2.131048,2.196627,2.287361,2.393519,2.508062,2.625966,2.743711,2.858891,2.969921,3.075817
03/12/2004,03-Dec-04,2.124046,2.181088,2.265131,2.366154,2.47686,2.592001,2.707862,2.821873,2.932307,3.038063
06/12/2004,06-Dec-04,2.098462,2.142027,2.217568,2.313475,2.421336,2.535126,2.650596,2.76481,2.875797,2.982293
07/12/2004,07-Dec-04,2.097989,2.138361,2.210154,2.302242,2.406503,2.517069,2.629761,2.741661,2.85078,2.955818
08/12/2004,08-Dec-04,2.10732,2.157474,2.234685,2.32924,2.434012,2.543835,2.655015,2.764965,2.871922,2.974732
09/12/2004,09-Dec-04,2.097937,2.140924,2.210909,2.298521,2.396839,2.5008,2.606753,2.712105,2.815066,2.914437
10/12/2004,10-Dec-04,2.112118,2.156628,2.225695,2.310922,2.406052,2.50647,2.608816,2.710683,2.810387,2.906785
13/12/2004,13-Dec-04,2.103902,2.152547,2.225114,2.313243,2.410729,2.513019,2.616812,2.719761,2.820234,2.917142
14/12/2004,14-Dec-04,2.110505,2.158536,2.230123,2.317042,2.413186,2.514069,2.61644,2.717984,2.817094,2.912693
15/12/2004,15-Dec-04,2.107797,2.152769,2.220935,2.304307,2.396938,2.494442,2.593629,2.692214,2.788603,2.881719
16/12/2004,16-Dec-04,2.117882,2.184339,2.265899,2.356956,2.453303,2.551825,2.650243,2.746928,2.840747,2.930941
17/12/2004,17-Dec-04,2.128743,2.209851,2.302235,2.401154,2.503077,2.605417,2.706309,2.804443,2.898936,2.989225
20/12/2004,20-Dec-04,2.125176,2.191807,2.273899,2.365684,2.46285,2.562206,2.661431,2.758868,2.853369,2.94417
21/12/2004,21-Dec-04,2.172712,2.241607,2.324578,2.416285,2.512726,2.610941,2.708772,2.804678,2.897595,2.986814
22/12/2004,22-Dec-04,2.141435,2.237599,2.337193,2.438029,2.538444,2.6372,2.733388,2.826368,2.915706,3.001131
23/12/2004,23-Dec-04,2.125536,2.214698,2.308973,2.405868,2.503464,2.60031,2.695324,2.787719,2.876943,2.962626
24/12/2004,24-Dec-04,2.117529,2.205452,2.296637,2.3894,2.482411,2.574635,2.665275,2.753731,2.839563,2.92246
27/12/2004,27-Dec-04,2.130116,2.224398,2.322497,2.42221,2.52185,2.620147,2.716161,2.809218,2.898851,2.984759
28/12/2004,28-Dec-04,2.163453,2.228311,2.308454,2.398345,2.493814,2.591752,2.689871,2.786524,2.880551,2.971164
29/12/2004,29-Dec-04,2.14702,2.260297,2.372565,2.482686,2.589822,2.693374,2.792932,2.888238,2.979152,3.065629
30/12/2004,30-Dec-04,2.138509,2.252622,2.365556,2.476221,2.583811,2.687755,2.787661,2.883286,2.974501,3.061266
31/12/2004,31-Dec-04,2.123408,2.243356,2.360361,2.473764,2.583097,2.688053,2.788446,2.884193,2.975284,3.061771
03/01/2005,03-Jan-05,2.151024,2.239782,2.333925,2.430961,2.528965,2.626467,2.722363,2.815842,2.906323,2.993412
04/01/2005,04-Jan-05,2.115073,2.231982,2.346237,2.457144,2.56421,2.667102,2.765614,2.85964,2.949158,3.034202
05/01/2005,05-Jan-05,2.126695,2.248179,2.366122,2.479969,2.589345,2.694019,2.793871,2.888871,2.979054,3.064513
06/01/2005,06-Jan-05,2.107919,2.207488,2.310846,2.415567,2.519823,2.622265,2.721915,2.818094,2.910349,2.998407
07/01/2005,07-Jan-05,2.09272,2.187889,2.287927,2.390159,2.492566,2.593648,2.69231,2.787782,2.879543,2.967263
10/01/2005,10-Jan-05,2.081488,2.179831,2.28237,2.386555,2.490468,2.592692,2.692202,2.788282,2.880459,2.968441
11/01/2005,11-Jan-05,2.107914,2.204538,2.30509,2.407134,2.508838,2.608846,2.706178,2.800148,2.890301,2.97636
12/01/2005,12-Jan-05,2.108843,2.206971,2.308739,2.411769,2.514272,2.61493,2.712791,2.807193,2.897701,2.984051
13/01/2005,13-Jan-05,2.090332,2.174735,2.267548,2.365086,2.464579,2.563967,2.661748,2.756856,2.848556,2.936373
14/01/2005,14-Jan-05,2.097316,2.185829,2.281142,2.379951,2.47978,2.578805,2.675705,2.769557,2.859738,2.945857
17/01/2005,17-Jan-05,2.09085,2.176681,2.269714,2.366577,2.46474,2.56233,2.657992,2.75077,2.840016,2.925319
18/01/2005,18-Jan-05,2.098213,2.189711,2.286988,2.386943,2.487271,2.586282,2.682771,2.775904,2.865134,2.950131
19/01/2005,19-Jan-05,2.096583,2.182498,2.275862,2.373014,2.471245,2.568586,2.66364,2.755445,2.843372,2.927043
20/01/2005,20-Jan-05,2.103821,2.199972,2.300627,2.40295,2.504846,2.604797,2.701734,2.794933,2.883935,2.968481
21/01/2005,21-Jan-05,2.102004,2.193425,2.291543,2.392874,2.494843,2.595577,2.693746,2.788441,2.879069,2.965278
24/01/2005,24-Jan-05,2.090668,2.176315,2.270073,2.368145,2.467706,2.566692,2.663623,2.757472,2.847555,2.933447
25/01/2005,25-Jan-05,2.086456,2.168878,2.260864,2.358017,2.457107,2.555797,2.652433,2.745882,2.835405,2.920556
26/01/2005,26-Jan-05,2.090734,2.183268,2.283168,2.386463,2.490266,2.592519,2.691796,2.78715,2.877989,2.963987
27/01/2005,27-Jan-05,2.098911,2.204153,2.31249,2.421126,2.528052,2.631861,2.731608,2.826697,2.916792,3.001752
28/01/2005,28-Jan-05,2.091896,2.182772,2.280382,2.381147,2.482434,2.582345,2.679548,2.773138,2.862539,2.947417
31/01/2005,31-Jan-05,2.095832,2.188622,2.287346,2.388639,2.490032,2.589752,2.686558,2.779613,2.868393,2.9526
01/02/2005,01-Feb-05,2.083235,2.180269,2.282026,2.385454,2.488323,2.589037,2.686488,2.779941,2.868942,2.953251
02/02/2005,02-Feb-05,2.096517,2.192832,2.293456,2.395444,2.496648,2.595542,2.691072,2.782546,2.869545,2.951856
03/02/2005,03-Feb-05,2.111138,2.210693,2.314941,2.420443,2.524751,2.626177,2.723593,2.816301,2.903909,2.986255
04/02/2005,04-Feb-05,2.099126,2.193969,2.293957,2.395647,2.496575,2.595021,2.689827,2.780257,2.865887,2.946519
07/02/2005,07-Feb-05,2.100381,2.200515,2.303312,2.405985,2.506572,2.603731,2.696592,2.784637,2.867601,2.945409
08/02/2005,08-Feb-05,2.110072,2.21843,2.325164,2.428924,2.528783,2.624141,2.714643,2.800122,2.880548,2.955995
09/02/2005,09-Feb-05,2.099191,2.196484,2.295995,2.395259,2.492522,2.586574,2.676616,2.762163,2.842959,2.918918
10/02/2005,10-Feb-05,2.091237,2.181324,2.275919,2.372004,2.467396,2.560554,2.650427,2.736332,2.817864,2.894823
11/02/2005,11-Feb-05,2.091708,2.179056,2.27262,2.368922,2.465426,2.560324,2.652361,2.740701,2.824826,2.904452
14/02/2005,14-Feb-05,2.098889,2.193053,2.29164,2.39161,2.490763,2.587545,2.680895,2.770124,2.854824,2.934796
15/02/2005,15-Feb-05,2.099635,2.204289,2.30939,2.413044,2.513904,2.611044,2.703863,2.792005,2.8753,2.953714
16/02/2005,16-Feb-05,2.095752,2.201119,2.304927,2.406114,2.503927,2.597852,2.687567,2.772893,2.853767,2.930206
17/02/2005,17-Feb-05,2.1017,2.219426,2.335263,2.447784,2.556011,2.65931,2.757314,2.849851,2.936898,3.018536
18/02/2005,18-Feb-05,2.098383,2.226838,2.352296,2.473372,2.589153,2.699083,2.802874,2.900435,2.991824,3.077197
21/02/2005,21-Feb-05,2.105611,2.237322,2.365231,2.488139,2.605277,2.716202,2.82071,2.918781,3.010521,3.096127
22/02/2005,22-Feb-05,2.106764,2.231496,2.355712,2.477229,2.594548,2.706684,2.813047,2.913333,3.007451,3.095464
23/02/2005,23-Feb-05,2.105903,2.223606,2.342638,2.460409,2.5751,2.685476,2.790748,2.890457,2.984389,3.07251
24/02/2005,24-Feb-05,2.111915,2.232362,2.353552,2.473054,2.589163,2.700727,2.80702,2.907624,3.002361,3.091217
25/02/2005,25-Feb-05,2.119394,2.248903,2.377038,2.501778,2.621755,2.736093,2.844283,2.94609,3.04148,3.130557
28/02/2005,28-Feb-05,2.114147,2.240772,2.366333,2.488799,2.606781,2.71938,2.826063,2.926571,3.020844,3.108968
01/03/2005,01-Mar-05,2.112756,2.239107,2.365056,2.488387,2.607571,2.7216,2.82986,2.93203,3.028002,3.117828
02/03/2005,02-Mar-05,2.115017,2.244272,2.373727,2.500884,2.624012,2.741965,2.854036,2.959843,3.059246,3.152276
03/03/2005,03-Mar-05,2.10425,2.225457,2.349201,2.472451,2.593064,2.709568,2.821001,2.926785,3.026622,3.120423
04/03/2005,04-Mar-05,2.095362,2.202363,2.316392,2.433137,2.549511,2.663355,2.773207,2.878129,2.97757,3.07126
07/03/2005,07-Mar-05,2.087306,2.187365,2.296101,2.408788,2.522031,2.633438,2.741376,2.844777,2.942992,3.035682
08/03/2005,08-Mar-05,2.088632,2.189467,2.299884,2.414773,2.530473,2.644414,2.754847,2.86063,2.961073,3.055814
09/03/2005,09-Mar-05,2.098688,2.208083,2.325921,2.447207,2.568395,2.687025,2.80145,2.91062,3.01393,3.111091
10/03/2005,10-Mar-05,2.097612,2.204705,2.320952,2.441175,2.561689,2.679931,2.794173,2.903309,3.006689,3.103992
11/03/2005,11-Mar-05,2.095335,2.200069,2.315103,2.434955,2.555713,2.674637,2.78987,2.900205,3.004918,3.103633
14/03/2005,14-Mar-05,2.097975,2.210469,2.330557,2.453505,2.575953,2.695569,2.810793,2.920639,3.02454,3.122234
15/03/2005,15-Mar-05,2.097269,2.202966,2.316762,2.433987,2.551299,2.666355,2.777566,2.883905,2.984758,3.079818
16/03/2005,16-Mar-05,2.111296,2.236302,2.360438,2.481815,2.599118,2.711469,2.818327,2.919399,3.014585,3.103919
17/03/2005,17-Mar-05,2.116883,2.236285,2.355671,2.473028,2.586935,2.696422,2.800869,2.899916,2.993405,3.08132
18/03/2005,18-Mar-05,2.118658,2.246226,2.371919,2.494143,2.611802,2.724179,2.83085,2.931608,3.026414,3.115344
21/03/2005,21-Mar-05,2.126148,2.260037,2.390092,2.515169,2.634524,2.74772,2.85455,2.954977,3.049091,3.137073
22/03/2005,22-Mar-05,2.12977,2.261954,2.38913,2.51064,2.626093,2.7353,2.838225,2.934944,3.025619,3.110467
23/03/2005,23-Mar-05,2.141504,2.281479,2.414814,2.541145,2.660321,2.772353,2.877368,2.975581,3.067264,3.152729
24/03/2005,24-Mar-05,2.144396,2.281292,2.411277,2.534215,2.650112,2.759082,2.861318,2.957068,3.046617,3.130275
29/03/2005,29-Mar-05,2.142005,2.281639,2.413852,2.538591,2.655934,2.766054,2.869193,2.965642,3.05572,3.139768
30/03/2005,30-Mar-05,2.140951,2.275401,2.403608,2.525305,2.640395,2.748904,2.850954,2.946734,3.036482,3.120471
31/03/2005,31-Mar-05,2.112075,2.235843,2.355925,2.471562,2.582249,2.687684,2.787719,2.882324,2.971559,3.055552
01/04/2005,01-Apr-05,2.097232,2.20522,2.313304,2.420003,2.52422,2.625168,2.722305,2.815279,2.903886,2.98804
04/04/2005,04-Apr-05,2.111233,2.213028,2.318627,2.425273,2.530939,2.634167,2.733939,2.829576,2.920658,3.006962
05/04/2005,05-Apr-05,2.111949,2.21421,2.319817,2.426163,2.531331,2.633941,2.733034,2.827969,2.918356,3.003989
06/04/2005,06-Apr-05,2.107247,2.207123,2.310612,2.415184,2.518959,2.620564,2.719026,2.81368,2.904101,2.990048
07/04/2005,07-Apr-05,2.091329,2.185381,2.284703,2.38642,2.488369,2.588953,2.68702,2.781762,2.872642,2.959325
08/04/2005,08-Apr-05,2.091533,2.183651,2.281908,2.383244,2.485349,2.586508,2.68547,2.781349,2.873543,2.961669
11/04/2005,11-Apr-05,2.084486,2.175664,2.273246,2.374084,2.475803,2.576642,2.675319,2.770927,2.86285,2.950696
12/04/2005,12-Apr-05,2.085384,2.179164,2.278315,2.379934,2.481839,2.582418,2.680508,2.775291,2.866223,2.952967
13/04/2005,13-Apr-05,2.08444,2.174781,2.270636,2.369185,2.468296,2.566379,2.662276,2.755164,2.844483,2.929876
14/04/2005,14-Apr-05,2.081663,2.173798,2.271304,2.371354,2.471819,2.571114,2.668088,2.76193,2.852088,2.938217
15/04/2005,15-Apr-05,2.061872,2.142555,2.231733,2.325882,2.42232,2.519032,2.614529,2.707733,2.797886,2.884481
18/04/2005,18-Apr-05,2.050528,2.133972,2.225349,2.321241,2.419054,2.516842,2.613173,2.707014,2.797647,2.884595
19/04/2005,19-Apr-05,2.05256,2.121603,2.203574,2.293596,2.387997,2.484041,2.579722,2.673595,2.76465,2.852209
20/04/2005,20-Apr-05,2.055849,2.122402,2.202711,2.291675,2.385455,2.481189,2.576777,2.670708,2.761921,2.849702
21/04/2005,21-Apr-05,2.06374,2.124936,2.205218,2.297328,2.395947,2.497218,2.598396,2.697567,2.793441,2.885189
22/04/2005,22-Apr-05,2.048258,2.115986,2.197841,2.288481,2.383907,2.481159,2.57808,2.673132,2.765247,2.853716
25/04/2005,25-Apr-05,2.051538,2.117367,2.197371,2.28626,2.380065,2.475839,2.571433,2.665302,2.756373,2.843927
26/04/2005,26-Apr-05,2.045984,2.110159,2.188651,2.276175,2.368755,2.46344,2.55807,2.651091,2.741417,2.828318
27/04/2005,27-Apr-05,2.039547,2.100117,2.175852,2.261234,2.352121,2.445438,2.538934,2.63099,2.720475,2.806626
28/04/2005,28-Apr-05,2.032511,2.087982,2.160798,2.244787,2.335327,2.428995,2.523289,2.616414,2.707114,2.794539
29/04/2005,29-Apr-05,2.038488,2.088394,2.159998,2.245473,2.339053,2.436539,2.534911,2.632045,2.726485,2.817269
02/05/2005,02-May-05,2.034849,2.082818,2.149734,2.22956,2.317619,2.410317,2.504927,2.599404,2.692245,2.782372
03/05/2005,03-May-05,2.02452,2.06692,2.130311,2.208104,2.295204,2.387702,2.482632,2.577773,2.671493,2.76262
04/05/2005,04-May-05,2.031082,2.077106,2.143858,2.224712,2.314561,2.409495,2.506562,2.603557,2.698869,2.791348
05/05/2005,05-May-05,2.02768,2.071881,2.136775,2.215865,2.30412,2.397679,2.493606,2.589702,2.684348,2.77638
06/05/2005,06-May-05,2.031289,2.0838,2.155005,2.238822,2.330548,2.426586,2.524212,2.621396,2.716654,2.808927
09/05/2005,09-May-05,2.031318,2.087343,2.161003,2.24644,2.339137,2.43564,2.533343,2.630307,2.725122,2.816788
10/05/2005,10-May-05,2.024212,2.066329,2.12908,2.205965,2.29196,2.383212,2.476801,2.570543,2.662832,2.752518
11/05/2005,11-May-05,2.02753,2.067631,2.128107,2.202601,2.286188,2.375087,2.466422,2.558038,2.648345,2.7362
12/05/2005,12-May-05,2.031919,2.076195,2.139181,2.214977,2.299005,2.387742,2.478509,2.569296,2.658618,2.745409
13/05/2005,13-May-05,2.032186,2.077361,2.139229,2.212616,2.293479,2.37868,2.46581,2.553044,2.63902,2.722748
16/05/2005,16-May-05,2.03702,2.08203,2.144302,2.218426,2.300187,2.386329,2.474362,2.56241,2.649081,2.733366
17/05/2005,17-May-05,2.03488,2.080557,2.143511,2.218323,2.300772,2.387596,2.476303,2.565011,2.652326,2.737237
18/05/2005,18-May-05,2.030804,2.075582,2.137243,2.210477,2.291152,2.376074,2.462802,2.549497,2.634795,2.71771
19/05/2005,19-May-05,2.034225,2.081787,2.145698,2.220725,2.302798,2.388781,2.476284,2.563513,2.649142,2.732218
20/05/2005,20-May-05,2.042359,2.103109,2.176432,2.258006,2.344468,2.433233,2.522334,2.6103,2.696054,2.778832
23/05/2005,23-May-05,2.044955,2.101638,2.171346,2.249723,2.333373,2.419675,2.506629,2.592731,2.676873,2.758261
24/05/2005,24-May-05,2.033248,2.07527,2.134605,2.205873,2.284878,2.368376,2.453885,2.539531,2.623922,2.706048
25/05/2005,25-May-05,2.026436,2.05923,2.112584,2.180299,2.257543,2.340588,2.426577,2.513354,2.599312,2.683282
26/05/2005,26-May-05,2.032011,2.067867,2.124531,2.195616,2.276166,2.362364,2.451306,2.540803,2.629238,2.715439
27/05/2005,27-May-05,2.030889,2.061096,2.113946,2.182676,2.262025,2.347929,2.437282,2.527735,2.617538,2.705417
30/05/2005,30-May-05,2.030535,2.060401,2.112956,2.181445,2.260611,2.346389,2.435672,2.526106,2.615937,2.703884
31/05/2005,31-May-05,2.014054,2.046557,2.099543,2.16692,2.243931,2.326885,2.412949,2.49997,2.586339,2.670875
01/06/2005,01-Jun-05,1.985904,2.000604,2.043205,2.105484,2.18109,2.265147,2.353951,2.444714,2.535374,2.624428
02/06/2005,02-Jun-05,2.014352,2.004942,2.040019,2.103177,2.183067,2.271921,2.364497,2.457321,2.548158,2.635626
03/06/2005,03-Jun-05,2.017337,1.996056,2.021692,2.077196,2.150769,2.234325,2.322391,2.41133,2.498786,2.583288
06/06/2005,06-Jun-05,2.017863,1.998075,2.025784,2.084079,2.161076,2.248501,2.340675,2.433767,2.525258,2.613554
07/06/2005,07-Jun-05,2.014479,1.979179,1.997307,2.049682,2.122957,2.207939,2.298377,2.390096,2.480382,2.567534
08/06/2005,08-Jun-05,2.005583,1.957233,1.968372,2.017407,2.089454,2.17435,2.265256,2.357647,2.448612,2.536351
09/06/2005,09-Jun-05,2.012474,1.98185,1.998106,2.046202,2.115053,2.196562,2.284884,2.375856,2.466576,2.555074
10/06/2005,10-Jun-05,2.011135,1.994994,2.019279,2.071095,2.140869,2.221557,2.308038,2.396642,2.484787,2.570711
13/06/2005,13-Jun-05,2.003903,1.986623,2.011305,2.064555,2.136441,2.21966,2.308905,2.400374,2.491398,2.580149
14/06/2005,14-Jun-05,2.001537,1.988667,2.015955,2.070629,2.143188,2.226626,2.315837,2.407154,2.497991,2.586574
15/06/2005,15-Jun-05,2.009788,2.019053,2.061456,2.126365,2.205816,2.293898,2.386274,2.479809,2.572286,2.662174
16/06/2005,16-Jun-05,2.012162,2.033594,2.08607,2.159164,2.245131,2.338278,2.434477,2.530785,2.625155,2.71621
17/06/2005,17-Jun-05,2.011926,2.027972,2.076758,2.147284,2.231409,2.323167,2.418246,2.513583,2.607054,2.697238
20/06/2005,20-Jun-05,2.001633,2.006044,2.049502,2.118825,2.204342,2.299027,2.397849,2.497264,2.594842,2.688967
21/06/2005,21-Jun-05,1.97716,1.955735,1.982249,2.040734,2.119548,2.210288,2.306964,2.405376,2.502646,2.596863
22/06/2005,22-Jun-05,1.970317,1.934147,1.950338,2.001475,2.074926,2.161612,2.255091,2.350863,2.445854,2.538029
23/06/2005,23-Jun-05,1.971285,1.941655,1.960962,2.013125,2.086405,2.172307,2.264759,2.359487,2.453549,2.544975
24/06/2005,24-Jun-05,1.975795,1.945586,1.963376,2.013499,2.084489,2.168036,2.25818,2.35072,2.442748,2.532312
27/06/2005,27-Jun-05,1.975809,1.939226,1.952827,2.000246,2.069534,2.15204,2.241577,2.333784,2.425651,2.515156
28/06/2005,28-Jun-05,1.985755,1.954909,1.972303,2.022299,2.093431,2.177368,2.268126,2.361467,2.454452,2.545097
29/06/2005,29-Jun-05,1.984068,1.944769,1.956232,2.002141,2.070531,2.152704,2.242405,2.335202,2.428009,2.518737
30/06/2005,30-Jun-05,1.989968,1.9489,1.960981,2.008741,2.079483,2.164064,2.255972,2.350643,2.444939,2.536771
01/07/2005,01-Jul-05,1.993616,1.961546,1.977697,2.026369,2.096078,2.178499,2.267667,2.35937,2.450695,2.539682
04/07/2005,04-Jul-05,2.012481,2.000577,2.027909,2.081874,2.153135,2.234843,2.322025,2.411126,2.499653,2.585905
05/07/2005,05-Jul-05,2.020501,2.034248,2.077404,2.14043,2.21619,2.299398,2.386181,2.47375,2.560132,2.643977
06/07/2005,06-Jul-05,2.019668,2.0356,2.080296,2.144365,2.220786,2.304364,2.391297,2.47885,2.565095,2.648715
07/07/2005,07-Jul-05,2.00262,2.003367,2.038203,2.096273,2.169469,2.251789,2.338838,2.427445,2.515365,2.60105
08/07/2005,08-Jul-05,2.015935,2.016684,2.050577,2.107065,2.178269,2.258351,2.343035,2.429237,2.514769,2.598124
11/07/2005,11-Jul-05,2.031987,2.043685,2.082806,2.140925,2.211637,2.29011,2.37274,2.456867,2.540565,2.622469
12/07/2005,12-Jul-05,2.032921,2.052346,2.095957,2.156349,2.227854,2.306176,2.388085,2.471187,2.553735,2.634484
13/07/2005,13-Jul-05,2.036103,2.061917,2.109813,2.173002,2.246272,2.325658,2.40817,2.491586,2.57428,2.655088
14/07/2005,14-Jul-05,2.038594,2.070082,2.122749,2.189968,2.266657,2.348954,2.433959,2.519517,2.604059,2.686469
15/07/2005,15-Jul-05,2.048365,2.079674,2.132302,2.19953,2.27622,2.358475,2.443373,2.528753,2.613044,2.695135
18/07/2005,18-Jul-05,2.045676,2.070629,2.118168,2.181308,2.254701,2.334284,2.417006,2.500603,2.583424,2.664293
19/07/2005,19-Jul-05,2.045828,2.0759,2.127545,2.193966,2.269967,2.351612,2.435951,2.520802,2.604584,2.686176
20/07/2005,20-Jul-05,2.04754,2.079007,2.133387,2.203173,2.28269,2.367696,2.455053,2.542478,2.628347,2.711534
21/07/2005,21-Jul-05,2.049519,2.069546,2.115534,2.179333,2.254757,2.337149,2.423044,2.509897,2.595872,2.679679
22/07/2005,22-Jul-05,2.043208,2.057061,2.098121,2.157962,2.230184,2.309966,2.393716,2.478788,2.563271,2.645816
25/07/2005,25-Jul-05,2.045558,2.059416,2.099935,2.158898,2.23005,2.308674,2.391246,2.475167,2.558556,2.64008
26/07/2005,26-Jul-05,2.056926,2.076829,2.12111,2.182209,2.25436,2.333203,2.415477,2.498772,2.581341,2.661947
27/07/2005,27-Jul-05,2.058896,2.075318,2.116597,2.175122,2.245076,2.322054,2.402752,2.484721,2.566181,2.645861
28/07/2005,28-Jul-05,2.062362,2.084901,2.129858,2.190342,2.26107,2.338028,2.418193,2.499322,2.579776,2.658386
29/07/2005,29-Jul-05,2.0663,2.089887,2.13549,2.19633,2.267208,2.34417,2.424242,2.505213,2.585468,2.663855
01/08/2005,01-Aug-05,2.075408,2.116976,2.174534,2.242964,2.318314,2.397565,2.478433,2.559217,2.63867,2.715904
02/08/2005,02-Aug-05,2.064129,2.10895,2.168994,2.239311,2.316085,2.3964,2.478055,2.55941,2.639271,2.716786
03/08/2005,03-Aug-05,2.075014,2.120848,2.183756,2.257986,2.339154,2.423957,2.509932,2.595278,2.678705,2.759316
04/08/2005,04-Aug-05,2.077035,2.122855,2.185306,2.258797,2.339062,2.422877,2.507839,2.592185,2.674651,2.754356
05/08/2005,05-Aug-05,2.083297,2.140746,2.21199,2.292084,2.377264,2.4647,2.552291,2.638511,2.722278,2.802851
08/08/2005,08-Aug-05,2.082109,2.142367,2.215589,2.297012,2.383018,2.470891,2.558624,2.64476,2.728274,2.808472
09/08/2005,09-Aug-05,2.085531,2.145695,2.218238,2.298596,2.383296,2.469731,2.555969,2.64061,2.722665,2.801464
10/08/2005,10-Aug-05,2.086862,2.143487,2.213069,2.290948,2.373571,2.458264,2.543039,2.62645,2.707469,2.785394
11/08/2005,11-Aug-05,2.081637,2.136761,2.205674,2.283473,2.366422,2.451708,2.537243,2.621506,2.703415,2.782232
12/08/2005,12-Aug-05,2.073112,2.116683,2.177188,2.249012,2.327862,2.410485,2.494449,2.577964,2.659737,2.738867
15/08/2005,15-Aug-05,2.072508,2.102899,2.154779,2.221246,2.297044,2.378207,2.461779,2.545587,2.628067,2.708122
16/08/2005,16-Aug-05,2.070048,2.091414,2.136947,2.199073,2.272024,2.351443,2.434077,2.517527,2.600062,2.680457
17/08/2005,17-Aug-05,2.067224,2.085519,2.128193,2.187719,2.258349,2.33573,2.416598,2.49854,2.579799,2.659129
18/08/2005,18-Aug-05,2.061999,2.077521,2.118007,2.175805,2.245067,2.321361,2.401362,2.482608,2.563308,2.642183
19/08/2005,19-Aug-05,2.063089,2.081164,2.12288,2.180988,2.249937,2.325514,2.404552,2.4847,2.564245,2.641965
22/08/2005,22-Aug-05,2.063406,2.086417,2.131368,2.191508,2.261656,2.337868,2.417172,2.497359,2.576812,2.654377
23/08/2005,23-Aug-05,2.065793,2.093039,2.138987,2.197972,2.265606,2.338518,2.41414,2.490543,2.566299,2.640375
24/08/2005,24-Aug-05,2.068646,2.094183,2.138605,2.196216,2.262607,2.334386,2.40897,2.484417,2.559291,2.632548
25/08/2005,25-Aug-05,2.06401,2.085725,2.127053,2.182178,2.246583,2.316791,2.390147,2.464649,2.538807,2.611539
26/08/2005,26-Aug-05,2.069798,2.09595,2.139672,2.195745,2.260102,2.329597,2.401824,2.474956,2.547635,2.618864
29/08/2005,29-Aug-05,2.070873,2.100275,2.145997,2.203163,2.267966,2.337459,2.409379,2.482012,2.554077,2.624638
30/08/2005,30-Aug-05,2.072916,2.111076,2.162673,2.223581,2.290568,2.361129,2.433335,2.505723,2.577199,2.646965
31/08/2005,31-Aug-05,2.064268,2.089021,2.129833,2.182164,2.24243,2.307821,2.376152,2.445739,2.515301,2.583883
01/09/2005,01-Sept-05,2.033329,2.050722,2.087626,2.138469,2.198894,2.265513,2.335717,2.407515,2.479409,2.55029
02/09/2005,02-Sept-05,2.022302,2.032805,2.064955,2.112663,2.171165,2.236763,2.306604,2.378513,2.450851,2.522403
05/09/2005,05-Sept-05,2.020199,2.027648,2.057747,2.104123,2.161803,2.226928,2.296531,2.368351,2.440688,2.512282
06/09/2005,06-Sept-05,2.027597,2.043339,2.079246,2.129562,2.189784,2.256418,2.326776,2.398808,2.470975,2.542138
07/09/2005,07-Sept-05,2.03117,2.047933,2.084741,2.135837,2.196723,2.263914,2.334729,2.407128,2.479581,2.550959
08/09/2005,08-Sept-05,2.034408,2.047489,2.081154,2.129591,2.188249,2.253593,2.322893,2.394066,2.465544,2.536161
09/09/2005,09-Sept-05,2.040054,2.057058,2.091993,2.139887,2.196815,2.259701,2.326151,2.39432,2.462804,2.53055
12/09/2005,12-Sept-05,2.047653,2.078906,2.124501,2.180301,2.243037,2.310141,2.379616,2.449922,2.51989,2.588647
13/09/2005,13-Sept-05,2.049053,2.081566,2.127166,2.182172,2.243651,2.30928,2.377232,2.446088,2.514755,2.582407
14/09/2005,14-Sept-05,2.052023,2.085499,2.130987,2.185114,2.245184,2.309055,2.375042,2.441826,2.508392,2.573969
15/09/2005,15-Sept-05,2.056348,2.099487,2.151919,2.210891,2.274201,2.340097,2.407199,2.474432,2.540968,2.60618
16/09/2005,16-Sept-05,2.059358,2.106709,2.16258,2.224352,2.289934,2.357667,2.426248,2.494664,2.56214,2.628094
19/09/2005,19-Sept-05,2.056014,2.10117,2.155279,2.215643,2.280106,2.346956,2.414847,2.482729,2.549797,2.615443
20/09/2005,20-Sept-05,2.050273,2.089589,2.138797,2.195044,2.25604,2.319966,2.385382,2.451164,2.516443,2.58056
21/09/2005,21-Sept-05,2.048423,2.082135,2.126688,2.179031,2.236718,2.297803,2.36075,2.424354,2.487685,2.550037
22/09/2005,22-Sept-05,2.047046,2.078562,2.121728,2.173301,2.230684,2.29181,2.355047,2.419117,2.483034,2.546045
23/09/2005,23-Sept-05,2.058347,2.104821,2.1581,2.216077,2.277059,2.339696,2.402917,2.465887,2.527959,2.588645
26/09/2005,26-Sept-05,2.073639,2.130831,2.192585,2.257231,2.323434,2.390133,2.456495,2.521877,2.585787,2.647862
27/09/2005,27-Sept-05,2.072369,2.130421,2.1924,2.256826,2.322512,2.38851,2.454076,2.518629,2.581726,2.643038
28/09/2005,28-Sept-05,2.080154,2.149192,2.219422,2.289867,2.359757,2.428496,2.495626,2.560806,2.623792,2.684416
29/09/2005,29-Sept-05,2.095399,2.175218,2.252729,2.327695,2.399953,2.469399,2.535979,2.599678,2.660513,2.718525
30/09/2005,30-Sept-05,2.096258,2.176708,2.254515,2.329513,2.401598,2.470716,2.536853,2.600026,2.660278,2.717672
03/10/2005,03-Oct-05,2.101224,2.194595,2.283179,2.367113,2.446554,2.521676,2.592658,2.65969,2.722959,2.782656
04/10/2005,04-Oct-05,2.099798,2.184188,2.265394,2.343311,2.417892,2.489129,2.557053,2.621721,2.68321,2.741615
05/10/2005,05-Oct-05,2.100244,2.185951,2.268044,2.346501,2.421343,2.49262,2.560412,2.624813,2.685936,2.7439
06/10/2005,06-Oct-05,2.10206,2.19009,2.273744,2.353191,2.428604,2.500159,2.568028,2.632386,2.693402,2.751241
07/10/2005,07-Oct-05,2.137502,2.226264,2.309901,2.388749,2.463118,2.533294,2.599544,2.662115,2.721238,2.777126
10/10/2005,10-Oct-05,2.130739,2.220812,2.304519,2.382524,2.455402,2.523651,2.587708,2.647951,2.704712,2.758285
11/10/2005,11-Oct-05,2.127015,2.263283,2.354573,2.423052,2.481049,2.535029,2.588054,2.641283,2.694871,2.748499
12/10/2005,12-Oct-05,2.122497,2.262268,2.357213,2.429237,2.490533,2.547509,2.60321,2.658805,2.714469,2.769911
13/10/2005,13-Oct-05,2.126978,2.262487,2.360868,2.439567,2.508427,2.572697,2.634923,2.696122,2.756491,2.815834
14/10/2005,14-Oct-05,2.13155,2.259869,2.354819,2.432277,2.501121,2.566008,2.629135,2.691311,2.752622,2.812812
17/10/2005,17-Oct-05,2.157793,2.299884,2.397019,2.471889,2.53675,2.597783,2.657744,2.717542,2.77716,2.836178
18/10/2005,18-Oct-05,2.160735,2.300715,2.396397,2.470356,2.534726,2.595583,2.655595,2.715603,2.775537,2.834938
19/10/2005,19-Oct-05,2.138769,2.265735,2.356678,2.429873,2.495194,2.557591,2.61921,2.680683,2.741882,2.80236
20/10/2005,20-Oct-05,2.166777,2.309747,2.409188,2.485791,2.551235,2.611771,2.670455,2.728533,2.786276,2.843481
21/10/2005,21-Oct-05,2.138853,2.284519,2.38325,2.457403,2.519615,2.576674,2.631925,2.68676,2.741514,2.796001
24/10/2005,24-Oct-05,2.137864,2.284389,2.37998,2.450376,2.509596,2.564816,2.619318,2.674259,2.72971,2.785248
25/10/2005,25-Oct-05,2.156889,2.313365,2.415271,2.489931,2.552217,2.609752,2.666053,2.722403,2.778945,2.835306
26/10/2005,26-Oct-05,2.203803,2.378102,2.489828,2.570527,2.637074,2.69798,2.757114,2.815875,2.874432,2.932416
27/10/2005,27-Oct-05,2.21744,2.386976,2.492942,2.568828,2.632045,2.691031,2.749365,2.808128,2.867209,2.926022
28/10/2005,28-Oct-05,2.241097,2.408535,2.514515,2.590841,2.654253,2.712997,2.77067,2.828442,2.886308,2.943773
31/10/2005,31-Oct-05,2.236935,2.406292,2.513427,2.590395,2.654115,2.712961,2.77062,2.828318,2.886089,2.943459
01/11/2005,01-Nov-05,2.245494,2.423503,2.536643,2.617315,2.682918,2.742287,2.799498,2.856087,2.912318,2.96789
02/11/2005,02-Nov-05,2.274771,2.462403,2.580492,2.664784,2.733842,2.79672,2.857371,2.917135,2.976117,3.033919
03/11/2005,03-Nov-05,2.265421,2.455343,2.573078,2.656624,2.725327,2.788384,2.849647,2.910296,2.970288,3.029115
04/11/2005,04-Nov-05,2.258936,2.443216,2.558845,2.642461,2.712478,2.777478,2.840922,2.903753,2.965794,3.026473
07/11/2005,07-Nov-05,2.29626,2.492611,2.615066,2.701673,2.772047,2.835698,2.896761,2.956648,3.015497,3.072936
08/11/2005,08-Nov-05,2.308832,2.497862,2.613175,2.694342,2.761121,2.82267,2.88267,2.942137,3.000909,3.058412
09/11/2005,09-Nov-05,2.332618,2.527222,2.646683,2.73048,2.798617,2.860572,2.920321,2.979115,3.036963,3.093413
10/11/2005,10-Nov-05,2.328218,2.52634,2.646251,2.730738,2.800609,2.865202,2.928092,2.990146,3.051098,3.110323
11/11/2005,11-Nov-05,2.327371,2.519973,2.635953,2.717698,2.785686,2.848998,2.911026,2.972505,3.033074,3.092048
14/11/2005,14-Nov-05,2.343832,2.526286,2.633059,2.708203,2.77216,2.833435,2.894784,2.95642,3.017602,3.077393
15/11/2005,15-Nov-05,2.351046,2.536991,2.646895,2.724931,2.791553,2.855255,2.918787,2.982363,3.045257,3.106551
16/11/2005,16-Nov-05,2.332935,2.497923,2.594197,2.661796,2.719704,2.776,2.833358,2.891981,2.951096,3.009688
17/11/2005,17-Nov-05,2.350321,2.522706,2.624829,2.69615,2.755887,2.812583,2.86937,2.926819,2.984427,3.041368
18/11/2005,18-Nov-05,2.430631,2.621305,2.73326,2.808596,2.868523,2.923004,2.976155,3.029201,3.082069,3.134204
21/11/2005,21-Nov-05,2.440327,2.626439,2.735109,2.808348,2.867108,2.921086,2.974171,3.027421,3.080643,3.133201
22/11/2005,22-Nov-05,2.434693,2.604563,2.705985,2.776326,2.834226,2.888261,2.941789,2.995631,3.049489,3.102686
23/11/2005,23-Nov-05,2.434786,2.590203,2.683145,2.748501,2.8035,2.855902,2.908589,2.962092,3.015936,3.069331
24/11/2005,24-Nov-05,2.414501,2.549733,2.634085,2.694149,2.744113,2.791035,2.837989,2.885933,2.934776,2.983983
25/11/2005,25-Nov-05,2.425372,2.562433,2.643762,2.701158,2.750351,2.798379,2.847762,2.898829,2.95097,3.003283
28/11/2005,28-Nov-05,2.440725,2.58798,2.6757,2.735958,2.785331,2.831757,2.878513,2.926488,2.975452,3.024744
29/11/2005,29-Nov-05,2.438205,2.585356,2.673485,2.734291,2.784183,2.831036,2.878113,2.926313,2.975422,3.024796
30/11/2005,30-Nov-05,2.453425,2.610057,2.702166,2.764775,2.815726,2.863432,2.911297,2.960214,3.009921,3.059734
01/12/2005,01-Dec-05,2.42213,2.548488,2.627294,2.68473,2.734212,2.782018,2.830579,2.880378,2.931007,2.98174
02/12/2005,02-Dec-05,2.413782,2.543992,2.627544,2.689671,2.743375,2.794794,2.846359,2.898608,2.951215,3.003533
05/12/2005,05-Dec-05,2.417582,2.556221,2.638652,2.69711,2.747426,2.796607,2.847109,2.899203,2.952237,3.005291
06/12/2005,06-Dec-05,2.411043,2.548241,2.632961,2.692836,2.742505,2.789181,2.835965,2.88379,2.93253,2.981618
07/12/2005,07-Dec-05,2.417261,2.551204,2.635322,2.695488,2.745527,2.79233,2.838915,2.886238,2.934237,2.982416
08/12/2005,08-Dec-05,2.423159,2.56216,2.647567,2.7074,2.756552,2.802404,2.848172,2.894863,2.942406,2.990273
09/12/2005,09-Dec-05,2.444509,2.602198,2.697679,2.762674,2.814187,2.860804,2.906423,2.952446,2.999024,3.04576
12/12/2005,12-Dec-05,2.442901,2.60676,2.70473,2.770115,2.820873,2.866157,2.910201,2.954597,2.999602,3.044874
13/12/2005,13-Dec-05,2.445887,2.615446,2.715745,2.781041,2.830121,2.87279,2.913758,2.954942,2.996812,3.039149
14/12/2005,14-Dec-05,2.453695,2.615577,2.712358,2.775203,2.821729,2.861463,2.899207,2.937082,2.975755,3.015158
15/12/2005,15-Dec-05,2.464163,2.623571,2.719778,2.782732,2.829469,2.869279,2.906897,2.944453,2.982653,3.021474
16/12/2005,16-Dec-05,2.468717,2.621785,2.714244,2.774694,2.819482,2.857564,2.89353,2.92946,2.966056,3.003307
19/12/2005,19-Dec-05,2.474041,2.634864,2.727742,2.786246,2.828908,2.865469,2.900653,2.936408,2.973228,3.010908
20/12/2005,20-Dec-05,2.476452,2.640685,2.738093,2.80072,2.846547,2.885228,2.9216,2.957796,2.994494,3.031651
21/12/2005,21-Dec-05,2.488279,2.662266,2.767665,2.835939,2.885201,2.925513,2.962171,2.99772,3.033175,3.068746
22/12/2005,22-Dec-05,2.489928,2.669208,2.7774,2.846783,2.89605,2.935669,2.971218,3.005434,3.039459,3.073584
23/12/2005,23-Dec-05,2.490144,2.668922,2.776208,2.845392,2.895314,2.936217,2.97336,3.009195,3.044655,3.0799
27/12/2005,27-Dec-05,2.486192,2.665472,2.774115,2.842876,2.890163,2.926689,2.958439,2.988551,3.018492,3.048789
28/12/2005,28-Dec-05,2.476659,2.651444,2.755748,2.82048,2.864134,2.897463,2.92646,2.954248,2.982266,3.011001
29/12/2005,29-Dec-05,2.480023,2.665891,2.772765,2.837143,2.880031,2.913111,2.942554,2.971345,3.000692,3.030863
30/12/2005,30-Dec-05,2.475747,2.649187,2.748681,2.805442,2.838901,2.860879,2.878323,2.895112,2.913215,2.933457
02/01/2006,02-Jan-06,2.490314,2.686655,2.795963,2.859683,2.901301,2.933648,2.96333,2.993411,3.025011,3.058238
03/01/2006,03-Jan-06,2.492464,2.686031,2.791613,2.852531,2.892742,2.924937,2.955386,2.986798,3.019995,3.054867
04/01/2006,04-Jan-06,2.470502,2.625856,2.711506,2.763766,2.801944,2.835698,2.869369,2.904479,2.941155,2.978919
05/01/2006,05-Jan-06,2.463096,2.605608,2.686056,2.73646,2.774056,2.807574,2.840991,2.87573,2.911929,2.949153
06/01/2006,06-Jan-06,2.459817,2.604173,2.687395,2.740244,2.779533,2.813964,2.847636,2.882141,2.91777,2.954218
09/01/2006,09-Jan-06,2.46169,2.607004,2.691566,2.744951,2.783701,2.816639,2.848121,2.879997,2.912785,2.946347
10/01/2006,10-Jan-06,2.477484,2.633595,2.725513,2.783137,2.823658,2.856582,2.886865,2.916831,2.947349,2.978524
11/01/2006,11-Jan-06,2.497806,2.66173,2.757894,2.817474,2.858498,2.891025,2.920366,2.949082,2.978192,3.007897
12/01/2006,12-Jan-06,2.485276,2.63589,2.725942,2.783194,2.823784,2.85675,2.886881,2.91648,2.946453,2.976961
13/01/2006,13-Jan-06,2.480307,2.634963,2.726384,2.78354,2.8233,2.855139,2.884093,2.912602,2.941634,2.971375
16/01/2006,16-Jan-06,2.484688,2.635458,2.725462,2.782542,2.82292,2.855703,2.885724,2.915315,2.945392,2.976116
17/01/2006,17-Jan-06,2.478614,2.623589,2.711219,2.767719,2.808399,2.841873,2.872718,2.90314,2.934,2.965441
18/01/2006,18-Jan-06,2.49159,2.644444,2.740144,2.803141,2.848222,2.884082,2.915627,2.94546,2.974817,3.004157
19/01/2006,19-Jan-06,2.509049,2.672878,2.776564,2.845482,2.895045,2.934372,2.968662,3.000717,3.031914,3.062808
20/01/2006,20-Jan-06,2.510792,2.676431,2.780665,2.849497,2.898698,2.937585,2.971457,3.003163,3.034094,3.064805
23/01/2006,23-Jan-06,2.512978,2.680563,2.788794,2.862224,2.915881,2.958741,2.995986,3.030467,3.063628,3.096102
24/01/2006,24-Jan-06,2.506826,2.677162,2.786314,2.859874,2.913398,2.95611,2.99329,3.027805,3.061088,3.093745
25/01/2006,25-Jan-06,2.514041,2.689951,2.802524,2.878347,2.933517,2.977538,3.015828,3.05132,3.085475,3.118908
26/01/2006,26-Jan-06,2.512443,2.683497,2.795728,2.873478,2.931613,2.978983,3.020683,3.059497,3.096831,3.13329
27/01/2006,27-Jan-06,2.521024,2.696659,2.813352,2.89483,2.955775,3.005069,3.047933,3.087307,3.124745,3.160981
30/01/2006,30-Jan-06,2.537253,2.722725,2.845198,2.929428,2.990963,3.039384,3.080441,3.117471,3.152311,3.18589
31/01/2006,31-Jan-06,2.540955,2.726226,2.84872,2.933042,2.994659,3.043113,3.084144,3.121089,3.15579,3.189189
01/02/2006,01-Feb-06,2.542112,2.727644,2.851256,2.937224,3.00074,3.051136,3.094004,3.132583,3.168666,3.203168
02/02/2006,02-Feb-06,2.54665,2.743642,2.873877,2.9644,3.03166,3.085464,3.13151,3.172997,3.211631,3.24826
03/02/2006,03-Feb-06,2.544648,2.736376,2.862575,2.950005,3.014918,3.066979,3.111776,3.152418,3.190538,3.226922
06/02/2006,06-Feb-06,2.541103,2.726477,2.845982,2.927057,2.986303,3.033531,3.074352,3.111831,3.147522,3.182116
07/02/2006,07-Feb-06,2.541709,2.717239,2.832829,2.913207,2.973405,3.022349,3.065167,3.104674,3.142304,3.178698
08/02/2006,08-Feb-06,2.546016,2.722945,2.838548,2.919301,2.980754,3.031783,3.077257,3.119693,3.16027,3.19944
09/02/2006,09-Feb-06,2.552529,2.726241,2.84082,2.921602,2.983505,3.035065,3.080987,3.12372,3.164429,3.203576
10/02/2006,10-Feb-06,2.547563,2.706408,2.812709,2.888118,2.945796,2.993547,3.03584,3.075113,3.112596,3.148828
13/02/2006,13-Feb-06,2.552256,2.718847,2.831916,2.912942,2.975121,3.026388,3.071375,3.112681,3.151678,3.189024
14/02/2006,14-Feb-06,2.552972,2.720098,2.834148,2.916339,2.97973,3.032187,3.078308,3.120682,3.160679,3.198962
15/02/2006,15-Feb-06,2.553206,2.712171,2.816623,2.892664,2.954309,3.008731,3.059333,3.107533,3.153765,3.198024
16/02/2006,16-Feb-06,2.556878,2.71996,2.835134,2.920027,2.986,3.04026,3.087287,3.129793,3.16936,3.206868
17/02/2006,17-Feb-06,2.549575,2.70469,2.814135,2.894816,2.957639,3.009514,3.054727,3.095857,3.134397,3.171159
20/02/2006,20-Feb-06,2.549836,2.69251,2.793856,2.86923,2.928535,2.978047,3.021645,3.061653,3.099399,3.135594
21/02/2006,21-Feb-06,2.566935,2.718792,2.82472,2.901885,2.961349,3.010111,3.052499,3.091108,3.127422,3.162239
22/02/2006,22-Feb-06,2.5733,2.728573,2.834314,2.909215,2.965319,3.010247,3.048707,3.083518,3.116288,3.147872
23/02/2006,23-Feb-06,2.591577,2.761464,2.875375,2.954356,3.011999,3.05693,3.094506,3.127958,3.159153,3.189104
24/02/2006,24-Feb-06,2.596041,2.768486,2.885054,2.966545,3.026427,3.073285,3.112475,3.147249,3.179508,3.2103
27/02/2006,27-Feb-06,2.607073,2.787985,2.909696,2.994081,3.055354,3.102608,3.141553,3.17568,3.207054,3.236831
28/02/2006,28-Feb-06,2.610132,2.797906,2.921356,3.00479,3.063859,3.108477,3.144797,3.176531,3.205831,3.23387
01/03/2006,01-Mar-06,2.623359,2.813906,2.938722,3.022442,3.081016,3.124614,3.159593,3.189818,3.217557,3.244062
02/03/2006,02-Mar-06,2.643132,2.838454,2.96728,3.055105,3.118075,3.166255,3.205791,3.240338,3.271991,3.301886
03/03/2006,03-Mar-06,2.657522,2.861362,2.997306,3.090643,3.157589,3.208404,3.249469,3.284671,3.316312,3.345704
06/03/2006,06-Mar-06,2.659416,2.863044,2.997945,3.089988,3.155687,3.205438,3.24567,3.280266,3.311502,3.340659
07/03/2006,07-Mar-06,2.659543,2.86512,3.001414,3.094585,3.161278,3.211939,3.253005,3.288353,3.320254,3.349978
08/03/2006,08-Mar-06,2.664204,2.875696,3.01465,3.108982,3.176298,3.227533,3.269345,3.305686,3.33882,3.369982
09/03/2006,09-Mar-06,2.664433,2.874327,3.012328,3.106323,3.173828,3.225674,3.268416,3.305914,3.340356,3.372917
10/03/2006,10-Mar-06,2.671293,2.886027,3.027922,3.125158,3.195444,3.249733,3.294659,3.334138,3.370394,3.404625
13/03/2006,13-Mar-06,2.676971,2.898321,3.043204,3.141339,3.211364,3.26479,3.308579,3.346831,3.381873,3.414955
14/03/2006,14-Mar-06,2.668403,2.88284,3.02175,3.11487,3.180786,3.23092,3.272133,3.308424,3.342021,3.374086
15/03/2006,15-Mar-06,2.675065,2.89913,3.044645,3.141755,3.209576,3.260047,3.300485,3.335256,3.366878,3.396726
16/03/2006,16-Mar-06,2.685682,2.91284,3.060364,3.158638,3.226981,3.277498,3.317636,3.351865,3.382783,3.411822
17/03/2006,17-Mar-06,2.700705,2.940578,3.093235,3.192911,3.260998,3.310656,3.349825,3.383169,3.413328,3.441719
20/03/2006,20-Mar-06,2.710505,2.930366,3.071236,3.164199,3.228672,3.276585,3.315112,3.348448,3.378947,3.407852
21/03/2006,21-Mar-06,2.719861,2.943259,3.085,3.177811,3.24191,3.289571,3.328081,3.361629,3.39252,3.421936
22/03/2006,22-Mar-06,2.718128,2.934234,3.069919,3.157766,3.217835,3.262247,3.298149,3.329611,3.358838,3.38693
23/03/2006,23-Mar-06,2.720718,2.93306,3.066673,3.153765,3.214037,3.259307,3.296478,3.32944,3.360265,3.389964
24/03/2006,24-Mar-06,2.722111,2.935456,3.069499,3.156855,3.217397,3.262999,3.300563,3.333958,3.36523,3.395366
27/03/2006,27-Mar-06,2.722477,2.925595,3.052094,3.134114,3.191058,3.234381,3.270641,3.303429,3.334583,3.364931
28/03/2006,28-Mar-06,2.765696,2.992734,3.133091,3.223274,3.285111,3.331391,3.369398,3.403123,3.434626,3.46487
29/03/2006,29-Mar-06,2.785303,3.016759,3.158764,3.249505,3.311606,3.358181,3.396613,3.430889,3.46303,3.49395
30/03/2006,30-Mar-06,2.795908,3.034812,3.181127,3.274429,3.33811,3.385707,3.424832,3.459595,3.492083,3.523249
31/03/2006,31-Mar-06,2.799192,3.037054,3.182144,3.274487,3.337599,3.384993,3.424201,3.459249,3.492146,3.523786
03/04/2006,03-Apr-06,2.815286,3.072521,3.22339,3.317324,3.381613,3.430912,3.47279,3.510931,3.546965,3.581485
04/04/2006,04-Apr-06,2.813216,3.062931,3.209284,3.300594,3.363499,3.412256,3.454178,3.492778,3.529565,3.56504
05/04/2006,05-Apr-06,2.816265,3.057402,3.199188,3.287936,3.349404,3.397484,3.439335,3.478396,3.516114,3.552929
06/04/2006,06-Apr-06,2.726306,2.977746,3.134918,3.238048,3.310939,3.367374,3.415105,3.458313,3.499106,3.538435
07/04/2006,07-Apr-06,2.723512,2.966588,3.126189,3.236033,3.31669,3.380488,3.434644,3.483248,3.528516,3.571567
10/04/2006,10-Apr-06,2.729193,2.979856,3.144247,3.256455,3.337564,3.400414,3.452665,3.498763,3.541197,3.58128
11/04/2006,11-Apr-06,2.736511,2.981124,3.141447,3.250563,3.329042,3.389481,3.43944,3.483335,3.523656,3.56173
12/04/2006,12-Apr-06,2.726732,2.972676,3.134943,3.246059,3.326308,3.38816,3.439135,3.483662,3.524268,3.562327
13/04/2006,13-Apr-06,2.739316,3.004281,3.177702,3.29606,3.381667,3.447969,3.502914,3.551089,3.595053,3.636172
18/04/2006,18-Apr-06,2.727918,3.004954,3.180154,3.296716,3.38001,3.444657,3.498882,3.547157,3.591802,3.633937
19/04/2006,19-Apr-06,2.731685,3.003229,3.175033,3.289682,3.372073,3.436481,3.490881,3.539573,3.584759,3.627484
20/04/2006,20-Apr-06,2.741988,3.004186,3.170928,3.282895,3.363911,3.427647,3.481746,3.530326,3.575494,3.618244
21/04/2006,21-Apr-06,2.741255,2.999169,3.163062,3.273236,3.353208,3.416417,3.470332,3.518948,3.564284,3.607276
24/04/2006,24-Apr-06,2.745187,3.006588,3.172884,3.284771,3.36599,3.430114,3.484694,3.533781,3.579435,3.622622
25/04/2006,25-Apr-06,2.769879,3.053486,3.227215,3.342822,3.427913,3.496824,3.556738,3.611089,3.661413,3.708344
26/04/2006,26-Apr-06,2.809721,3.104571,3.275055,3.383939,3.462818,3.527035,3.583674,3.63576,3.684429,3.730018
27/04/2006,27-Apr-06,2.820161,3.109196,3.27974,3.388298,3.465102,3.525869,3.578448,3.626525,3.671674,3.714451
28/04/2006,28-Apr-06,2.820391,3.103606,3.274012,3.382992,3.459105,3.517858,3.56741,3.611865,3.65316,3.692116
02/05/2006,02-May-06,2.829339,3.112914,3.280202,3.385805,3.459452,3.516892,3.566153,3.611099,3.653424,3.693747
03/05/2006,03-May-06,2.814623,3.096318,3.264286,3.371918,3.448206,3.508468,3.560487,3.608003,3.652651,3.695038
04/05/2006,04-May-06,2.825578,3.112715,3.284838,3.395458,3.473775,3.535314,3.588047,3.635862,3.680515,3.722702
05/05/2006,05-May-06,2.831295,3.108198,3.272028,3.375627,3.448017,3.504697,3.553622,3.598633,3.6414,3.682506
08/05/2006,08-May-06,2.835705,3.115928,3.28173,3.38658,3.459788,3.516986,3.566191,3.61128,3.653955,3.694825
09/05/2006,09-May-06,2.858353,3.142608,3.308559,3.412537,3.484916,3.541607,3.590602,3.635662,3.678375,3.719267
10/05/2006,10-May-06,2.852022,3.129409,3.290497,3.391076,3.461139,3.516316,3.564393,3.608979,3.651545,3.692531
11/05/2006,11-May-06,2.86416,3.151056,3.318288,3.423632,3.497826,3.556728,3.608159,3.655719,3.700867,3.744053
12/05/2006,12-May-06,2.86492,3.139644,3.296188,3.394367,3.464813,3.522597,3.574685,3.623969,3.671393,3.71706
15/05/2006,15-May-06,2.850905,3.104843,3.250265,3.343715,3.413518,3.473174,3.528605,3.582017,3.633919,3.68414
16/05/2006,16-May-06,2.843723,3.088542,3.228571,3.318252,3.38505,3.442146,3.495354,3.546852,3.597132,3.646004
17/05/2006,17-May-06,2.860243,3.108614,3.251629,3.343213,3.411035,3.468654,3.522224,3.574155,3.625076,3.674855
18/05/2006,18-May-06,2.854649,3.090501,3.226321,3.313112,3.377332,3.432077,3.483343,3.533487,3.583107,3.63203
19/05/2006,19-May-06,2.861765,3.098775,3.229111,3.309301,3.367762,3.418036,3.466002,3.513741,3.561579,3.609134
22/05/2006,22-May-06,2.849426,3.075205,3.194479,3.265458,3.316806,3.361803,3.405944,3.450953,3.496868,3.543088
23/05/2006,23-May-06,2.851644,3.08184,3.20431,3.277193,3.329385,3.374459,3.418163,3.462421,3.507412,3.552631
24/05/2006,24-May-06,2.843894,3.071703,3.194106,3.266727,3.317825,3.361039,3.402395,3.444089,3.486513,3.5293
25/05/2006,25-May-06,2.851423,3.074741,3.194777,3.265727,3.315337,3.357119,3.397106,3.437538,3.478845,3.520682
26/05/2006,26-May-06,2.85285,3.07629,3.197051,3.268593,3.318459,3.360174,3.399854,3.439826,3.480593,3.521862
29/05/2006,29-May-06,2.863543,3.094166,3.218909,3.29248,3.343204,3.385098,3.424582,3.464178,3.504503,3.545333
30/05/2006,30-May-06,2.884726,3.125022,3.254218,3.329885,3.381656,3.424126,3.463956,3.503763,3.544202,3.585063
31/05/2006,31-May-06,2.899192,3.151398,3.289192,3.370629,3.425977,3.470412,3.511068,3.550919,3.590879,3.630928
01/06/2006,01-Jun-06,2.920188,3.171165,3.309754,3.392518,3.44911,3.494492,3.535765,3.575937,3.615981,3.655931
02/06/2006,02-Jun-06,2.910791,3.1541,3.286777,3.364323,3.41606,3.456909,3.494017,3.530444,3.567191,3.604294
05/06/2006,05-Jun-06,2.92668,3.171605,3.30567,3.383726,3.435094,3.474919,3.510597,3.545397,3.580475,3.615971
06/06/2006,06-Jun-06,2.943054,3.198367,3.341664,3.427311,3.484631,3.528963,3.567953,3.605113,3.64181,3.678356
07/06/2006,07-Jun-06,2.952012,3.209297,3.353572,3.439847,3.497704,3.542567,3.5821,3.61981,3.657053,3.694134
08/06/2006,08-Jun-06,2.910446,3.161427,3.306423,3.395684,3.456791,3.504455,3.546191,3.58557,3.624071,3.662119
09/06/2006,09-Jun-06,2.895515,3.122856,3.255788,3.338785,3.396526,3.442299,3.482935,3.521683,3.559872,3.597851
12/06/2006,12-Jun-06,2.899071,3.119887,3.247783,3.327208,3.382589,3.426919,3.466764,3.505164,3.54329,3.581379
13/06/2006,13-Jun-06,2.898174,3.111532,3.232725,3.306871,3.358419,3.40014,3.438329,3.475773,3.513439,3.551409
14/06/2006,14-Jun-06,2.911678,3.133695,3.260033,3.336488,3.388285,3.42888,3.465101,3.500128,3.5352,3.570573
15/06/2006,15-Jun-06,2.925938,3.156751,3.291233,3.374657,3.432136,3.477203,3.516836,3.554384,3.591242,3.627811
16/06/2006,16-Jun-06,2.925308,3.151687,3.282356,3.362926,3.418472,3.462362,3.501389,3.538736,3.575669,3.612491
19/06/2006,19-Jun-06,2.948729,3.183768,3.319983,3.403801,3.460956,3.505319,3.544054,3.580613,3.616451,3.652005
20/06/2006,20-Jun-06,2.952762,3.197326,3.337286,3.422042,3.47884,3.522298,3.55994,3.595383,3.630154,3.664714
21/06/2006,21-Jun-06,2.963323,3.223477,3.371074,3.459642,3.518444,3.563063,3.601463,3.637458,3.672658,3.707557
22/06/2006,22-Jun-06,2.968716,3.228253,3.376939,3.467118,3.527535,3.573575,3.613157,3.650106,3.686067,3.721573
23/06/2006,23-Jun-06,2.98219,3.255321,3.407682,3.49843,3.55897,3.605511,3.646064,3.684304,3.721691,3.758605
26/06/2006,26-Jun-06,3.006086,3.284117,3.438081,3.528627,3.588016,3.632953,3.671735,3.708199,3.743895,3.77925
27/06/2006,27-Jun-06,3.031248,3.31506,3.47036,3.559954,3.617265,3.659627,3.695678,3.729439,3.762555,3.795501
28/06/2006,28-Jun-06,3.025727,3.309912,3.465809,3.556186,3.614366,3.657588,3.694422,3.728851,3.762504,3.795854
29/06/2006,29-Jun-06,3.015047,3.297165,3.448074,3.533631,3.58809,3.628773,3.664045,3.697637,3.730956,3.764304
30/06/2006,30-Jun-06,3.024209,3.308519,3.463492,3.552751,3.60989,3.652194,3.688205,3.721868,3.754782,3.787403
03/07/2006,03-Jul-06,3.024521,3.310824,3.464226,3.551425,3.607003,3.648406,3.684058,3.717725,3.75085,3.783776
04/07/2006,04-Jul-06,3.01964,3.304033,3.455958,3.542292,3.597516,3.638915,3.674768,3.708737,3.742195,3.775444
05/07/2006,05-Jul-06,3.038727,3.337359,3.493562,3.581792,3.638935,3.682707,3.721198,3.757777,3.793589,3.828801
06/07/2006,06-Jul-06,3.058178,3.352403,3.505279,3.590232,3.643986,3.684369,3.719623,3.753232,3.786408,3.819343
07/07/2006,07-Jul-06,3.05881,3.34814,3.497237,3.578713,3.629107,3.666282,3.69856,3.729493,3.760326,3.791261
10/07/2006,10-Jul-06,3.060253,3.354811,3.506486,3.589159,3.639998,3.67719,3.709239,3.739802,3.770195,3.800661
11/07/2006,11-Jul-06,3.061475,3.345251,3.486672,3.56463,3.614584,3.652541,3.685649,3.716971,3.747682,3.778107
12/07/2006,12-Jul-06,3.067679,3.361592,3.506099,3.584828,3.634847,3.672696,3.705685,3.736917,3.767572,3.797968
13/07/2006,13-Jul-06,3.072388,3.341682,3.474741,3.547641,3.594541,3.630766,3.663049,3.69418,3.725143,3.756123
14/07/2006,14-Jul-06,3.059212,3.307077,3.429736,3.496816,3.540081,3.573918,3.604653,3.634861,3.665389,3.696321
17/07/2006,17-Jul-06,3.065976,3.310936,3.436116,3.50581,3.550554,3.584766,3.615105,3.64447,3.673956,3.703814
18/07/2006,18-Jul-06,3.076738,3.329749,3.460634,3.533934,3.580641,3.615614,3.645862,3.674558,3.702999,3.731583
19/07/2006,19-Jul-06,3.088716,3.349584,3.483209,3.557072,3.603378,3.637505,3.666703,3.694266,3.721559,3.74902
20/07/2006,20-Jul-06,3.090472,3.334902,3.460584,3.530124,3.573749,3.60602,3.633838,3.660336,3.686794,3.713605
21/07/2006,21-Jul-06,3.087162,3.313953,3.430159,3.49456,3.535474,3.566454,3.593834,3.620412,3.647261,3.674638
24/07/2006,24-Jul-06,3.094141,3.318643,3.433256,3.496594,3.536781,3.567226,3.59417,3.620357,3.646832,3.673834
25/07/2006,25-Jul-06,3.091562,3.3137,3.426172,3.4881,3.527581,3.557858,3.585004,3.611628,3.638671,3.666305
26/07/2006,26-Jul-06,3.103562,3.34819,3.468401,3.5325,3.572173,3.602036,3.628659,3.654814,3.681482,3.708831
27/07/2006,27-Jul-06,3.104907,3.322314,3.430974,3.488889,3.524274,3.550684,3.574424,3.598218,3.623047,3.649063
28/07/2006,28-Jul-06,3.102089,3.31841,3.422629,3.477088,3.510654,3.536523,3.560502,3.584913,3.610459,3.637125
31/07/2006,31-Jul-06,3.116711,3.335887,3.442316,3.498235,3.532619,3.558813,3.582753,3.606872,3.631955,3.658048
01/08/2006,01-Aug-06,3.119318,3.343685,3.447667,3.501349,3.53527,3.562555,3.588578,3.61527,3.643056,3.671752
02/08/2006,02-Aug-06,3.122401,3.344746,3.446172,3.497549,3.529556,3.555288,3.580064,3.605759,3.63276,3.660845
03/08/2006,03-Aug-06,3.148755,3.384214,3.490255,3.543631,3.576622,3.602731,3.627395,3.652558,3.678673,3.705587
04/08/2006,04-Aug-06,3.153686,3.378827,3.470667,3.511714,3.535012,3.553676,3.572632,3.593406,3.616146,3.640474
07/08/2006,07-Aug-06,3.163514,3.384293,3.474402,3.514982,3.538464,3.557667,3.57735,3.598944,3.622531,3.647696
08/08/2006,08-Aug-06,3.170351,3.389033,3.47719,3.516302,3.538728,3.557168,3.576293,3.597471,3.620746,3.645675
09/08/2006,09-Aug-06,3.180318,3.406202,3.497484,3.538297,3.561819,3.581035,3.600733,3.622346,3.645952,3.671135
10/08/2006,10-Aug-06,3.18214,3.397736,3.48705,3.528025,3.552155,3.572006,3.592286,3.614423,3.638509,3.664134
11/08/2006,11-Aug-06,3.194782,3.421758,3.522727,3.571737,3.600448,3.622328,3.642907,3.664226,3.686806,3.710532
14/08/2006,14-Aug-06,3.21117,3.453714,3.55936,3.609775,3.638954,3.661049,3.681778,3.703227,3.725923,3.749751
15/08/2006,15-Aug-06,3.20938,3.442766,3.541029,3.586049,3.611367,3.630699,3.649442,3.669463,3.691142,3.714259
16/08/2006,16-Aug-06,3.218212,3.447987,3.542204,3.58344,3.605321,3.621531,3.637443,3.654912,3.674307,3.695405
17/08/2006,17-Aug-06,3.219968,3.445356,3.536477,3.57493,3.59406,3.607515,3.620712,3.635562,3.652485,3.671291
18/08/2006,18-Aug-06,3.234261,3.463162,3.55365,3.590907,3.608945,3.621437,3.633731,3.647694,3.663729,3.681644
21/08/2006,21-Aug-06,3.236735,3.454714,3.534823,3.564517,3.577385,3.586378,3.596295,3.608631,3.623548,3.640696
22/08/2006,22-Aug-06,3.212948,3.395319,3.462431,3.486813,3.497855,3.507077,3.518564,3.533334,3.551193,3.571528
23/08/2006,23-Aug-06,3.217111,3.401281,3.469049,3.492636,3.501519,3.507648,3.5156,3.526799,3.541336,3.558774
24/08/2006,24-Aug-06,3.222368,3.403292,3.458667,3.474711,3.481536,3.48939,3.501245,3.517382,3.537151,3.559653
25/08/2006,25-Aug-06,3.222895,3.398391,3.452379,3.468183,3.475183,3.483414,3.495758,3.512445,3.532788,3.555864
28/08/2006,28-Aug-06,3.227731,3.40033,3.452841,3.468271,3.475533,3.484336,3.497363,3.514732,3.535694,3.559296
29/08/2006,29-Aug-06,3.236248,3.41525,3.47115,3.488173,3.49589,3.504418,3.516715,3.533089,3.55292,3.575344
30/08/2006,30-Aug-06,3.23814,3.412384,3.467878,3.484891,3.492068,3.499455,3.510151,3.524631,3.542417,3.562751
31/08/2006,31-Aug-06,3.250402,3.429394,3.486706,3.501417,3.503482,3.504271,3.507832,3.515256,3.526444,3.540849
01/09/2006,01-Sept-06,3.264696,3.441351,3.486178,3.492624,3.490964,3.491017,3.495549,3.504807,3.518165,3.534761
04/09/2006,04-Sept-06,3.265761,3.439647,3.484254,3.490582,3.488518,3.487905,3.491597,3.499923,3.512318,3.527966
05/09/2006,05-Sept-06,3.277964,3.457512,3.505111,3.513313,3.512511,3.512771,3.517063,3.525788,3.538435,3.554221
06/09/2006,06-Sept-06,3.295637,3.488228,3.543254,3.556644,3.559813,3.563203,3.569972,3.580634,3.594764,3.611646
07/09/2006,07-Sept-06,3.311249,3.509568,3.56857,3.584045,3.587965,3.591249,3.597384,3.607111,3.620151,3.635892
08/09/2006,08-Sept-06,3.309725,3.494114,3.544498,3.553472,3.551722,3.549739,3.550916,3.556006,3.564768,3.576621
11/09/2006,11-Sept-06,3.325601,3.521,3.576636,3.588416,3.587969,3.586228,3.586888,3.590933,3.598302,3.608549
12/09/2006,12-Sept-06,3.338695,3.536533,3.594389,3.608015,3.60926,3.609166,3.61145,3.61708,3.625972,3.637656
13/09/2006,13-Sept-06,3.339727,3.531773,3.586313,3.598598,3.599729,3.600241,3.603524,3.610342,3.620479,3.633384
14/09/2006,14-Sept-06,3.340304,3.529077,3.586418,3.600294,3.601073,3.599695,3.600055,3.603333,3.609623,3.618597
15/09/2006,15-Sept-06,3.330645,3.515725,3.57063,3.582522,3.581477,3.578328,3.576951,3.578536,3.583198,3.590632
18/09/2006,18-Sept-06,3.349616,3.553734,3.618219,3.637153,3.641765,3.643147,3.645314,3.649585,3.656197,3.664955
19/09/2006,19-Sept-06,3.344616,3.533443,3.587836,3.600288,3.600581,3.598982,3.599047,3.601829,3.607394,3.615433
20/09/2006,20-Sept-06,3.348357,3.529651,3.578027,3.586405,3.58394,3.580441,3.579188,3.581063,3.586022,3.59368
21/09/2006,21-Sept-06,3.357343,3.539426,3.587879,3.59612,3.593486,3.589846,3.588501,3.590332,3.595292,3.602987
22/09/2006,22-Sept-06,3.337408,3.481043,3.514625,3.513648,3.504889,3.497582,3.494506,3.496053,3.501758,3.510902
25/09/2006,25-Sept-06,3.31397,3.435999,3.45892,3.454699,3.446782,3.442423,3.443303,3.449195,3.459272,3.472598
26/09/2006,26-Sept-06,3.336295,3.458589,3.475673,3.468648,3.459994,3.455694,3.456761,3.462676,3.472509,3.485307
27/09/2006,27-Sept-06,3.339467,3.465875,3.490202,3.485776,3.476146,3.468811,3.465815,3.467279,3.47267,3.481272
28/09/2006,28-Sept-06,3.354011,3.491487,3.517778,3.514097,3.505062,3.498237,3.495642,3.497395,3.50297,3.511665
29/09/2006,29-Sept-06,3.364301,3.498118,3.521182,3.517368,3.509709,3.504719,3.503914,3.507193,3.513948,3.52346
02/10/2006,02-Oct-06,3.327922,3.488125,3.531097,3.537178,3.533377,3.529074,3.5274,3.529141,3.53418,3.542073
03/10/2006,03-Oct-06,3.337432,3.466239,3.4819,3.473779,3.464325,3.459195,3.4593,3.464126,3.472783,3.484359
04/10/2006,04-Oct-06,3.349591,3.469602,3.479278,3.468191,3.457132,3.450989,3.450351,3.454565,3.462676,3.473739
05/10/2006,05-Oct-06,3.351272,3.471175,3.480531,3.468858,3.457056,3.450107,3.448665,3.452119,3.45954,3.469996
06/10/2006,06-Oct-06,3.354086,3.468185,3.478411,3.469511,3.461422,3.458646,3.461496,3.469121,3.480435,3.494416
09/10/2006,09-Oct-06,3.356723,3.485999,3.505595,3.501718,3.495966,3.493855,3.496327,3.502938,3.512872,3.525291
10/10/2006,10-Oct-06,3.365744,3.502399,3.527579,3.527312,3.523899,3.523309,3.526748,3.53394,3.544177,3.556699
11/10/2006,11-Oct-06,3.370306,3.510831,3.539106,3.540894,3.538718,3.538768,3.542418,3.549517,3.559453,3.571533
12/10/2006,12-Oct-06,3.372579,3.509022,3.536054,3.537707,3.535855,3.536407,3.540604,3.548225,3.558622,3.571086
13/10/2006,13-Oct-06,3.382898,3.522583,3.551473,3.554882,3.554658,3.556642,3.562043,3.570636,3.581784,3.594799
16/10/2006,16-Oct-06,3.38349,3.519505,3.546083,3.548324,3.547813,3.550132,3.556281,3.565872,3.578152,3.592351
17/10/2006,17-Oct-06,3.382529,3.507119,3.528168,3.527575,3.525451,3.526747,3.532176,3.541213,3.553034,3.566828
18/10/2006,18-Oct-06,3.37784,3.501973,3.524312,3.525652,3.525739,3.529298,3.536892,3.547904,3.561461,3.576736
19/10/2006,19-Oct-06,3.387317,3.519545,3.545762,3.549122,3.550389,3.554718,3.562863,3.574302,3.588211,3.603791
20/10/2006,20-Oct-06,3.397692,3.535639,3.565016,3.569095,3.569492,3.571999,3.577812,3.586707,3.598055,3.611181
23/10/2006,23-Oct-06,3.406962,3.553017,3.587983,3.596006,3.599333,3.604086,3.611638,3.621872,3.634235,3.648108
24/10/2006,24-Oct-06,3.415122,3.560584,3.594853,3.602445,3.605227,3.609206,3.615775,3.624881,3.636033,3.648664
25/10/2006,25-Oct-06,3.42754,3.574129,3.60761,3.614711,3.617342,3.621392,3.628166,3.637551,3.649015,3.661966
26/10/2006,26-Oct-06,3.433849,3.57561,3.605839,3.610828,3.611723,3.614121,3.619259,3.627027,3.636924,3.648381
27/10/2006,27-Oct-06,3.439559,3.57054,3.591191,3.589348,3.58506,3.583209,3.584699,3.589273,3.596359,3.605348
30/10/2006,30-Oct-06,3.442145,3.57156,3.590205,3.58735,3.582291,3.579615,3.580174,3.583733,3.589755,3.597666
31/10/2006,31-Oct-06,3.433865,3.593478,3.630072,3.63464,3.63176,3.628585,3.627199,3.628051,3.631021,3.635801
01/11/2006,01-Nov-06,3.426997,3.553797,3.575466,3.572881,3.566727,3.562532,3.56155,3.56372,3.568577,3.575573
02/11/2006,02-Nov-06,3.445884,3.57876,3.599254,3.594576,3.586474,3.580531,3.577939,3.578601,3.58204,3.587707
03/11/2006,03-Nov-06,3.463103,3.612736,3.637859,3.633708,3.624855,3.617854,3.614248,3.614064,3.616869,3.622116
06/11/2006,06-Nov-06,3.468696,3.625728,3.659492,3.661118,3.655847,3.650952,3.648434,3.648614,3.651264,3.655987
07/11/2006,07-Nov-06,3.471214,3.622924,3.64973,3.645779,3.636195,3.627844,3.622438,3.620139,3.620626,3.623452
08/11/2006,08-Nov-06,3.478078,3.630917,3.658554,3.654358,3.644105,3.634965,3.628748,3.625639,3.625331,3.627381
09/11/2006,09-Nov-06,3.491613,3.644868,3.673586,3.668641,3.656911,3.646227,3.638617,3.634308,3.632975,3.634152
10/11/2006,10-Nov-06,3.477492,3.612531,3.633671,3.625189,3.611767,3.600474,3.593011,3.589414,3.589213,3.591829
13/11/2006,13-Nov-06,3.473279,3.61168,3.637517,3.632228,3.620809,3.610794,3.604171,3.601131,3.601295,3.604136
14/11/2006,14-Nov-06,3.474116,3.606854,3.628229,3.620124,3.606906,3.595652,3.588103,3.584324,3.58387,3.58618
15/11/2006,15-Nov-06,3.484143,3.625077,3.65094,3.645475,3.633874,3.623612,3.616646,3.613167,3.612819,3.615097
16/11/2006,16-Nov-06,3.486542,3.624599,3.649092,3.642721,3.630436,3.619628,3.612206,3.608339,3.607649,3.609624
17/11/2006,17-Nov-06,3.485329,3.619628,3.645705,3.641891,3.631973,3.623088,3.617137,3.614339,3.61438,3.616804
20/11/2006,20-Nov-06,3.47134,3.58879,3.612105,3.607891,3.597964,3.589271,3.583734,3.581562,3.582402,3.58575
21/11/2006,21-Nov-06,3.48055,3.600362,3.623218,3.618136,3.607348,3.597818,3.591443,3.58842,3.588401,3.590893
22/11/2006,22-Nov-06,3.476508,3.586311,3.607426,3.602682,3.592759,3.584272,3.579049,3.577264,3.578547,3.58238
23/11/2006,23-Nov-06,3.496591,3.613107,3.637823,3.634854,3.625607,3.617107,3.611418,3.608875,3.609217,3.612004
24/11/2006,24-Nov-06,3.489891,3.59638,3.612046,3.602453,3.588637,3.577121,3.569588,3.566089,3.566151,3.569172
27/11/2006,27-Nov-06,3.486494,3.595608,3.61738,3.612358,3.601539,3.592012,3.585873,3.58342,3.584313,3.588025
28/11/2006,28-Nov-06,3.479175,3.573403,3.58657,3.577311,3.564643,3.554518,3.548455,3.546449,3.547995,3.552467
29/11/2006,29-Nov-06,3.482168,3.582011,3.595934,3.586691,3.573867,3.563439,3.556925,3.554345,3.555229,3.558986
30/11/2006,30-Nov-06,3.49216,3.592421,3.60624,3.596895,3.583944,3.573321,3.566536,3.563617,3.564112,3.567448
01/12/2006,01-Dec-06,3.491172,3.586043,3.597677,3.587058,3.573245,3.562039,3.554889,3.551779,3.552224,3.555616
04/12/2006,04-Dec-06,3.470304,3.543946,3.552999,3.543704,3.531907,3.522809,3.517774,3.51677,3.519292,3.524711
05/12/2006,05-Dec-06,3.484241,3.56037,3.567991,3.55692,3.543457,3.532759,3.526139,3.523556,3.52452,3.528422
06/12/2006,06-Dec-06,3.493282,3.579454,3.592888,3.585438,3.574139,3.564553,3.558276,3.555483,3.555847,3.558883
07/12/2006,07-Dec-06,3.512339,3.603344,3.617141,3.609773,3.598504,3.588747,3.582044,3.578589,3.5781,3.580145
08/12/2006,08-Dec-06,3.516783,3.605765,3.620914,3.615133,3.605023,3.595921,3.589423,3.585807,3.584875,3.586268
11/12/2006,11-Dec-06,3.531495,3.632098,3.656614,3.656225,3.648783,3.640741,3.634398,3.630451,3.62895,3.629685
12/12/2006,12-Dec-06,3.535752,3.638278,3.662172,3.661262,3.653525,3.645259,3.638663,3.634393,3.632491,3.632758
13/12/2006,13-Dec-06,3.535181,3.645596,3.669868,3.668627,3.660624,3.652094,3.645158,3.640443,3.637998,3.63764
14/12/2006,14-Dec-06,3.543796,3.665099,3.698558,3.703741,3.700173,3.694726,3.689918,3.686632,3.685089,3.685232
15/12/2006,15-Dec-06,3.540551,3.657864,3.691042,3.696432,3.693053,3.687745,3.683055,3.679884,3.678461,3.678732
18/12/2006,18-Dec-06,3.555383,3.685913,3.725805,3.734973,3.733922,3.73017,3.726592,3.724265,3.723514,3.724341
19/12/2006,19-Dec-06,3.561573,3.69386,3.738818,3.751874,3.753491,3.751637,3.749515,3.748389,3.748686,3.750463
20/12/2006,20-Dec-06,3.569966,3.706171,3.7508,3.762995,3.763935,3.761676,3.759386,3.75828,3.758741,3.760787
21/12/2006,21-Dec-06,3.57941,3.717269,3.762235,3.774597,3.775706,3.773621,3.771499,3.770546,3.77114,3.7733
22/12/2006,22-Dec-06,3.588172,3.728225,3.771429,3.782154,3.782097,3.779165,3.776378,3.774863,3.774959,3.77666
27/12/2006,27-Dec-06,3.595109,3.74691,3.797799,3.812607,3.814443,3.812153,3.809301,3.807324,3.806748,3.807686
28/12/2006,28-Dec-06,3.592191,3.750841,3.799855,3.813794,3.816328,3.815768,3.815215,3.815805,3.817864,3.821377
29/12/2006,29-Dec-06,3.607251,3.758135,3.807801,3.822322,3.825195,3.82504,3.825037,3.826283,3.829045,3.833257
02/01/2007,02-Jan-07,3.611032,3.749662,3.790767,3.800626,3.801213,3.800106,3.799912,3.801413,3.804693,3.809569
03/01/2007,03-Jan-07,3.611704,3.74577,3.782817,3.791158,3.791718,3.79128,3.79203,3.794541,3.798789,3.804535
04/01/2007,04-Jan-07,3.618205,3.754924,3.792305,3.800533,3.800946,3.800422,3.801162,3.803731,3.808091,3.813993
05/01/2007,05-Jan-07,3.626887,3.776559,3.823927,3.83732,3.839929,3.839985,3.840448,3.842299,3.845741,3.850664
08/01/2007,08-Jan-07,3.625807,3.76995,3.815602,3.828341,3.830697,3.830728,3.831327,3.833434,3.837218,3.842545
09/01/2007,09-Jan-07,3.636011,3.777952,3.822553,3.834678,3.836709,3.836657,3.837377,3.839765,3.843953,3.84977
10/01/2007,10-Jan-07,3.65271,3.798284,3.843286,3.855422,3.85749,3.857517,3.858333,3.860822,3.865104,3.871007
11/01/2007,11-Jan-07,3.635908,3.770856,3.815398,3.828512,3.831694,3.832937,3.835135,3.83918,3.845161,3.852858
12/01/2007,12-Jan-07,3.647434,3.792556,3.840056,3.854918,3.859805,3.862837,3.866847,3.872656,3.880299,3.889521
15/01/2007,15-Jan-07,3.654508,3.796933,3.844278,3.859398,3.86444,3.867424,3.871191,3.876598,3.883722,3.892346
16/01/2007,16-Jan-07,3.652514,3.787985,3.835378,3.851555,3.857408,3.860781,3.864569,3.869712,3.876366,3.884375
17/01/2007,17-Jan-07,3.651457,3.788246,3.836409,3.853004,3.859057,3.862492,3.866253,3.871314,3.87785,3.885722
18/01/2007,18-Jan-07,3.661941,3.806195,3.86173,3.883715,3.89356,3.899739,3.905579,3.912286,3.920172,3.92918
19/01/2007,19-Jan-07,3.672458,3.805793,3.85521,3.873143,3.879885,3.883395,3.886754,3.891059,3.896583,3.903267
22/01/2007,22-Jan-07,3.670433,3.803551,3.852608,3.870321,3.876918,3.880282,3.883453,3.887515,3.892745,3.899091
23/01/2007,23-Jan-07,3.677343,3.801803,3.848108,3.864933,3.871189,3.874314,3.877197,3.88088,3.885636,3.891425
24/01/2007,24-Jan-07,3.670592,3.812346,3.86303,3.880991,3.8876,3.890877,3.893843,3.897564,3.902325,3.908091
25/01/2007,25-Jan-07,3.676747,3.81639,3.868783,3.888614,3.896701,3.901135,3.905055,3.909607,3.915119,3.921581
26/01/2007,26-Jan-07,3.689494,3.832461,3.892121,3.918046,3.930593,3.938253,3.944572,3.950975,3.957965,3.96564
29/01/2007,29-Jan-07,3.692235,3.833544,3.893052,3.919142,3.932011,3.94018,3.947216,3.954536,3.962609,3.971495
30/01/2007,30-Jan-07,3.685767,3.835336,3.889803,3.910319,3.91932,3.925207,3.931077,3.937957,3.946046,3.955221
31/01/2007,31-Jan-07,3.69091,3.840389,3.894948,3.915583,3.924657,3.930544,3.936342,3.943088,3.950993,3.959948
01/02/2007,01-Feb-07,3.686666,3.820961,3.86352,3.876473,3.880928,3.884144,3.888493,3.894557,3.902264,3.911321
02/02/2007,02-Feb-07,3.677078,3.801555,3.845471,3.863037,3.872984,3.881775,3.891454,3.902445,3.914593,3.927569
05/02/2007,05-Feb-07,3.673876,3.787535,3.823924,3.834728,3.838534,3.841949,3.847101,3.85442,3.863707,3.874563
06/02/2007,06-Feb-07,3.686395,3.803205,3.838657,3.848169,3.850839,3.853235,3.857414,3.863773,3.872107,3.882022
07/02/2007,07-Feb-07,3.695045,3.815457,3.849157,3.856649,3.857603,3.85848,3.861225,3.866189,3.873157,3.881742
08/02/2007,08-Feb-07,3.709688,3.837909,3.875844,3.88608,3.888676,3.890272,3.892998,3.897376,3.903343,3.910638
09/02/2007,09-Feb-07,3.711914,3.843009,3.886868,3.901493,3.907103,3.910893,3.915344,3.92117,3.928405,3.936837
12/02/2007,12-Feb-07,3.707837,3.837156,3.885704,3.904813,3.913944,3.920541,3.927358,3.93527,3.944398,3.954574
13/02/2007,13-Feb-07,3.712962,3.846424,3.89499,3.913384,3.921842,3.927937,3.934412,3.942111,3.951125,3.961262
14/02/2007,14-Feb-07,3.716209,3.848706,3.889076,3.90287,3.90992,3.916386,3.924033,3.933141,3.943497,3.954753
15/02/2007,15-Feb-07,3.716127,3.838319,3.870474,3.876763,3.877219,3.878101,3.881143,3.886544,3.893995,3.903051
16/02/2007,16-Feb-07,3.719809,3.841097,3.871843,3.877025,3.876606,3.876736,3.879094,3.88386,3.890718,3.899225
19/02/2007,19-Feb-07,3.732902,3.860669,3.89636,3.904489,3.905689,3.906624,3.909285,3.914035,3.92068,3.928851
20/02/2007,20-Feb-07,3.733094,3.861873,3.900981,3.911606,3.914399,3.916363,3.919722,3.924972,3.93199,3.940451
21/02/2007,21-Feb-07,3.731953,3.85451,3.892637,3.903179,3.905881,3.907598,3.910561,3.9153,3.921727,3.929547
22/02/2007,22-Feb-07,3.738363,3.861089,3.901178,3.913313,3.917045,3.919365,3.922637,3.927489,3.933894,3.941602
23/02/2007,23-Feb-07,3.744631,3.864041,3.898763,3.906643,3.907249,3.907186,3.908537,3.911761,3.916742,3.923178
26/02/2007,26-Feb-07,3.743503,3.846317,3.870935,3.871887,3.867558,3.863965,3.862818,3.864318,3.86816,3.873904
27/02/2007,27-Feb-07,3.735799,3.82711,3.847031,3.845669,3.84005,3.83572,3.834186,3.835539,3.839403,3.845287
28/02/2007,28-Feb-07,3.718434,3.791028,3.803263,3.798795,3.792351,3.788514,3.788293,3.791468,3.797452,3.805601
01/03/2007,01-Mar-07,3.711017,3.787966,3.80242,3.799162,3.793351,3.789771,3.789548,3.792541,3.798218,3.805979
02/03/2007,02-Mar-07,3.709372,3.779372,3.790419,3.785162,3.778227,3.774211,3.774109,3.777663,3.784234,3.793128
05/03/2007,05-Mar-07,3.705211,3.767964,3.772734,3.762528,3.75182,3.744985,3.742824,3.744925,3.750526,3.758838
06/03/2007,06-Mar-07,3.720879,3.792372,3.803884,3.796965,3.78698,3.779256,3.775272,3.775052,3.778117,3.783857
07/03/2007,07-Mar-07,3.728547,3.800606,3.811489,3.803749,3.793041,3.784767,3.780408,3.779972,3.782959,3.788736
08/03/2007,08-Mar-07,3.750045,3.823374,3.830633,3.81924,3.80561,3.795053,3.78887,3.786939,3.788679,3.793404
09/03/2007,09-Mar-07,3.774088,3.856035,3.861843,3.848355,3.833269,3.821779,3.81498,3.812621,3.814053,3.818556
12/03/2007,12-Mar-07,3.775574,3.85642,3.860243,3.844753,3.827822,3.814643,3.806283,3.802479,3.802574,3.805846
13/03/2007,13-Mar-07,3.776737,3.855953,3.857755,3.839658,3.820051,3.804407,3.79389,3.788245,3.786795,3.788793
14/03/2007,14-Mar-07,3.770706,3.841524,3.837432,3.816015,3.794603,3.777988,3.766982,3.761151,3.759721,3.76188
15/03/2007,15-Mar-07,3.776184,3.850082,3.849651,3.830768,3.810921,3.795213,3.784683,3.77904,3.7776,3.779616
16/03/2007,16-Mar-07,3.772056,3.851328,3.856873,3.84241,3.825493,3.811582,3.802013,3.796717,3.795174,3.79676
19/03/2007,19-Mar-07,3.779837,3.868258,3.882192,3.872806,3.858347,3.845167,3.835242,3.82892,3.825952,3.825897
20/03/2007,20-Mar-07,3.780615,3.866096,3.876322,3.864206,3.847885,3.833404,3.822523,3.815463,3.811904,3.811362
21/03/2007,21-Mar-07,3.788774,3.876606,3.886428,3.8738,3.857236,3.842766,3.832089,3.82538,3.822281,3.82228
22/03/2007,22-Mar-07,3.786817,3.861415,3.865107,3.849365,3.831259,3.816249,3.805755,3.799766,3.797786,3.799188
23/03/2007,23-Mar-07,3.796351,3.879593,3.896073,3.890053,3.878625,3.868245,3.861115,3.857712,3.857825,3.860998
26/03/2007,26-Mar-07,3.793446,3.88224,3.902319,3.898667,3.888849,3.879605,3.873302,3.870519,3.871106,3.874646
27/03/2007,27-Mar-07,3.798486,3.892113,3.914721,3.912517,3.903531,3.894722,3.888585,3.88578,3.88622,3.889529
28/03/2007,28-Mar-07,3.798893,3.890941,3.915406,3.915429,3.90838,3.90117,3.896359,3.894676,3.896079,3.900226
29/03/2007,29-Mar-07,3.812187,3.910234,3.93569,3.935589,3.928209,3.920618,3.915385,3.913232,3.91412,3.917712
30/03/2007,30-Mar-07,3.817019,3.921181,3.947883,3.947888,3.940305,3.932365,3.926669,3.923958,3.924214,3.927126
02/04/2007,02-Apr-07,3.826433,3.93428,3.966419,3.969998,3.963993,3.956157,3.949603,3.945455,3.943964,3.945002
03/04/2007,03-Apr-07,3.830521,3.941438,3.973995,3.978389,3.973897,3.968073,3.963806,3.962052,3.962943,3.96627
04/04/2007,04-Apr-07,3.832628,3.936594,3.963238,3.963211,3.95563,3.947791,3.942351,3.940068,3.940921,3.944578
05/04/2007,05-Apr-07,3.837829,3.938785,3.966214,3.967588,3.961284,3.954474,3.949828,3.948143,3.949434,3.953399
10/04/2007,10-Apr-07,3.852942,3.967376,4.002163,4.007948,4.004437,3.999434,3.995945,3.994973,3.996662,4.000802
11/04/2007,11-Apr-07,3.862364,3.978441,4.013901,4.019894,4.016352,4.011187,4.00747,4.006238,4.00766,4.011539
12/04/2007,12-Apr-07,3.866164,3.986519,4.028023,4.038757,4.03856,4.035737,4.033695,4.033706,4.036085,4.040727
13/04/2007,13-Apr-07,3.869192,3.991963,4.037696,4.052051,4.054642,4.053976,4.053671,4.055138,4.058781,4.064549
16/04/2007,16-Apr-07,3.872041,3.998062,4.04275,4.055428,4.056542,4.054693,4.053438,4.054122,4.057099,4.062284
17/04/2007,17-Apr-07,3.871571,3.993259,4.035237,4.046079,4.045864,4.043004,4.040955,4.041003,4.043466,4.048233
18/04/2007,18-Apr-07,3.8746,3.993866,4.031758,4.039026,4.035879,4.03053,4.026269,4.024284,4.024848,4.027831
19/04/2007,19-Apr-07,3.883173,4.003056,4.044186,4.054484,4.053696,4.050108,4.047149,4.046129,4.047403,4.050907
20/04/2007,20-Apr-07,3.887993,4.01224,4.056061,4.068791,4.070366,4.069011,4.068089,4.068865,4.071678,4.076461
23/04/2007,23-Apr-07,3.890984,4.007209,4.049195,4.06174,4.063419,4.062078,4.060995,4.061444,4.063798,4.068024
24/04/2007,24-Apr-07,3.892217,4.000283,4.036896,4.045833,4.044995,4.041821,4.039355,4.038729,4.040229,4.043767
25/04/2007,25-Apr-07,3.892624,4.00962,4.049992,4.060795,4.061029,4.058531,4.056506,4.056166,4.057842,4.061475
26/04/2007,26-Apr-07,3.897503,4.015626,4.057687,4.069891,4.071104,4.069209,4.067486,4.067217,4.06879,4.072194
27/04/2007,27-Apr-07,3.911167,4.028489,4.074406,4.090507,4.09475,4.095032,4.094819,4.095568,4.097801,4.101603
30/04/2007,30-Apr-07,3.909611,4.013191,4.052624,4.064275,4.064687,4.061433,4.057936,4.055663,4.055152,4.056495
02/05/2007,02-May-07,3.921749,4.030153,4.073765,4.088543,4.091195,4.089529,4.087162,4.085698,4.085769,4.087528
03/05/2007,03-May-07,3.912543,4.044471,4.093322,4.107704,4.108611,4.105221,4.101521,4.099167,4.098741,4.100329
04/05/2007,04-May-07,3.913184,4.031078,4.068616,4.076221,4.073694,4.068958,4.065142,4.063365,4.063882,4.066579
07/05/2007,07-May-07,3.92389,4.051163,4.096064,4.108726,4.109514,4.106872,4.104293,4.103144,4.103851,4.106421
08/05/2007,08-May-07,3.921201,4.043534,4.083878,4.092661,4.090256,4.085017,4.080339,4.0775,4.076855,4.078356
09/05/2007,09-May-07,3.924704,4.048722,4.091933,4.103072,4.102377,4.098365,4.094591,4.092444,4.092349,4.094302
10/05/2007,10-May-07,3.926755,4.045106,4.087459,4.098954,4.098818,4.095324,4.091986,4.090206,4.090423,4.092647
11/05/2007,11-May-07,3.926902,4.035085,4.07107,4.078475,4.075627,4.070283,4.065662,4.062987,4.062587,4.064395
14/05/2007,14-May-07,3.936486,4.065091,4.115378,4.132669,4.136722,4.136268,4.135156,4.135013,4.136438,4.139547
15/05/2007,15-May-07,3.949716,4.088084,4.141195,4.159353,4.163762,4.163532,4.16259,4.16257,4.164064,4.167188
16/05/2007,16-May-07,3.964066,4.116904,4.173338,4.191536,4.195147,4.193981,4.192127,4.191238,4.191893,4.194196
17/05/2007,17-May-07,3.973002,4.125213,4.179269,4.195332,4.197318,4.194922,4.192099,4.1904,4.190344,4.191998
18/05/2007,18-May-07,3.979345,4.132633,4.186769,4.202746,4.20466,4.202234,4.19941,4.197728,4.1977,4.199388
21/05/2007,21-May-07,3.98626,4.140464,4.196516,4.213955,4.216839,4.215065,4.212718,4.211421,4.21173,4.213729
22/05/2007,22-May-07,3.986696,4.140618,4.19782,4.216353,4.220043,4.218831,4.216872,4.215843,4.216337,4.21846
23/05/2007,23-May-07,3.998376,4.16068,4.221153,4.240967,4.245076,4.243821,4.241509,4.23989,4.239604,4.240798
24/05/2007,24-May-07,3.995858,4.154151,4.217898,4.241516,4.248626,4.249593,4.248971,4.248713,4.24959,4.251826
25/05/2007,25-May-07,4.006667,4.169964,4.23353,4.255905,4.261795,4.261764,4.260338,4.259412,4.259709,4.261423
28/05/2007,28-May-07,4.02687,4.178324,4.237544,4.258017,4.262856,4.262128,4.260198,4.258901,4.258927,4.260448
29/05/2007,29-May-07,4.014881,4.189645,4.259092,4.283596,4.28963,4.288833,4.286293,4.284164,4.283278,4.28387
30/05/2007,30-May-07,4.016101,4.18827,4.25782,4.282925,4.289493,4.289086,4.286822,4.2849,4.284182,4.284921
31/05/2007,31-May-07,4.023344,4.205861,4.281879,4.3108,4.319542,4.320312,4.31861,4.316849,4.316021,4.316455
01/06/2007,01-Jun-07,4.032578,4.224721,4.30541,4.335813,4.344324,4.344091,4.341132,4.338123,4.336171,4.335646
04/06/2007,04-Jun-07,4.033767,4.226861,4.309306,4.34116,4.35067,4.351076,4.348517,4.34576,4.343969,4.34355
05/06/2007,05-Jun-07,4.03291,4.228078,4.315746,4.352472,4.365739,4.368859,4.368224,4.366832,4.366018,4.366307
06/06/2007,06-Jun-07,4.02922,4.21477,4.296589,4.331105,4.344564,4.349208,4.350722,4.351698,4.353255,4.355811
07/06/2007,07-Jun-07,4.04126,4.231783,4.319593,4.359168,4.376516,4.384093,4.387856,4.390609,4.393623,4.397414
08/06/2007,08-Jun-07,4.040873,4.224709,4.315434,4.360166,4.382533,4.394417,4.401785,4.407596,4.413268,4.419433
11/06/2007,11-Jun-07,4.03908,4.223455,4.313685,4.357768,4.379575,4.391016,4.398029,4.403535,4.408928,4.414822
12/06/2007,12-Jun-07,4.046802,4.244725,4.34432,4.39483,4.421078,4.435633,4.444867,4.451987,4.458571,4.465356
13/06/2007,13-Jun-07,4.046339,4.251665,4.35882,4.415537,4.446514,4.464584,4.476428,4.485507,4.493584,4.501526
14/06/2007,14-Jun-07,4.04432,4.235684,4.335667,4.388205,4.416454,4.432627,4.443138,4.451318,4.458853,4.466546
15/06/2007,15-Jun-07,4.052902,4.250777,4.355551,4.411716,4.44281,4.461297,4.473764,4.483651,4.492716,4.50181
18/06/2007,18-Jun-07,4.056483,4.24985,4.351974,4.406579,4.436789,4.454842,4.467186,4.477177,4.486513,4.496002
19/06/2007,19-Jun-07,4.046678,4.222696,4.316518,4.366914,4.394809,4.411472,4.422921,4.432316,4.441259,4.450506
20/06/2007,20-Jun-07,4.056083,4.254151,4.360601,4.417656,4.448556,4.466039,4.477028,4.485227,4.492558,4.499967
21/06/2007,21-Jun-07,4.056251,4.24312,4.340465,4.392478,4.421752,4.439861,4.452723,4.463327,4.473149,4.482873
22/06/2007,22-Jun-07,4.06288,4.253382,4.353541,4.40781,4.438947,4.458635,4.472867,4.484686,4.495604,4.506332
25/06/2007,25-Jun-07,4.056485,4.231905,4.318224,4.362821,4.387998,4.404351,4.416928,4.428106,4.438959,4.449927
26/06/2007,26-Jun-07,4.062348,4.238697,4.323581,4.366405,4.390015,4.405088,4.416631,4.426962,4.437111,4.44748
27/06/2007,27-Jun-07,4.060349,4.230983,4.309164,4.345208,4.362501,4.371947,4.378597,4.384735,4.391319,4.398682
28/06/2007,28-Jun-07,4.068618,4.2502,4.334254,4.37342,4.392296,4.402418,4.409173,4.415032,4.42107,4.427694
29/06/2007,29-Jun-07,4.073149,4.264051,4.347721,4.384248,4.400447,4.408348,4.413337,4.417778,4.422645,4.428274
02/07/2007,02-Jul-07,4.079071,4.264398,4.34208,4.373851,4.386557,4.391922,4.395043,4.39807,4.401838,4.40659
03/07/2007,03-Jul-07,4.076262,4.257552,4.33299,4.364163,4.377286,4.383613,4.387962,4.392336,4.397489,4.403622
04/07/2007,04-Jul-07,4.081805,4.276993,4.365062,4.405749,4.425641,4.436699,4.444325,4.450941,4.457586,4.464658
05/07/2007,05-Jul-07,4.091036,4.292829,4.3884,4.435255,4.459788,4.47425,4.48437,4.492822,4.500827,4.508906
06/07/2007,06-Jul-07,4.10102,4.310838,4.414109,4.467105,4.496207,4.513942,4.526325,4.536261,4.545151,4.553651
09/07/2007,09-Jul-07,4.099798,4.298562,4.398029,4.449751,4.478438,4.496055,4.50844,4.518448,4.527464,4.536137
10/07/2007,10-Jul-07,4.091294,4.280199,4.367883,4.409661,4.43077,4.442827,4.451197,4.458337,4.465331,4.472615
11/07/2007,11-Jul-07,4.094036,4.274571,4.351588,4.384602,4.399335,4.40699,4.412432,4.417715,4.423635,4.430417
12/07/2007,12-Jul-07,4.10912,4.303372,4.390849,4.431061,4.450554,4.461276,4.468624,4.475009,4.481461,4.48837
13/07/2007,13-Jul-07,4.112705,4.307526,4.396025,4.436864,4.456529,4.467072,4.473989,4.479765,4.485483,4.491567
16/07/2007,16-Jul-07,4.107536,4.294233,4.38522,4.429333,4.450902,4.462026,4.468685,4.473782,4.478673,4.483942
17/07/2007,17-Jul-07,4.113781,4.304115,4.395507,4.438814,4.4592,4.46909,4.474575,4.478583,4.48247,4.486805
18/07/2007,18-Jul-07,4.113571,4.306538,4.398768,4.441625,4.460859,4.469324,4.473372,4.476076,4.478851,4.482288
19/07/2007,19-Jul-07,4.120464,4.309733,4.400897,4.443375,4.462268,4.470261,4.473696,4.475675,4.477649,4.480235
20/07/2007,20-Jul-07,4.126148,4.282748,4.349745,4.375223,4.382368,4.38224,4.38,4.377949,4.377009,4.377452
23/07/2007,23-Jul-07,4.127009,4.278011,4.338552,4.358647,4.361773,4.358803,4.354632,4.351333,4.349653,4.349737
24/07/2007,24-Jul-07,4.133697,4.275243,4.333673,4.353921,4.3577,4.355357,4.351684,4.348773,4.347412,4.347779
25/07/2007,25-Jul-07,4.133809,4.266058,4.323235,4.344518,4.34961,4.348286,4.345262,4.342698,4.34147,4.341827
26/07/2007,26-Jul-07,4.117203,4.235796,4.280065,4.292204,4.291715,4.28745,4.283264,4.280678,4.280141,4.281623
27/07/2007,27-Jul-07,4.103767,4.220127,4.25121,4.253846,4.248609,4.242871,4.239099,4.237904,4.239204,4.242674
30/07/2007,30-Jul-07,4.098809,4.206455,4.233604,4.23442,4.228387,4.222406,4.21872,4.217819,4.219546,4.223525
31/07/2007,31-Jul-07,4.110595,4.233345,4.270107,4.277286,4.275494,4.272272,4.270264,4.270239,4.272243,4.276054
01/08/2007,01-Aug-07,4.105466,4.21958,4.253574,4.259809,4.257683,4.254367,4.252388,4.252468,4.25463,4.258635
02/08/2007,02-Aug-07,4.119673,4.253033,4.291496,4.299063,4.297542,4.294508,4.292541,4.292389,4.294116,4.297529
03/08/2007,03-Aug-07,4.119298,4.228292,4.256957,4.260259,4.256706,4.252649,4.250182,4.24984,4.251575,4.255126
06/08/2007,06-Aug-07,4.099511,4.211563,4.238593,4.24106,4.237657,4.234393,4.233107,4.234172,4.237428,4.24254
07/08/2007,07-Aug-07,4.113365,4.227752,4.259715,4.265941,4.264973,4.26313,4.262531,4.263753,4.266791,4.271423
08/08/2007,08-Aug-07,4.138861,4.26891,4.313854,4.328811,4.333436,4.335065,4.336491,4.338734,4.342085,4.346531
09/08/2007,09-Aug-07,4.107969,4.21077,4.243508,4.251608,4.252317,4.252117,4.253282,4.256419,4.261487,4.268204
10/08/2007,10-Aug-07,4.052195,4.140458,4.172723,4.1842,4.189453,4.194265,4.200675,4.209144,4.219507,4.231378
13/08/2007,13-Aug-07,4.065847,4.151169,4.182431,4.193666,4.199002,4.204046,4.210764,4.219579,4.230302,4.242534
14/08/2007,14-Aug-07,4.067856,4.162142,4.198672,4.213182,4.220623,4.227038,4.234638,4.244001,4.255038,4.267418
15/08/2007,15-Aug-07,4.022351,4.072486,4.092176,4.10079,4.107118,4.114774,4.124901,4.137526,4.152228,4.168454
16/08/2007,16-Aug-07,3.987839,3.976795,3.969216,3.968206,3.97414,3.986173,4.003025,4.023376,4.046045,4.070047
17/08/2007,17-Aug-07,3.940394,3.929836,3.926401,3.931082,3.94314,3.961162,3.983597,4.009017,4.036212,4.064218
20/08/2007,20-Aug-07,3.943213,3.938694,3.941064,3.949456,3.962889,3.980373,4.000971,4.023839,4.048244,4.073567
21/08/2007,21-Aug-07,3.893409,3.850883,3.832849,3.832255,3.84393,3.864066,3.889854,3.919225,3.950656,3.983036
22/08/2007,22-Aug-07,3.941958,3.965493,3.985588,4.004034,4.021928,4.03989,4.058228,4.077047,4.096325,4.115971
23/08/2007,23-Aug-07,4.000524,3.992781,3.991811,3.99659,4.006114,4.019448,4.035748,4.054278,4.074402,4.095586
24/08/2007,24-Aug-07,3.967303,3.97349,3.979665,3.98713,3.996515,4.008014,4.02156,4.036933,4.053838,4.071955
27/08/2007,27-Aug-07,3.971902,4.012577,4.029692,4.037162,4.042319,4.048711,4.057766,4.069777,4.084478,4.101358
28/08/2007,28-Aug-07,3.937845,3.964106,3.979284,3.990011,3.999987,4.0111,4.024146,4.039295,4.056373,4.075042
29/08/2007,29-Aug-07,3.908771,3.947357,3.957451,3.958385,3.959265,3.96384,3.973158,3.986986,4.004567,4.024993
30/08/2007,30-Aug-07,3.921247,3.961725,3.974407,3.977716,3.980465,3.986378,3.996577,4.010927,4.028762,4.049255
31/08/2007,31-Aug-07,3.9109,3.977924,4.011752,4.030245,4.042984,4.054818,4.067939,4.083106,4.100338,4.119312
03/09/2007,03-Sept-07,3.923826,3.984999,4.012513,4.025271,4.03321,4.041219,4.051408,4.064405,4.0801,4.098054
04/09/2007,04-Sept-07,3.926748,3.976154,3.996785,4.005625,4.011467,4.018506,4.028429,4.041602,4.057749,4.076324
05/09/2007,05-Sept-07,3.940832,3.966112,3.97787,3.985297,3.993048,4.003184,4.016335,4.032387,4.050882,4.071237
06/09/2007,06-Sept-07,3.932588,3.940416,3.948185,3.957295,3.968401,3.981695,3.997085,4.014325,4.033096,4.053053
07/09/2007,07-Sept-07,3.910872,3.890014,3.882064,3.884116,3.893808,3.909231,3.928847,3.951428,3.975995,4.001776
10/09/2007,10-Sept-07,3.901644,3.869597,3.851904,3.845561,3.848097,3.857487,3.87208,3.890535,3.911769,3.934912
11/09/2007,11-Sept-07,3.911035,3.883792,3.867293,3.859823,3.859834,3.865954,3.876983,3.891885,3.909774,3.9299
12/09/2007,12-Sept-07,3.909784,3.911245,3.907663,3.904316,3.903902,3.907547,3.91546,3.92734,3.942641,3.960719
13/09/2007,13-Sept-07,3.906908,3.931659,3.947469,3.958835,3.968577,3.978377,3.98916,4.001351,4.015063,4.030219
14/09/2007,14-Sept-07,3.897078,3.91496,3.926059,3.934248,3.941899,3.950374,3.960362,3.972126,3.98566,4.000801
17/09/2007,17-Sept-07,3.914428,3.940843,3.957,3.967948,3.976861,3.98564,3.99534,4.006463,4.01916,4.033372
18/09/2007,18-Sept-07,3.919568,3.964724,3.99229,4.009803,4.022115,4.032262,4.042054,4.052496,4.064072,4.076937
19/09/2007,19-Sept-07,3.893962,3.948126,3.985263,4.012072,4.032969,4.050795,4.067315,4.083568,4.100112,4.117198
20/09/2007,20-Sept-07,3.894442,3.973089,4.021302,4.052372,4.074474,4.09248,4.109168,4.126007,4.143665,4.162342
21/09/2007,21-Sept-07,3.892667,3.952054,3.993181,4.024,4.049432,4.072412,4.094595,4.116824,4.139449,4.16253
24/09/2007,24-Sept-07,3.891954,3.948123,3.98775,4.018117,4.043712,4.067197,4.090051,4.113015,4.136375,4.160157
25/09/2007,25-Sept-07,3.888614,3.934171,3.96606,3.990751,4.012166,4.032567,4.053152,4.074459,4.096627,4.119571
26/09/2007,26-Sept-07,3.894781,3.966823,4.013883,4.047355,4.074037,4.097824,4.12081,4.143999,4.167754,4.192087
27/09/2007,27-Sept-07,3.888927,3.977112,4.027373,4.058792,4.081944,4.102399,4.122844,4.144353,4.167148,4.191031
28/09/2007,28-Sept-07,3.869906,3.955137,4.00273,4.031738,4.052725,4.071254,4.090001,4.11003,4.131545,4.154333
01/10/2007,01-Oct-07,3.863365,3.932166,3.97276,3.999922,4.021768,4.042474,4.063949,4.086841,4.111139,4.136528
02/10/2007,02-Oct-07,3.869183,3.937246,3.976072,4.001088,4.020748,4.039393,4.058997,4.080227,4.103066,4.12718
03/10/2007,03-Oct-07,3.853132,3.914475,3.948758,3.97058,3.987912,4.004812,4.023086,4.043294,4.065352,4.088876
04/10/2007,04-Oct-07,3.855807,3.913245,3.94728,3.970368,3.989379,4.007851,4.027377,4.048463,4.071043,4.094787
05/10/2007,05-Oct-07,3.864167,3.928432,3.968664,3.996954,4.020133,4.041837,4.063812,4.08672,4.11064,4.135359
08/10/2007,08-Oct-07,3.858859,3.930304,3.975541,4.007155,4.032382,4.055183,4.077556,4.100359,4.123816,4.147826
09/10/2007,09-Oct-07,3.857197,3.934315,3.980399,4.010216,4.032322,4.051466,4.070099,4.089332,4.109514,4.130599
10/10/2007,10-Oct-07,3.86158,3.959367,4.01813,4.055405,4.081586,4.102639,4.121823,4.140776,4.160199,4.180268
11/10/2007,11-Oct-07,3.85469,3.96727,4.037016,4.082109,4.113606,4.138068,4.159249,4.179187,4.198885,4.21875
12/10/2007,12-Oct-07,3.898251,4.022317,4.09359,4.135463,4.161835,4.180751,4.196686,4.211978,4.227716,4.244282
15/10/2007,15-Oct-07,3.91789,4.067571,4.148429,4.191742,4.21572,4.230696,4.242318,4.253486,4.265523,4.278884
16/10/2007,16-Oct-07,3.916618,4.050579,4.123506,4.163552,4.187036,4.203152,4.216853,4.230616,4.245509,4.261825
17/10/2007,17-Oct-07,3.920571,4.039869,4.104208,4.139501,4.160643,4.175917,4.189691,4.204068,4.219871,4.237242
18/10/2007,18-Oct-07,3.918609,4.004553,4.043685,4.061502,4.071546,4.080565,4.091547,4.105468,4.122292,4.141536
19/10/2007,19-Oct-07,3.896365,3.966525,3.996346,4.008722,4.015677,4.023066,4.033342,4.047155,4.064267,4.084063
22/10/2007,22-Oct-07,3.885845,3.940097,3.962845,3.971564,3.975844,3.980598,3.988029,3.998829,4.012897,4.029753
23/10/2007,23-Oct-07,3.892524,3.952569,3.97834,3.988421,3.993083,3.997656,4.004601,4.014767,4.028146,4.044313
24/10/2007,24-Oct-07,3.881312,3.914913,3.928889,3.934978,3.939591,3.94593,3.955315,3.968013,3.98374,4.001964
25/10/2007,25-Oct-07,3.88328,3.903257,3.910076,3.912821,3.916289,3.92271,3.932824,3.946559,3.963434,3.982809
26/10/2007,26-Oct-07,3.896438,3.924322,3.936194,3.942059,3.94734,3.954691,3.965144,3.978823,3.995386,4.014286
29/10/2007,29-Oct-07,3.901525,3.930818,3.94177,3.94567,3.948655,3.953752,3.962173,3.974114,3.989243,4.006995
30/10/2007,30-Oct-07,3.923637,3.974306,3.988175,3.988164,3.985793,3.986285,3.991505,4.001614,4.015995,4.033751
31/10/2007,31-Oct-07,3.937729,4.014895,4.046946,4.058073,4.06144,4.063811,4.068314,4.076074,4.087174,4.101199
01/11/2007,01-Nov-07,3.933332,3.995803,4.01677,4.020457,4.019455,4.019803,4.023959,4.032497,4.04508,4.060988
02/11/2007,02-Nov-07,3.923527,3.966957,3.971963,3.964268,3.956177,3.95286,3.95583,3.964854,3.978968,3.996997
05/11/2007,05-Nov-07,3.917398,3.958842,3.96264,3.954218,3.945709,3.942179,3.945079,3.954137,3.968359,3.986554
06/11/2007,06-Nov-07,3.917342,3.969699,3.983702,3.983202,3.980199,3.980159,3.985051,3.995073,4.009608,4.027735
07/11/2007,07-Nov-07,3.906341,3.944147,3.94679,3.938144,3.929714,3.926354,3.929477,3.938831,3.953454,3.97217
08/11/2007,08-Nov-07,3.894424,3.916289,3.911395,3.900041,3.891649,3.88985,3.895333,3.907415,3.924877,3.946395
09/11/2007,09-Nov-07,3.883403,3.878755,3.858404,3.838475,3.825826,3.822494,3.828166,3.841518,3.860919,3.884773
12/11/2007,12-Nov-07,3.899707,3.892314,3.875304,3.859179,3.848791,3.845818,3.850246,3.861241,3.877641,3.898232
13/11/2007,13-Nov-07,3.899962,3.891793,3.876638,3.863186,3.855414,3.854626,3.860697,3.872802,3.889842,3.910684
14/11/2007,14-Nov-07,3.903756,3.923622,3.925416,3.921583,3.918646,3.919629,3.925561,3.936388,3.951524,3.970168
15/11/2007,15-Nov-07,3.905786,3.903944,3.889251,3.874202,3.864568,3.86239,3.867755,3.879808,3.897328,3.919037
16/11/2007,16-Nov-07,3.897886,3.883522,3.861617,3.842808,3.83164,3.829346,3.835474,3.848815,3.867914,3.89134
19/11/2007,19-Nov-07,3.894197,3.864389,3.832243,3.80731,3.793076,3.789876,3.796549,3.811356,3.832457,3.858151
20/11/2007,20-Nov-07,3.883968,3.851731,3.817937,3.792077,3.777501,3.774396,3.781473,3.796888,3.818725,3.845227
21/11/2007,21-Nov-07,3.876156,3.828388,3.773911,3.731565,3.706787,3.699135,3.705929,3.723942,3.750135,3.781926
22/11/2007,22-Nov-07,3.880184,3.827873,3.762523,3.712832,3.684996,3.67737,3.686047,3.706935,3.736452,3.771699
23/11/2007,23-Nov-07,3.863208,3.814019,3.767511,3.734276,3.716865,3.714253,3.724053,3.743574,3.770301,3.802071
26/11/2007,26-Nov-07,3.853421,3.810065,3.773564,3.748756,3.736657,3.736375,3.746189,3.764143,3.788344,3.817106
27/11/2007,27-Nov-07,3.848202,3.795154,3.749058,3.717023,3.700372,3.697805,3.707016,3.7255,3.750923,3.781273
28/11/2007,28-Nov-07,3.854639,3.824799,3.800599,3.785827,3.781368,3.786596,3.800194,3.820608,3.846301,3.875875
29/11/2007,29-Nov-07,3.847818,3.812643,3.785957,3.770237,3.765614,3.771038,3.784955,3.805688,3.831641,3.861391
30/11/2007,30-Nov-07,3.857813,3.842934,3.829125,3.820851,3.819809,3.826147,3.839209,3.857972,3.881311,3.908134
03/12/2007,03-Dec-07,3.855779,3.822063,3.797651,3.783817,3.780275,3.785947,3.799413,3.819181,3.843834,3.872102
04/12/2007,04-Dec-07,3.854606,3.808158,3.769929,3.743811,3.730459,3.728889,3.737399,3.754083,3.7771,3.8048
05/12/2007,05-Dec-07,3.847643,3.809958,3.778083,3.756655,3.746792,3.747807,3.758199,3.776203,3.800081,3.828268
06/12/2007,06-Dec-07,3.876669,3.857762,3.825885,3.799054,3.783682,3.780775,3.789028,3.806342,3.830532,3.859624
07/12/2007,07-Dec-07,3.88647,3.909997,3.904017,3.891667,3.883449,3.883253,3.891664,3.90776,3.930059,3.956995
10/12/2007,10-Dec-07,3.908587,3.942727,3.943743,3.936003,3.930784,3.932469,3.941968,3.958581,3.980981,4.007712
11/12/2007,11-Dec-07,3.908232,3.967465,3.964169,3.949048,3.939249,3.939216,3.948758,3.96619,3.989551,4.017048
12/12/2007,12-Dec-07,3.906257,3.985189,3.989671,3.980797,3.9773,3.983353,3.998335,4.020298,4.047183,4.077206
13/12/2007,13-Dec-07,3.912639,4.003878,4.015723,4.008101,4.001895,4.003237,4.012806,4.029426,4.051459,4.077327
14/12/2007,14-Dec-07,3.917746,4.008957,4.015686,4.004792,3.997222,3.99824,4.007865,4.024543,4.046453,4.071946
17/12/2007,17-Dec-07,3.905531,3.989601,4.001749,3.996458,3.992766,3.996212,4.007321,4.02492,4.047433,4.073355
18/12/2007,18-Dec-07,3.877599,3.979712,4.006826,4.01194,4.014865,4.022157,4.035169,4.053338,4.075515,4.100501
19/12/2007,19-Dec-07,3.870571,3.951215,3.969548,3.97131,3.973545,3.981578,3.996109,4.016183,4.040407,4.067425
20/12/2007,20-Dec-07,3.875878,3.969624,3.982613,3.978844,3.978114,3.985176,3.999832,4.020481,4.045344,4.072863
21/12/2007,21-Dec-07,3.886363,3.977256,3.990471,3.986954,3.986167,3.993011,4.007445,4.027955,4.0528,4.08043
24/12/2007,24-Dec-07,3.901059,3.987815,3.99737,3.991296,3.988794,3.994482,4.008124,4.028089,4.052563,4.079944
27/12/2007,27-Dec-07,3.890682,4.000747,4.029115,4.035316,4.04011,4.049769,4.065252,4.085718,4.109865,4.136428
28/12/2007,28-Dec-07,3.901466,3.99073,4.012778,4.016562,4.019928,4.02844,4.042934,4.062572,4.086066,4.112154
31/12/2007,31-Dec-07,3.934317,4.000859,4.013793,4.014293,4.017014,4.026108,4.041728,4.062686,4.087507,4.114826
02/01/2008,02-Jan-08,3.88388,3.944946,3.941656,3.929658,3.925528,3.932382,3.948983,3.972997,4.002113,4.03439
03/01/2008,03-Jan-08,3.866186,3.893208,3.874582,3.853391,3.842751,3.844833,3.858093,3.880012,3.908113,3.940281
04/01/2008,04-Jan-08,3.871886,3.865269,3.826124,3.792327,3.77413,3.771999,3.783303,3.804802,3.833517,3.866983
07/01/2008,07-Jan-08,3.888399,3.896688,3.858049,3.820812,3.798239,3.79173,3.798975,3.816855,3.842431,3.873237
08/01/2008,08-Jan-08,3.886396,3.904593,3.884129,3.858941,3.841448,3.834981,3.839195,3.852428,3.872717,3.89821
09/01/2008,09-Jan-08,3.88422,3.88044,3.837872,3.797863,3.772635,3.763686,3.768888,3.785214,3.809738,3.839962
10/01/2008,10-Jan-08,3.880912,3.88605,3.854117,3.820744,3.798119,3.788893,3.792057,3.805415,3.826603,3.853477
11/01/2008,11-Jan-08,3.879885,3.867884,3.82593,3.787421,3.762924,3.753948,3.758689,3.774399,3.798342,3.828124
14/01/2008,14-Jan-08,3.85066,3.815434,3.775321,3.743257,3.723753,3.717259,3.722418,3.737225,3.759586,3.787576
15/01/2008,15-Jan-08,3.83546,3.789163,3.74153,3.705219,3.684041,3.677713,3.684256,3.701182,3.726043,3.756667
16/01/2008,16-Jan-08,3.81225,3.754547,3.704477,3.669427,3.65084,3.647404,3.65672,3.67615,3.703212,3.735748
17/01/2008,17-Jan-08,3.806375,3.70994,3.64218,3.600737,3.581758,3.581033,3.594565,3.61883,3.65086,3.688227
18/01/2008,18-Jan-08,3.798539,3.676675,3.596316,3.549616,3.52952,3.529952,3.545836,3.573021,3.60818,3.648687
21/01/2008,21-Jan-08,3.745772,3.59329,3.498667,3.447555,3.428768,3.433625,3.455434,3.489064,3.53061,3.577126
22/01/2008,22-Jan-08,3.679725,3.523179,3.433644,3.392615,3.386167,3.403875,3.437983,3.48276,3.534012,3.588702
23/01/2008,23-Jan-08,3.623141,3.455852,3.374295,3.345222,3.348764,3.372804,3.409763,3.454762,3.50457,3.556988
24/01/2008,24-Jan-08,3.732553,3.617402,3.552904,3.522777,3.516686,3.527739,3.551109,3.583276,3.621596,3.664044
25/01/2008,25-Jan-08,3.76675,3.672156,3.618755,3.594231,3.590438,3.601719,3.623976,3.654137,3.689847,3.729284
28/01/2008,28-Jan-08,3.73618,3.595989,3.512322,3.469852,3.45723,3.466028,3.489962,3.524345,3.565681,3.611369
29/01/2008,29-Jan-08,3.757226,3.62361,3.544455,3.505096,3.494623,3.504894,3.529821,3.564847,3.60657,3.652451
30/01/2008,30-Jan-08,3.744796,3.630897,3.564623,3.533492,3.528109,3.541378,3.567934,3.603721,3.645673,3.691485
31/01/2008,31-Jan-08,3.699748,3.547181,3.462096,3.423041,3.415448,3.42931,3.457675,3.495662,3.539814,3.587661
01/02/2008,01-Feb-08,3.712777,3.561208,3.47626,3.436603,3.427851,3.440177,3.466784,3.502911,3.545187,3.591203
04/02/2008,04-Feb-08,3.730401,3.569091,3.478223,3.43506,3.424315,3.435578,3.461674,3.497598,3.539822,3.585837
05/02/2008,05-Feb-08,3.686779,3.487153,3.369081,3.30874,3.288942,3.297274,3.324766,3.364942,3.41314,3.466011
06/02/2008,06-Feb-08,3.67635,3.468126,3.354412,3.302895,3.292302,3.308496,3.341994,3.386378,3.437271,3.491672
07/02/2008,07-Feb-08,3.627113,3.388165,3.258839,3.201679,3.191818,3.212647,3.253006,3.305365,3.364625,3.427328
08/02/2008,08-Feb-08,3.57822,3.326625,3.202194,3.15519,3.155484,3.18461,3.231095,3.2877,3.349787,3.414341
11/02/2008,11-Feb-08,3.605973,3.332595,3.187557,3.125338,3.116304,3.141044,3.186771,3.245015,3.310152,3.378442
12/02/2008,12-Feb-08,3.61922,3.371084,3.239954,3.185294,3.180307,3.207183,3.254031,3.312882,3.378384,3.446947
13/02/2008,13-Feb-08,3.646073,3.396261,3.264037,3.209059,3.204447,3.232214,3.280284,3.340526,3.407468,3.477433
14/02/2008,14-Feb-08,3.654723,3.426163,3.306818,3.25944,3.259067,3.288909,3.337643,3.397618,3.463669,3.532327
15/02/2008,15-Feb-08,3.650242,3.396563,3.259074,3.200059,3.193381,3.220934,3.270194,3.332527,3.402014,3.474631
18/02/2008,18-Feb-08,3.681848,3.452921,3.328809,3.275942,3.270935,3.297496,3.344282,3.403417,3.469458,3.538669
19/02/2008,19-Feb-08,3.686935,3.461303,3.336868,3.282698,3.276596,3.302682,3.349643,3.409469,3.476533,3.546929
20/02/2008,20-Feb-08,3.71343,3.493483,3.372163,3.319251,3.313093,3.338217,3.383617,3.441506,3.50642,3.574567
21/02/2008,21-Feb-08,3.748797,3.566762,3.465641,3.421385,3.416567,3.438585,3.478353,3.529353,3.586938,3.647823
22/02/2008,22-Feb-08,3.735872,3.552066,3.446227,3.396158,3.385512,3.402272,3.437633,3.485166,3.540208,3.599399
25/02/2008,25-Feb-08,3.726382,3.53984,3.432631,3.382255,3.372099,3.389922,3.426737,3.475975,3.532862,3.593958
26/02/2008,26-Feb-08,3.739308,3.569583,3.473809,3.431119,3.426036,3.447112,3.485912,3.536253,3.593632,3.654799
27/02/2008,27-Feb-08,3.720608,3.529768,3.421135,3.371631,3.364056,3.385644,3.426969,3.481109,3.543024,3.60908
28/02/2008,28-Feb-08,3.711447,3.502037,3.381383,3.324568,3.313015,3.332935,3.374146,3.42918,3.492605,3.560509
29/02/2008,29-Feb-08,3.662527,3.417451,3.273525,3.202319,3.182655,3.198834,3.23928,3.295518,3.361392,3.432481
03/03/2008,03-Mar-08,3.674157,3.43715,3.292462,3.215538,3.187755,3.195045,3.226832,3.275209,3.334306,3.399802
04/03/2008,04-Mar-08,3.701929,3.474364,3.333224,3.256128,3.225957,3.229671,3.257376,3.301605,3.356758,3.418668
05/03/2008,05-Mar-08,3.715263,3.488797,3.349522,3.274667,3.246857,3.252885,3.282759,3.328955,3.385849,3.449271
06/03/2008,06-Mar-08,3.749768,3.519822,3.376217,3.296746,3.264394,3.266173,3.292206,3.335024,3.389012,3.449979
07/03/2008,07-Mar-08,3.735874,3.512325,3.371022,3.291374,3.257475,3.257071,3.280766,3.321386,3.373483,3.432953
10/03/2008,10-Mar-08,3.716422,3.486198,3.339677,3.256108,3.219412,3.217171,3.239831,3.280077,3.332334,3.392387
11/03/2008,11-Mar-08,3.757887,3.562391,3.43423,3.357821,3.32085,3.313614,3.328492,3.359519,3.402047,3.452475
12/03/2008,12-Mar-08,3.756364,3.568441,3.444395,3.3696,3.33247,3.323848,3.336522,3.364833,3.404354,3.451645
13/03/2008,13-Mar-08,3.732706,3.518671,3.378606,3.295038,3.25424,3.245465,3.260326,3.292302,3.336347,3.388579
14/03/2008,14-Mar-08,3.734065,3.533712,3.402129,3.323428,3.285044,3.277076,3.291739,3.32294,3.36593,3.417025
17/03/2008,17-Mar-08,3.670426,3.448498,3.306012,3.223791,3.186853,3.183533,3.204778,3.243596,3.294612,3.353718
18/03/2008,18-Mar-08,3.706436,3.513868,3.388847,3.31579,3.282359,3.278815,3.297494,3.332386,3.378806,3.433113
19/03/2008,19-Mar-08,3.728378,3.562109,3.453112,3.388473,3.357908,3.353248,3.368026,3.397137,3.43657,3.483187
20/03/2008,20-Mar-08,3.760172,3.625569,3.536519,3.483001,3.456989,3.452075,3.463151,3.486159,3.517887,3.555801
25/03/2008,25-Mar-08,3.816258,3.704147,3.630488,3.586924,3.566742,3.564557,3.576066,3.597832,3.627128,3.66179
26/03/2008,26-Mar-08,3.825329,3.716549,3.644442,3.601289,3.580837,3.578031,3.588793,3.609843,3.63855,3.672812
27/03/2008,27-Mar-08,3.796561,3.686808,3.615806,3.575292,3.55858,3.560277,3.576039,3.602379,3.636507,3.676203
28/03/2008,28-Mar-08,3.798653,3.703745,3.643268,3.609927,3.597809,3.602129,3.619028,3.645399,3.678752,3.717098
31/03/2008,31-Mar-08,3.802397,3.699265,3.632942,3.595545,3.5807,3.583268,3.599114,3.624923,3.658047,3.696378
01/04/2008,01-Apr-08,3.817157,3.731749,3.677567,3.64803,3.637796,3.642533,3.658742,3.683602,3.714847,3.750665
02/04/2008,02-Apr-08,3.837274,3.742762,3.683256,3.650998,3.639769,3.644592,3.661496,3.687327,3.719586,3.756306
03/04/2008,03-Apr-08,3.829111,3.733137,3.673577,3.642309,3.632823,3.639915,3.659441,3.688109,3.723318,3.763022
04/04/2008,04-Apr-08,3.812884,3.712733,3.649465,3.614916,3.602535,3.607079,3.624363,3.651061,3.684541,3.722726
07/04/2008,07-Apr-08,3.823029,3.741183,3.691365,3.666462,3.660759,3.66968,3.689572,3.717528,3.751245,3.78891
08/04/2008,08-Apr-08,3.831261,3.744603,3.691773,3.665186,3.658767,3.667662,3.688005,3.71673,3.751417,3.790161
09/04/2008,09-Apr-08,3.821915,3.729275,3.674475,3.648584,3.644542,3.656783,3.680938,3.71359,3.752085,3.79437
10/04/2008,10-Apr-08,3.821203,3.70845,3.637821,3.599625,3.586168,3.591353,3.610371,3.639438,3.675596,3.716544
11/04/2008,11-Apr-08,3.811998,3.690236,3.612326,3.568278,3.550143,3.551619,3.56772,3.594522,3.628944,3.668587
14/04/2008,14-Apr-08,3.832561,3.714968,3.639865,3.597639,3.580625,3.582732,3.59913,3.626009,3.660373,3.69988
15/04/2008,15-Apr-08,3.850213,3.752198,3.68982,3.655299,3.642368,3.645994,3.662143,3.687598,3.719802,3.756729
16/04/2008,16-Apr-08,3.856309,3.772852,3.720212,3.691869,3.682529,3.687897,3.704502,3.729549,3.760793,3.796441
17/04/2008,17-Apr-08,3.858672,3.801878,3.769059,3.755204,3.756218,3.768756,3.7901,3.818046,3.850812,3.886969
18/04/2008,18-Apr-08,3.896548,3.880293,3.874516,3.877367,3.887269,3.902882,3.923069,3.946868,3.973467,4.002179
21/04/2008,21-Apr-08,3.890726,3.868029,3.857856,3.857903,3.866228,3.881193,3.90142,3.925754,3.953229,3.983041
22/04/2008,22-Apr-08,3.939631,4.003266,4.01468,4.003971,3.988041,3.975678,3.970816,3.974591,3.986626,4.005805
23/04/2008,23-Apr-08,3.904203,3.942061,3.945104,3.935167,3.924351,3.918746,3.920843,3.931069,3.948753,3.972713
24/04/2008,24-Apr-08,3.906321,3.93103,3.928634,3.918227,3.909977,3.90864,3.915802,3.931304,3.954101,3.982797
25/04/2008,25-Apr-08,3.909586,3.931793,3.929577,3.920173,3.912891,3.912168,3.919549,3.934946,3.957431,3.985719
28/04/2008,28-Apr-08,3.901557,3.914125,3.911137,3.905612,3.904325,3.91024,3.924088,3.94537,3.97299,4.005629
29/04/2008,29-Apr-08,3.892966,3.886637,3.873193,3.862543,3.859391,3.865338,3.880236,3.903028,3.932278,3.966466
30/04/2008,30-Apr-08,3.900723,3.891177,3.872512,3.856624,3.849017,3.851477,3.86375,3.884572,3.912282,3.945167
02/05/2008,02-May-08,3.8957,3.907016,3.907588,3.906987,3.910201,3.91939,3.935036,3.956694,3.983458,4.014249
05/05/2008,05-May-08,3.911974,3.917949,3.907875,3.896489,3.890955,3.89402,3.905982,3.925897,3.952294,3.983578
06/05/2008,06-May-08,3.893948,3.866208,3.834538,3.81082,3.799688,3.801812,3.815877,3.839737,3.871059,3.907653
07/05/2008,07-May-08,3.898266,3.881874,3.858352,3.840991,3.835114,3.84171,3.859611,3.886737,3.920797,3.959639
08/05/2008,08-May-08,3.895798,3.874085,3.835735,3.802754,3.783938,3.781165,3.793,3.816684,3.849188,3.887718
09/05/2008,09-May-08,3.889207,3.848429,3.789469,3.739512,3.708665,3.698453,3.706509,3.729071,3.762241,3.802547
12/05/2008,12-May-08,3.890517,3.867639,3.827627,3.790727,3.765856,3.755673,3.759602,3.775595,3.80111,3.833639
13/05/2008,13-May-08,3.906563,3.924977,3.910001,3.886722,3.867775,3.858568,3.860491,3.872856,3.894033,3.922098
14/05/2008,14-May-08,3.915288,3.956342,3.959874,3.949225,3.937293,3.930563,3.931691,3.941155,3.958276,3.98184
15/05/2008,15-May-08,3.934668,4.005838,4.023351,4.018135,4.007386,3.999936,3.999667,4.007645,4.023437,4.045898
16/05/2008,16-May-08,3.935626,4.00842,4.03245,4.033534,4.026809,4.020638,4.019179,4.024063,4.035468,4.052795
19/05/2008,19-May-08,3.941793,4.004291,4.021812,4.019257,4.010963,4.004642,4.003948,4.010131,4.023095,4.042051
20/05/2008,20-May-08,3.953228,4.019385,4.037613,4.034168,4.024206,4.015914,4.013212,4.017492,4.028723,4.046137
21/05/2008,21-May-08,3.985037,4.080602,4.115352,4.120241,4.113502,4.105333,4.100949,4.102573,4.110694,4.124869
22/05/2008,22-May-08,4.004686,4.129639,4.176274,4.183687,4.174834,4.162569,4.153543,4.150696,4.154836,4.165615
23/05/2008,23-May-08,4.008848,4.1471,4.198244,4.204836,4.192109,4.174399,4.159299,4.150335,4.148662,4.15412
26/05/2008,26-May-08,4.008242,4.145151,4.19581,4.203011,4.191851,4.176394,4.163944,4.157778,4.158853,4.166877
27/05/2008,27-May-08,3.999398,4.134206,4.185789,4.195409,4.187274,4.174942,4.165452,4.16195,4.165348,4.175348
28/05/2008,28-May-08,4.002483,4.146445,4.206424,4.223128,4.220652,4.21266,4.206382,4.205177,4.210152,4.221184
29/05/2008,29-May-08,4.016643,4.197546,4.278743,4.307342,4.311299,4.306581,4.30178,4.301048,4.305951,4.31662
30/05/2008,30-May-08,4.028171,4.196946,4.264492,4.281174,4.276008,4.264958,4.25617,4.253224,4.257146,4.267615
02/06/2008,02-Jun-08,4.028505,4.179261,4.236711,4.248273,4.241067,4.229847,4.221981,4.220559,4.226297,4.238685
03/06/2008,03-Jun-08,4.047558,4.234798,4.308571,4.325466,4.31795,4.303828,4.292163,4.286944,4.289326,4.298979
04/06/2008,04-Jun-08,4.034179,4.198006,4.258731,4.269096,4.259047,4.244749,4.23421,4.230747,4.235099,4.246687
05/06/2008,05-Jun-08,4.15046,4.392403,4.484824,4.501077,4.483235,4.454509,4.42692,4.406012,4.393693,4.389946
06/06/2008,06-Jun-08,4.253204,4.501842,4.584251,4.587073,4.557428,4.519731,4.485628,4.459802,4.443313,4.435483
09/06/2008,09-Jun-08,4.262511,4.535732,4.63793,4.655863,4.637133,4.606766,4.577029,4.553176,4.536771,4.527565
10/06/2008,10-Jun-08,4.248451,4.479272,4.569385,4.590927,4.58319,4.566589,4.550931,4.540248,4.535574,4.536513
11/06/2008,11-Jun-08,4.23512,4.433033,4.513134,4.535464,4.533122,4.523492,4.514996,4.511101,4.512671,4.519306
12/06/2008,12-Jun-08,4.24013,4.445438,4.5389,4.574347,4.582519,4.580302,4.576422,4.574929,4.577287,4.583614
13/06/2008,13-Jun-08,4.260698,4.461695,4.560567,4.604433,4.620762,4.625051,4.62563,4.626632,4.629808,4.635621
16/06/2008,16-Jun-08,4.306528,4.539553,4.658698,4.713764,4.734558,4.738499,4.735421,4.730602,4.726639,4.724605
17/06/2008,17-Jun-08,4.300055,4.49583,4.597452,4.645707,4.665273,4.670716,4.670332,4.668604,4.667746,4.668666
18/06/2008,18-Jun-08,4.276194,4.483621,4.588117,4.636511,4.655911,4.66159,4.661825,4.660842,4.660582,4.661755
19/06/2008,19-Jun-08,4.286768,4.509826,4.630689,4.692549,4.721435,4.732749,4.735393,4.734339,4.732231,4.730363
20/06/2008,20-Jun-08,4.29119,4.481978,4.578108,4.622248,4.639391,4.643779,4.643214,4.641717,4.64115,4.642189
23/06/2008,23-Jun-08,4.283165,4.45762,4.544522,4.583727,4.598565,4.602288,4.602098,4.601643,4.602548,4.605327
24/06/2008,24-Jun-08,4.289559,4.438425,4.50927,4.540179,4.552511,4.557743,4.561642,4.566778,4.574003,4.583309
25/06/2008,25-Jun-08,4.301416,4.463553,4.545869,4.583703,4.598365,4.602333,4.602607,4.602858,4.604786,4.608971
26/06/2008,26-Jun-08,4.318694,4.449039,4.512164,4.538368,4.546016,4.545873,4.543942,4.543302,4.545292,4.550255
27/06/2008,27-Jun-08,4.294825,4.417189,4.475625,4.498623,4.503801,4.501698,4.498318,4.496812,4.498585,4.504016
30/06/2008,30-Jun-08,4.331739,4.494118,4.57946,4.619392,4.634074,4.636059,4.632912,4.628979,4.626558,4.626691
01/07/2008,01-Jul-08,4.340083,4.48035,4.548254,4.575077,4.580363,4.57598,4.568838,4.562706,4.559406,4.559594
02/07/2008,02-Jul-08,4.356957,4.515347,4.601871,4.644998,4.663165,4.668069,4.666927,4.664013,4.661705,4.661184
03/07/2008,03-Jul-08,4.318902,4.439059,4.492296,4.512147,4.517592,4.518843,4.520953,4.526033,4.534601,4.546377
04/07/2008,04-Jul-08,4.291321,4.404874,4.45501,4.471854,4.473417,4.470031,4.467242,4.467693,4.472321,4.481117
07/07/2008,07-Jul-08,4.270223,4.374815,4.419387,4.431634,4.428577,4.420296,4.412428,4.407823,4.407639,4.412043
08/07/2008,08-Jul-08,4.271654,4.370483,4.413426,4.425887,4.423653,4.416195,4.408893,4.404533,4.404299,4.408425
09/07/2008,09-Jul-08,4.28401,4.390525,4.439322,4.45504,4.453494,4.444551,4.434121,4.425514,4.420379,4.419326
10/07/2008,10-Jul-08,4.286,4.376239,4.416908,4.429285,4.427072,4.41884,4.409721,4.402586,4.398845,4.398999
11/07/2008,11-Jul-08,4.283991,4.356009,4.391676,4.405612,4.407631,4.404153,4.399239,4.395323,4.39374,4.395101
14/07/2008,14-Jul-08,4.261043,4.338749,4.377808,4.393893,4.397453,4.39528,4.391632,4.389037,4.388863,4.391715
15/07/2008,15-Jul-08,4.232124,4.290464,4.315162,4.321496,4.31925,4.314471,4.310689,4.309781,4.312559,4.319175
16/07/2008,16-Jul-08,4.237996,4.306225,4.34092,4.356206,4.361353,4.362275,4.362581,4.364333,4.368572,4.375682
17/07/2008,17-Jul-08,4.24764,4.32802,4.373901,4.398676,4.411357,4.417871,4.421996,4.42603,4.431271,4.438354
18/07/2008,18-Jul-08,4.282322,4.396411,4.463324,4.500625,4.520191,4.529904,4.534864,4.538254,4.541961,4.547003
21/07/2008,21-Jul-08,4.316795,4.478279,4.567546,4.613105,4.633454,4.640349,4.641056,4.63989,4.63926,4.640365
22/07/2008,22-Jul-08,4.310871,4.448082,4.524929,4.565582,4.585634,4.59492,4.599458,4.602763,4.60675,4.612324
23/07/2008,23-Jul-08,4.303838,4.455405,4.543189,4.591811,4.617381,4.630237,4.636842,4.641095,4.645217,4.650362
24/07/2008,24-Jul-08,4.289043,4.376591,4.42849,4.459284,4.478325,4.491465,4.502231,4.512633,4.523707,4.535885
25/07/2008,25-Jul-08,4.30759,4.380493,4.421123,4.443597,4.456793,4.466105,4.474644,4.484055,4.495074,4.507886
28/07/2008,28-Jul-08,4.305949,4.355204,4.38083,4.394474,4.403174,4.410966,4.419972,4.431126,4.444654,4.460388
29/07/2008,29-Jul-08,4.291344,4.345531,4.369925,4.379401,4.38292,4.385601,4.390123,4.397661,4.408491,4.422395
30/07/2008,30-Jul-08,4.262217,4.322122,4.345592,4.3514,4.350574,4.349233,4.350451,4.355476,4.364504,4.377175
31/07/2008,31-Jul-08,4.256433,4.310598,4.321469,4.313971,4.301872,4.292193,4.287983,4.290058,4.298058,4.311081
01/08/2008,01-Aug-08,4.267294,4.320185,4.3241,4.307986,4.287631,4.27094,4.261234,4.259287,4.26456,4.275923
04/08/2008,04-Aug-08,4.275948,4.316884,4.314089,4.294656,4.273094,4.256444,4.247452,4.246523,4.252889,4.265286
05/08/2008,05-Aug-08,4.276538,4.313431,4.303978,4.277865,4.250704,4.229863,4.21804,4.215436,4.221035,4.233339
06/08/2008,06-Aug-08,4.277864,4.312385,4.30312,4.277865,4.251453,4.231021,4.219288,4.216561,4.221944,4.23404
07/08/2008,07-Aug-08,4.229263,4.214845,4.176222,4.135145,4.102127,4.081241,4.073046,4.076345,4.089204,4.109514
08/08/2008,08-Aug-08,4.239176,4.191677,4.140521,4.096207,4.063502,4.043791,4.036565,4.040365,4.053346,4.073609
11/08/2008,11-Aug-08,4.251068,4.210181,4.163516,4.122202,4.091439,4.072914,4.066331,4.070383,4.083332,4.103361
12/08/2008,12-Aug-08,4.258004,4.199634,4.141698,4.09305,4.057434,4.035604,4.02668,4.028986,4.040559,4.059442
13/08/2008,13-Aug-08,4.260951,4.18284,4.114332,4.061095,4.024687,4.004379,3.998299,4.004113,4.019435,4.042046
14/08/2008,14-Aug-08,4.272637,4.177809,4.101487,4.045178,4.008043,3.988026,3.98256,3.988988,4.004799,4.027752
15/08/2008,15-Aug-08,4.226117,4.169818,4.109128,4.056609,4.017737,3.993917,3.984353,3.987191,4.0002,4.021142
18/08/2008,18-Aug-08,4.225227,4.154364,4.084717,4.026675,3.984394,3.958479,3.947648,3.949759,3.962401,3.983229
19/08/2008,19-Aug-08,4.21086,4.112606,4.028714,3.964004,3.91932,3.893329,3.883649,3.887524,3.902217,3.925216
20/08/2008,20-Aug-08,4.225482,4.136878,4.059149,3.997706,3.954024,3.92736,3.915832,3.917094,3.928722,3.948441
21/08/2008,21-Aug-08,4.243423,4.189776,4.13738,4.093032,4.059804,4.038486,4.028551,4.028776,4.037631,4.053527
22/08/2008,22-Aug-08,4.248905,4.21299,4.175032,4.141581,4.115924,4.099291,4.091668,4.092336,4.100223,4.114131
25/08/2008,25-Aug-08,4.230676,4.172572,4.114404,4.064642,4.027055,4.002597,3.990639,3.989739,3.998127,4.013989
26/08/2008,26-Aug-08,4.208761,4.130931,4.059902,4.002371,3.960736,3.934912,3.923476,3.924399,3.935472,3.954557
27/08/2008,27-Aug-08,4.220948,4.19507,4.156608,4.118394,4.087134,4.06575,4.054909,4.054021,4.061858,4.076946
28/08/2008,28-Aug-08,4.228689,4.225887,4.205947,4.181019,4.158051,4.140633,4.130256,4.127142,4.130795,4.140356
29/08/2008,29-Aug-08,4.230293,4.198391,4.163847,4.133202,4.10971,4.094572,4.087765,4.088582,4.095988,4.108836
01/09/2008,01-Sept-08,4.22628,4.156928,4.094723,4.045468,4.010987,3.990867,3.983551,3.987005,3.999106,4.017861
02/09/2008,02-Sept-08,4.236057,4.196699,4.154425,4.11792,4.091151,4.075282,4.0699,4.07379,4.085407,4.103156
03/09/2008,03-Sept-08,4.246683,4.193548,4.138654,4.091423,4.056053,4.033655,4.023618,4.02447,4.034394,4.051539
04/09/2008,04-Sept-08,4.249043,4.197328,4.131307,4.069692,4.021142,3.98855,3.971682,3.968766,3.977426,3.995195
05/09/2008,05-Sept-08,4.244166,4.147637,4.051507,3.969523,3.907207,3.865441,3.842679,3.83627,3.84323,3.860656
08/09/2008,08-Sept-08,4.253365,4.176613,4.094396,4.022709,3.968314,3.93278,3.914946,3.912395,3.922298,3.941873
09/09/2008,09-Sept-08,4.25418,4.178151,4.096326,4.025414,3.972348,3.938624,3.922923,3.922663,3.934873,3.956666
10/09/2008,10-Sept-08,4.242976,4.15465,4.072754,4.006215,3.958182,3.928549,3.915527,3.916601,3.92908,3.950405
11/09/2008,11-Sept-08,4.239189,4.12299,4.025075,3.949407,3.89625,3.863857,3.849527,3.850244,3.863047,3.885228
12/09/2008,12-Sept-08,4.2398,4.138415,4.056512,3.995578,3.954795,3.932121,3.924978,3.930668,3.946614,3.970491
15/09/2008,15-Sept-08,4.186045,4.022102,3.904439,3.825533,3.778384,3.756739,3.75517,3.76907,3.794599,3.82861
16/09/2008,16-Sept-08,4.104982,3.933126,3.818457,3.747824,3.710805,3.699172,3.70645,3.727568,3.758572,3.796397
17/09/2008,17-Sept-08,4.150504,3.997749,3.895447,3.832408,3.799646,3.789969,3.797651,3.818155,3.847907,3.884106
18/09/2008,18-Sept-08,4.127647,4.00324,3.917437,3.863051,3.833936,3.824891,3.831559,3.850322,3.878201,3.912765
19/09/2008,19-Sept-08,4.179963,4.093769,4.036666,4.002952,3.987889,3.987555,3.998719,4.018724,4.045402,4.076985
22/09/2008,22-Sept-08,4.15306,4.132617,4.115503,4.104286,4.100111,4.103193,4.113174,4.129363,4.150908,4.176903
23/09/2008,23-Sept-08,4.105761,4.071626,4.048321,4.035796,4.033351,4.039923,4.054282,4.075158,4.101326,4.131651
24/09/2008,24-Sept-08,4.036425,3.977387,3.941551,3.924702,3.923168,3.93379,3.953885,3.981199,4.013858,4.050319
25/09/2008,25-Sept-08,4.003395,3.959851,3.936989,3.930835,3.937969,3.95548,3.980923,4.012264,4.047829,4.086254
26/09/2008,26-Sept-08,3.915829,3.86432,3.838688,3.833299,3.843514,3.865542,3.89631,3.93334,3.974653,4.018684
29/09/2008,29-Sept-08,3.866451,3.74214,3.675253,3.650186,3.655094,3.681027,3.721261,3.770782,3.825886,3.883861
30/09/2008,30-Sept-08,3.656132,3.597012,3.577674,3.586608,3.615162,3.656872,3.706947,3.761872,3.819094,3.876793
01/10/2008,01-Oct-08,3.67426,3.585038,3.556564,3.567886,3.604363,3.655863,3.715457,3.778486,3.841887,3.903711
02/10/2008,02-Oct-08,3.70553,3.532208,3.465837,3.465484,3.504234,3.564607,3.635424,3.709701,3.783211,3.853528
03/10/2008,03-Oct-08,3.708138,3.395607,3.289189,3.294347,3.35581,3.441967,3.535317,3.626655,3.711566,3.788316
06/10/2008,06-Oct-08,3.779223,3.312676,3.145655,3.133988,3.197592,3.292936,3.397123,3.498744,3.592667,3.677085
07/10/2008,07-Oct-08,3.677104,3.194725,3.003032,3.079976,3.233063,3.383861,3.511681,3.6155,3.69933,3.767573
08/10/2008,08-Oct-08,3.70741,3.202744,2.960166,3.004103,3.143152,3.290525,3.419583,3.526268,3.613266,3.684479
09/10/2008,09-Oct-08,3.750919,3.161657,2.954382,3.044597,3.218842,3.390813,3.537233,3.656621,3.753287,3.832118
10/10/2008,10-Oct-08,3.737352,3.115003,2.897817,2.979743,3.155971,3.337719,3.497257,3.630141,3.739274,3.829075
13/10/2008,13-Oct-08,3.471871,3.10717,2.985414,3.086869,3.26738,3.45217,3.615061,3.751253,3.863362,3.95573
14/10/2008,14-Oct-08,3.458045,3.112285,3.045803,3.175772,3.362366,3.54154,3.694255,3.819368,3.921069,4.004222
15/10/2008,15-Oct-08,3.36282,3.139662,3.120165,3.201356,3.326186,3.464035,3.599293,3.724716,3.837593,3.93757
16/10/2008,16-Oct-08,3.279002,3.076199,3.045423,3.10901,3.219953,3.35046,3.48465,3.613924,3.734051,3.843358
17/10/2008,17-Oct-08,3.334223,3.100679,2.899718,2.911167,3.040981,3.210414,3.37946,3.532275,3.66477,3.777778
20/10/2008,20-Oct-08,3.362589,3.112753,2.947989,2.976643,3.101839,3.258925,3.416454,3.561327,3.689412,3.800637
21/10/2008,21-Oct-08,3.296496,3.12268,2.944776,2.945294,3.047067,3.189202,3.339216,3.481917,3.611244,3.725679
22/10/2008,22-Oct-08,3.176515,3.009441,2.851507,2.851962,2.9462,3.08078,3.225656,3.365844,3.494747,3.610193
23/10/2008,23-Oct-08,3.146459,2.968056,2.818103,2.829119,2.930285,3.067216,3.21073,3.347057,3.470658,3.580136
24/10/2008,24-Oct-08,3.162802,2.926449,2.752651,2.772073,2.889514,3.04011,3.192181,3.332455,3.456657,3.564594
27/10/2008,27-Oct-08,3.109349,2.894859,2.696656,2.701886,2.816758,2.972157,3.132908,3.283477,3.41826,3.536347
28/10/2008,28-Oct-08,3.098373,2.864187,2.643701,2.645185,2.767479,2.934212,3.106527,3.267474,3.411101,3.53658
29/10/2008,29-Oct-08,3.068647,2.89436,2.681589,2.675992,2.791092,2.953365,3.123685,3.284325,3.428663,3.555396
30/10/2008,30-Oct-08,3.080265,2.915587,2.721876,2.71405,2.816821,2.966521,3.127861,3.283585,3.426297,3.553687
31/10/2008,31-Oct-08,3.055571,2.863721,2.669127,2.675773,2.795893,2.960594,3.133284,3.296971,3.444977,3.575729
03/11/2008,03-Nov-08,3.079597,2.912253,2.730689,2.734836,2.847217,3.004114,3.170641,3.330016,3.475259,3.604393
04/11/2008,04-Nov-08,3.067177,2.904687,2.713867,2.713169,2.824044,2.981047,3.148341,3.308691,3.454914,3.584951
05/11/2008,05-Nov-08,2.992108,2.920519,2.751099,2.734704,2.821699,2.958481,3.112293,3.265505,3.409491,3.540679
06/11/2008,06-Nov-08,2.71738,2.758318,2.707109,2.726673,2.809281,2.929094,3.065737,3.205996,3.342089,3.469869
07/11/2008,07-Nov-08,2.747631,2.741521,2.647535,2.644837,2.717795,2.834662,2.971772,3.114139,3.25303,3.383793
10/11/2008,10-Nov-08,2.734781,2.730224,2.64403,2.646426,2.721886,2.839486,2.976206,3.117503,3.254942,3.384067
11/11/2008,11-Nov-08,2.571315,2.6209,2.590216,2.60988,2.684926,2.796925,2.92814,3.065863,3.201998,3.331833
12/11/2008,12-Nov-08,2.422493,2.401958,2.449213,2.539663,2.656205,2.786643,2.922365,3.057474,3.18812,3.311961
13/11/2008,13-Nov-08,2.398509,2.384119,2.420218,2.498135,2.605694,2.731438,2.866105,3.002844,3.136932,3.265339
14/11/2008,14-Nov-08,2.406331,2.411948,2.470743,2.562698,2.674248,2.796122,2.921983,3.047535,3.169928,3.28734
17/11/2008,17-Nov-08,2.325742,2.338798,2.405096,2.504258,2.622468,2.75031,2.881384,3.011395,3.137531,3.258034
18/11/2008,18-Nov-08,2.300275,2.339198,2.400141,2.487232,2.595746,2.718502,2.848622,2.980536,3.110152,3.234711
19/11/2008,19-Nov-08,2.266732,2.278469,2.344544,2.444869,2.565105,2.695189,2.828207,2.959539,3.086224,3.206474
20/11/2008,20-Nov-08,2.137836,2.141082,2.211047,2.320785,2.452018,2.592564,2.734493,2.872817,3.004567,3.128135
21/11/2008,21-Nov-08,2.124105,2.15493,2.239896,2.356605,2.489782,2.629213,2.768247,2.90272,3.030185,3.149356
24/11/2008,24-Nov-08,2.168346,2.165495,2.236132,2.349062,2.483702,2.62674,2.769806,2.907854,3.038054,3.159021
25/11/2008,25-Nov-08,2.155353,2.210303,2.308913,2.431559,2.565105,2.700972,2.833756,2.960228,3.078639,3.188213
26/11/2008,26-Nov-08,2.098181,2.171677,2.285995,2.420698,2.562613,2.70352,2.838541,2.965011,3.08171,3.188326
27/11/2008,27-Nov-08,2.06353,2.160201,2.28939,2.433308,2.580574,2.724195,2.860143,2.986344,3.101992,3.207066
28/11/2008,28-Nov-08,2.014829,2.102443,2.230112,2.375883,2.526117,2.672679,2.811034,2.938947,3.055623,3.161135
01/12/2008,01-Dec-08,2.040033,2.108991,2.215972,2.34219,2.475498,2.608274,2.735947,2.855976,2.967146,3.06909
02/12/2008,02-Dec-08,2.018307,2.094664,2.209821,2.342848,2.480762,2.615814,2.743657,2.86212,2.97039,3.068474
03/12/2008,03-Dec-08,1.979359,2.014477,2.143628,2.306999,2.474043,2.630386,2.770339,2.89269,2.998367,3.089179
04/12/2008,04-Dec-08,1.924392,1.972609,2.126309,2.298676,2.46155,2.607912,2.737758,2.852989,2.955694,3.047671
05/12/2008,05-Dec-08,1.979469,2.055617,2.221656,2.392703,2.547737,2.684474,2.805213,2.912734,3.00933,3.096725
08/12/2008,08-Dec-08,2.003636,2.109487,2.292674,2.467935,2.621067,2.753977,2.870786,2.974897,3.068732,3.153976
09/12/2008,09-Dec-08,2.032567,2.169571,2.376207,2.560311,2.714884,2.846398,2.960979,3.062805,3.15458,3.238078
10/12/2008,10-Dec-08,1.990282,2.128487,2.347728,2.542808,2.705427,2.842785,2.961774,3.067101,3.1618,3.247856
11/12/2008,11-Dec-08,1.996006,2.104953,2.305635,2.49605,2.660554,2.802135,2.925952,3.036092,3.135394,3.225791
12/12/2008,12-Dec-08,1.985271,2.085277,2.274126,2.458644,2.621447,2.763512,2.888855,3.001002,3.102519,3.195208
15/12/2008,15-Dec-08,1.982546,2.103431,2.289403,2.469463,2.630603,2.773758,2.902126,3.018498,3.124922,3.222852
16/12/2008,16-Dec-08,1.953457,2.065843,2.252557,2.43505,2.598077,2.742155,2.87059,2.986374,3.091733,3.188258
17/12/2008,17-Dec-08,1.875438,1.936415,2.089411,2.261721,2.427883,2.580553,2.718893,2.844104,2.957786,3.061416
18/12/2008,18-Dec-08,1.840741,1.923314,2.070565,2.234359,2.395163,2.545902,2.684725,2.81182,2.928061,3.034456
19/12/2008,19-Dec-08,1.801951,1.897533,2.031904,2.180806,2.331476,2.47747,2.61578,2.745225,2.865568,2.977034
22/12/2008,22-Dec-08,1.772112,1.874261,2.01383,2.166053,2.318438,2.464999,2.603139,2.731989,2.851525,2.962106
23/12/2008,23-Dec-08,1.733346,1.866173,2.014548,2.166669,2.316076,2.459389,2.59499,2.722249,2.841076,2.951667
24/12/2008,24-Dec-08,1.76787,1.871276,2.008971,2.15897,2.309718,2.455401,2.593319,2.722434,2.842563,2.953946
29/12/2008,29-Dec-08,1.696875,1.817993,1.972489,2.134762,2.293334,2.443492,2.583668,2.713702,2.834011,2.945213
30/12/2008,30-Dec-08,1.735381,1.843814,1.987219,2.142205,2.296908,2.44561,2.585816,2.716687,2.838197,2.950697
31/12/2008,31-Dec-08,1.761221,1.84939,1.984819,2.137652,2.292726,2.442694,2.584302,2.716389,2.838824,2.951955
02/01/2009,02-Jan-09,1.690772,1.788542,1.93753,2.101709,2.264742,2.41976,2.564334,2.698034,2.821264,2.934726
05/01/2009,05-Jan-09,1.690158,1.781239,1.91339,2.063826,2.219414,2.372794,2.520022,2.659157,2.789411,2.910637
06/01/2009,06-Jan-09,1.674894,1.797156,1.946625,2.106722,2.267937,2.424985,2.575085,2.716913,2.849989,2.9743
07/01/2009,07-Jan-09,1.575764,1.654964,1.828091,2.023338,2.214026,2.391657,2.554674,2.703904,2.840795,2.966778
08/01/2009,08-Jan-09,1.549485,1.590652,1.760393,1.96303,2.162847,2.348334,2.517249,2.670549,2.810028,2.937475
09/01/2009,09-Jan-09,1.42905,1.472082,1.649604,1.860615,2.067926,2.25981,2.43416,2.592121,2.735644,2.866637
12/01/2009,12-Jan-09,1.388872,1.44836,1.639967,1.858776,2.069278,2.261809,2.435651,2.592711,2.735309,2.865499
13/01/2009,13-Jan-09,1.365316,1.437639,1.62598,1.838591,2.043832,2.232798,2.404619,2.560865,2.703545,2.834478
14/01/2009,14-Jan-09,1.372518,1.444915,1.621963,1.825018,2.024493,2.210754,2.381879,2.538647,2.682561,2.81514
15/01/2009,15-Jan-09,1.328905,1.416988,1.62008,1.839766,2.046405,2.233705,2.402515,2.555322,2.694562,2.822222
16/01/2009,16-Jan-09,1.340221,1.404009,1.628771,1.871908,2.095133,2.292528,2.466843,2.622194,2.762144,2.889411
19/01/2009,19-Jan-09,1.316522,1.417158,1.638956,1.871544,2.085874,2.277805,2.449726,2.604984,2.74644,2.876282
20/01/2009,20-Jan-09,1.279793,1.370983,1.601373,1.84564,2.070416,2.270728,2.449142,2.609382,2.754658,2.887426
21/01/2009,21-Jan-09,1.22599,1.321656,1.568495,1.827292,2.062987,2.271386,2.455963,2.62108,2.770347,2.906466
22/01/2009,22-Jan-09,1.180859,1.274705,1.512037,1.771341,2.015392,2.235971,2.433896,2.612149,2.773719,2.921071
23/01/2009,23-Jan-09,1.141196,1.236352,1.473642,1.730806,1.971929,2.189824,2.385843,2.563166,2.724808,2.873188
26/01/2009,26-Jan-09,1.176836,1.378852,1.677078,1.953094,2.193147,2.40315,2.590113,2.759175,2.913794,3.056304
27/01/2009,27-Jan-09,1.187382,1.378225,1.69101,1.983181,2.235563,2.453851,2.645909,2.817709,2.973335,3.115557
28/01/2009,28-Jan-09,1.122326,1.310649,1.619158,1.905597,2.151905,2.364326,2.55091,2.717669,2.868672,3.006663
29/01/2009,29-Jan-09,1.13333,1.296053,1.573043,1.848713,2.097427,2.318053,2.514691,2.691551,2.851941,2.998303
30/01/2009,30-Jan-09,1.136675,1.265332,1.516238,1.787257,2.044562,2.279434,2.491687,2.683563,2.857619,3.016111
02/02/2009,02-Feb-09,1.175408,1.30251,1.512819,1.749242,1.985626,2.210819,2.420771,2.614664,2.79305,2.956978
03/02/2009,03-Feb-09,1.123319,1.240439,1.45215,1.693757,1.935988,2.166549,2.381071,2.578739,2.760211,2.926663
04/02/2009,04-Feb-09,1.142194,1.268082,1.498176,1.753526,2.003112,2.236223,2.450389,2.646224,2.825295,2.989297
05/02/2009,05-Feb-09,1.070539,1.181447,1.398977,1.647958,1.896182,2.131043,2.3486,2.548541,2.731915,2.90016
06/02/2009,06-Feb-09,1.013417,1.158934,1.392545,1.649645,1.902814,2.141505,2.36258,2.565979,2.75278,2.924368
09/02/2009,09-Feb-09,1.018357,1.179755,1.426642,1.690263,1.944587,2.181185,2.398532,2.597561,2.779891,2.947169
10/02/2009,10-Feb-09,1.056093,1.211231,1.427805,1.664999,1.90242,2.130411,2.344866,2.544477,2.729288,2.899947
11/02/2009,11-Feb-09,1.05017,1.186802,1.383395,1.605212,1.832792,2.05558,2.268164,2.468053,2.65439,2.827195
12/02/2009,12-Feb-09,0.995869,1.11805,1.32596,1.559577,1.792372,2.013537,2.219444,2.409591,2.584722,2.745986
13/02/2009,13-Feb-09,1.006172,1.126432,1.33966,1.580206,1.819505,2.046161,2.256495,2.450125,2.627946,2.791243
16/02/2009,16-Feb-09,0.987247,1.077519,1.273963,1.508375,1.748336,1.979319,2.195554,2.395419,2.579149,2.747725
17/02/2009,17-Feb-09,0.983128,1.064778,1.243276,1.462526,1.692952,1.919535,2.135143,2.336834,2.523823,2.696391
18/02/2009,18-Feb-09,1.006914,1.086147,1.264299,1.482866,1.711726,1.935997,2.148859,2.347665,2.531853,2.701848
19/02/2009,19-Feb-09,1.012299,1.148819,1.378372,1.627996,1.870153,2.095916,2.303611,2.49413,2.669066,2.830036
20/02/2009,20-Feb-09,0.98546,1.114634,1.333117,1.575182,1.813635,2.038357,2.246529,2.438256,2.614672,2.777146
23/02/2009,23-Feb-09,0.966855,1.104095,1.337021,1.586561,1.82553,2.046402,2.248612,2.433709,2.603622,2.760109
24/02/2009,24-Feb-09,0.933669,1.057337,1.279003,1.52387,1.763012,1.986664,2.19271,2.38183,2.555533,2.715406
25/02/2009,25-Feb-09,0.900891,1.021601,1.244536,1.492251,1.734674,1.961577,2.170686,2.362645,2.538971,2.701275
26/02/2009,26-Feb-09,0.883404,1.044588,1.31923,1.600295,1.859672,2.093487,2.304244,2.495381,2.669872,2.830025
27/02/2009,27-Feb-09,0.861979,1.008168,1.277021,1.556891,1.816752,2.051379,2.262774,2.454265,2.628852,2.788909
02/03/2009,02-Mar-09,0.86107,0.992522,1.230577,1.491866,1.745382,1.981285,2.197848,2.396147,2.577986,2.745158
03/03/2009,03-Mar-09,0.818338,0.960468,1.205951,1.473158,1.731845,1.97248,2.193458,2.39589,2.581592,2.752359
04/03/2009,04-Mar-09,0.799797,0.933822,1.176438,1.446071,1.710445,1.958288,2.186899,2.396815,2.589591,2.766933
05/03/2009,05-Mar-09,0.797397,0.936498,1.181458,1.448066,1.705682,1.944931,2.16441,2.365384,2.549753,2.719354
06/03/2009,06-Mar-09,0.79162,0.943675,1.197086,1.465132,1.719594,1.953463,2.166818,2.361681,2.540288,2.704588
09/03/2009,09-Mar-09,0.810376,0.993892,1.266678,1.538116,1.786871,2.011325,2.214427,2.399454,2.569073,2.725308
10/03/2009,10-Mar-09,0.804306,0.982097,1.270795,1.557679,1.817717,2.049796,2.257916,2.446195,2.61787,2.775337
11/03/2009,11-Mar-09,0.842189,1.036184,1.335366,1.626667,1.888127,2.12055,2.328785,2.517251,2.68926,2.847201
12/03/2009,12-Mar-09,0.81509,0.986234,1.276401,1.565028,1.825832,2.057893,2.265565,2.453233,2.624304,2.781273
13/03/2009,13-Mar-09,0.801628,0.981249,1.287635,1.586378,1.852206,2.086474,2.295013,2.482985,2.654183,2.811294
16/03/2009,16-Mar-09,0.78042,0.961235,1.27143,1.573983,1.843128,2.080242,2.291261,2.481444,2.654649,2.81361
17/03/2009,17-Mar-09,0.776578,0.963879,1.285601,1.597309,1.873092,2.115124,2.329956,2.523216,2.698982,2.860116
18/03/2009,18-Mar-09,0.760071,0.954982,1.290439,1.612535,1.895282,2.141925,2.359822,2.555093,2.732106,2.8939
19/03/2009,19-Mar-09,0.752886,0.947711,1.287494,1.607307,1.883397,2.121473,2.330261,2.516523,2.684917,2.83861
20/03/2009,20-Mar-09,0.728778,0.893367,1.210901,1.520612,1.793014,2.030092,2.2389,2.425559,2.594505,2.748838
23/03/2009,23-Mar-09,0.744309,0.922028,1.237858,1.543151,1.811798,2.04634,2.253621,2.439447,2.607989,2.762161
24/03/2009,24-Mar-09,0.772488,0.971222,1.296065,1.602728,1.870066,2.102907,2.308854,2.493854,2.662029,2.816202
25/03/2009,25-Mar-09,0.760994,0.96919,1.307061,1.620144,1.889382,2.121848,2.326387,2.509554,2.675766,2.827995
26/03/2009,26-Mar-09,0.753917,0.968037,1.313027,1.628758,1.897825,2.12878,2.331241,2.512125,2.676022,2.825986
27/03/2009,27-Mar-09,0.740513,0.918471,1.224774,1.524796,1.792269,2.028002,2.237626,2.426264,2.597728,2.754743
30/03/2009,30-Mar-09,0.717568,0.896316,1.189117,1.48021,1.743999,1.979402,2.190544,2.381646,2.556021,2.716113
31/03/2009,31-Mar-09,0.711178,0.880698,1.1703,1.461562,1.726697,1.963572,2.175941,2.367949,2.542936,2.703401
01/04/2009,01-Apr-09,0.678298,0.860283,1.157212,1.450932,1.716248,1.952621,2.1645,2.356268,2.531308,2.692094
02/04/2009,02-Apr-09,0.725823,0.935953,1.267955,1.57806,1.847153,2.081118,2.287961,2.473754,2.642651,2.797475
03/04/2009,03-Apr-09,0.744736,1.011186,1.354856,1.658081,1.916686,2.141381,2.341013,2.521366,2.686139,2.837778
06/04/2009,06-Apr-09,0.712296,1.020774,1.388788,1.698611,1.956424,2.177827,2.373494,2.54987,2.710905,2.859146
07/04/2009,07-Apr-09,0.683527,0.970057,1.33262,1.646017,1.909839,2.137385,2.338748,2.520293,2.686008,2.838491
08/04/2009,08-Apr-09,0.697196,0.971966,1.321114,1.629126,1.892352,2.121545,2.325502,2.509963,2.6786,2.833845
09/04/2009,09-Apr-09,0.728681,0.989292,1.324697,1.627832,1.891254,2.122976,2.330461,2.518838,2.691483,2.85068
14/04/2009,14-Apr-09,0.742792,0.980663,1.291622,1.580921,1.837297,2.065475,2.271205,2.458793,2.631209,2.790516
15/04/2009,15-Apr-09,0.742667,0.960682,1.254073,1.534132,1.786194,2.012436,2.217365,2.404743,2.577306,2.737008
16/04/2009,16-Apr-09,0.786454,1.009351,1.307679,1.590264,1.843273,2.069637,2.274261,2.461097,2.632967,2.791873
17/04/2009,17-Apr-09,0.842946,1.068002,1.359488,1.635999,1.884864,2.108563,2.311469,2.497156,2.668208,2.826478
20/04/2009,20-Apr-09,0.875206,1.073713,1.338551,1.600154,1.841817,2.062151,2.263428,2.448247,2.61877,2.77667
21/04/2009,21-Apr-09,0.858409,1.060262,1.327076,1.586764,1.82438,2.039958,2.236486,2.416857,2.583325,2.737573
22/04/2009,22-Apr-09,0.853657,1.067727,1.357078,1.630731,1.875169,2.093457,2.290531,2.470325,2.635636,2.788433
23/04/2009,23-Apr-09,0.810396,1.040038,1.342654,1.623123,1.870686,2.09036,2.288005,2.46795,2.63316,2.785681
24/04/2009,24-Apr-09,0.78511,1.007584,1.303674,1.584031,1.835035,2.059535,2.262351,2.447374,2.617395,2.774399
27/04/2009,27-Apr-09,0.775024,0.974462,1.25109,1.521417,1.767941,1.990545,2.192583,2.377324,2.547312,2.704437
28/04/2009,28-Apr-09,0.759923,0.966215,1.244803,1.516257,1.764015,1.988046,2.191608,2.377865,2.549289,2.707723
29/04/2009,29-Apr-09,0.738385,0.948382,1.229058,1.50216,1.751425,1.976872,2.181746,2.369195,2.541676,2.701027
30/04/2009,30-Apr-09,0.742156,0.961134,1.249721,1.526533,1.776902,2.002186,2.206322,2.392768,2.564108,2.722236
04/05/2009,04-May-09,0.729449,0.944196,1.239039,1.521594,1.7758,2.003475,2.209134,2.39664,2.568833,2.727757
05/05/2009,05-May-09,0.726855,0.943668,1.239536,1.521834,1.775164,2.001753,2.20629,2.392702,2.563846,2.721767
06/05/2009,06-May-09,0.710769,0.920355,1.20997,1.49128,1.74667,1.976568,2.184766,2.374809,2.549412,2.710573
07/05/2009,07-May-09,0.678044,0.907094,1.236403,1.547234,1.822035,2.064809,2.281951,2.47853,2.658121,2.823223
08/05/2009,08-May-09,0.67481,0.867911,1.170743,1.474712,1.75342,2.004379,2.230846,2.436627,2.624864,2.797953
11/05/2009,11-May-09,0.689323,0.872393,1.159105,1.451005,1.721654,1.967139,2.189647,2.392359,2.578082,2.749032
12/05/2009,12-May-09,0.702039,0.898047,1.194949,1.491465,1.763345,2.008522,2.230172,2.431915,2.616721,2.786854
13/05/2009,13-May-09,0.670846,0.85823,1.132667,1.413924,1.67816,1.920611,2.142319,2.345627,2.532817,2.705783
14/05/2009,14-May-09,0.672844,0.861141,1.137246,1.419861,1.685064,1.928199,2.150406,2.354094,2.541582,2.714787
15/05/2009,15-May-09,0.65965,0.839857,1.121567,1.41339,1.687683,1.938647,2.167246,2.376031,2.567527,2.743849
18/05/2009,18-May-09,0.642542,0.817905,1.09794,1.390306,1.666187,1.91907,2.149573,2.360115,2.553191,2.730923
19/05/2009,19-May-09,0.705023,0.870456,1.148686,1.443092,1.722294,1.978538,2.211955,2.424833,2.619685,2.798704
20/05/2009,20-May-09,0.752854,0.927412,1.214303,1.509487,1.784039,2.033125,2.258693,2.463938,2.651757,2.824459
21/05/2009,21-May-09,0.760739,0.904256,1.164055,1.445251,1.715011,1.964129,2.191806,2.399827,2.590458,2.76577
22/05/2009,22-May-09,0.771146,0.927999,1.194268,1.481096,1.756852,2.012232,2.246136,2.460107,2.656269,2.836623
25/05/2009,25-May-09,0.78259,0.977837,1.288152,1.598303,1.881305,2.135165,2.363627,2.570818,2.760074,2.933912
26/05/2009,26-May-09,0.783005,0.962321,1.260762,1.571529,1.861915,2.124943,2.361737,2.575387,2.769002,2.945213
27/05/2009,27-May-09,0.794611,0.98141,1.284429,1.599699,1.894709,2.162209,2.403097,2.620347,2.817029,2.995783
28/05/2009,28-May-09,0.79327,0.980758,1.278545,1.593192,1.89188,2.165363,2.412989,2.636845,2.83957,3.02364
29/05/2009,29-May-09,0.765991,0.932944,1.217327,1.528623,1.830705,2.110949,2.366482,2.598175,2.808105,2.998543
01/06/2009,01-Jun-09,0.75949,0.927903,1.222076,1.53868,1.841179,2.11903,2.3712,2.599696,2.807167,2.9961
02/06/2009,02-Jun-09,0.761543,0.91535,1.195855,1.505494,1.806417,2.085873,2.341187,2.573397,2.78465,2.9772
03/06/2009,03-Jun-09,0.771445,0.910192,1.173357,1.469802,1.761757,2.035183,2.286213,2.515079,2.723448,2.913322
04/06/2009,04-Jun-09,0.827012,0.996745,1.284579,1.594431,1.89132,2.164654,2.413042,2.638183,2.84252,3.028417
05/06/2009,05-Jun-09,0.857719,1.085185,1.413604,1.738508,2.034539,2.29953,2.536952,2.750839,2.94458,3.120824
08/06/2009,08-Jun-09,0.886846,1.122514,1.452549,1.777273,2.072286,2.335524,2.57045,2.781122,2.970999,3.142823
09/06/2009,09-Jun-09,0.870881,1.099254,1.430817,1.758051,2.054767,2.318768,2.553745,2.763995,2.953158,3.124098
10/06/2009,10-Jun-09,0.838209,1.076149,1.417366,1.75132,2.052588,2.319887,2.55746,2.769886,2.960941,3.133558
11/06/2009,11-Jun-09,0.802791,1.083596,1.450401,1.794592,2.098943,2.366897,2.604673,2.817501,3.009283,3.182908
12/06/2009,12-Jun-09,0.774888,1.04332,1.401801,1.739557,2.038444,2.301586,2.535106,2.744202,2.932753,3.103623
15/06/2009,15-Jun-09,0.775674,1.011257,1.361463,1.696448,1.992762,2.252594,2.48229,2.687434,2.872209,3.039672
16/06/2009,16-Jun-09,0.777858,1.0082,1.347793,1.676038,1.969078,2.227752,2.457486,2.663346,2.849241,3.018073
17/06/2009,17-Jun-09,0.765408,0.97519,1.292442,1.61002,1.900426,2.160449,2.393182,2.602583,2.792077,2.964379
18/06/2009,18-Jun-09,0.727479,0.956957,1.288233,1.616723,1.916246,2.184186,2.423887,2.639418,2.834269,3.011207
19/06/2009,19-Jun-09,0.735829,0.944874,1.269357,1.596705,1.896971,2.166059,2.406859,2.623377,2.819162,2.997051
22/06/2009,22-Jun-09,0.721915,0.919001,1.227406,1.543886,1.837815,2.103244,2.341757,2.556635,2.751069,2.927732
23/06/2009,23-Jun-09,0.715264,0.926035,1.249405,1.572669,1.867545,2.131059,2.366625,2.578433,2.770054,2.944293
24/06/2009,24-Jun-09,0.630045,0.843773,1.165992,1.49124,1.79072,2.060119,2.301947,2.519922,2.717402,2.897112
25/06/2009,25-Jun-09,0.601213,0.817039,1.127332,1.443717,1.739042,2.007599,2.250504,2.470558,2.670594,2.853046
26/06/2009,26-Jun-09,0.629726,0.833408,1.124334,1.427059,1.71465,1.979353,2.220547,2.439957,2.639823,2.822283
29/06/2009,29-Jun-09,0.680337,0.886047,1.174018,1.469789,1.748572,2.004131,2.236661,2.44823,2.64117,2.81759
30/06/2009,30-Jun-09,0.658443,0.896297,1.199316,1.501304,1.78238,2.038738,2.27161,2.483428,2.676603,2.853217
01/07/2009,01-Jul-09,0.665946,0.876706,1.168243,1.468171,1.751528,2.011608,2.248274,2.46343,2.659361,2.838182
02/07/2009,02-Jul-09,0.589283,0.783807,1.066904,1.365578,1.651948,1.916986,2.159176,2.379728,2.580629,2.763912
03/07/2009,03-Jul-09,0.578026,0.77247,1.060039,1.361704,1.649191,1.914256,2.156105,2.376388,2.577305,2.760954
06/07/2009,06-Jul-09,0.570236,0.756454,1.03793,1.336316,1.622409,1.887061,2.128896,2.349254,2.55019,2.733748
07/07/2009,07-Jul-09,0.547539,0.741753,1.036099,1.34281,1.632636,1.898099,2.139242,2.358289,2.557775,2.739976
08/07/2009,08-Jul-09,0.525896,0.738325,1.036918,1.3437,1.632867,1.897984,2.139273,2.358872,2.559177,2.742341
09/07/2009,09-Jul-09,0.520359,0.749214,1.058236,1.368833,1.657891,1.921105,2.159892,2.37695,2.574891,2.755925
10/07/2009,10-Jul-09,0.509962,0.736819,1.038106,1.341143,1.624078,1.882592,2.117834,2.332245,2.528243,2.707895
13/07/2009,13-Jul-09,0.510492,0.73638,1.038479,1.340281,1.620597,1.876108,2.108569,2.320681,2.514927,2.693344
14/07/2009,14-Jul-09,0.50519,0.747837,1.071561,1.387413,1.675481,1.935006,2.169452,2.382447,2.576937,2.755192
15/07/2009,15-Jul-09,0.496526,0.765283,1.102082,1.420673,1.707093,1.963821,2.195601,2.406433,2.599295,2.776381
16/07/2009,16-Jul-09,0.464438,0.725483,1.058535,1.378358,1.668324,1.929252,2.165168,2.379829,2.576157,2.756362
17/07/2009,17-Jul-09,0.451709,0.73469,1.080913,1.405231,1.695762,1.956033,2.191175,2.405294,2.60138,2.781615
20/07/2009,20-Jul-09,0.44797,0.754261,1.124959,1.459214,1.751086,2.008842,2.239971,2.449639,2.64131,2.817384
21/07/2009,21-Jul-09,0.442642,0.741791,1.107336,1.438687,1.728812,1.985391,2.215673,2.424729,2.615974,2.791785
22/07/2009,22-Jul-09,0.44626,0.741901,1.099071,1.423172,1.707775,1.960211,2.187352,2.393997,2.583387,2.757776
23/07/2009,23-Jul-09,0.44791,0.743045,1.098072,1.420244,1.70339,1.95477,2.18115,2.387253,2.576265,2.750405
24/07/2009,24-Jul-09,0.457564,0.766731,1.134102,1.461922,1.746927,1.998341,2.223862,2.428635,2.616051,2.788441
27/07/2009,27-Jul-09,0.449826,0.798462,1.192417,1.528893,1.81424,2.062733,2.284144,2.484461,2.667444,2.835597
28/07/2009,28-Jul-09,0.459244,0.776127,1.156315,1.488341,1.771941,2.019185,2.239322,2.438284,2.619865,2.786613
29/07/2009,29-Jul-09,0.45167,0.772487,1.150404,1.478346,1.757935,2.001666,2.218776,2.415105,2.594365,2.759044
30/07/2009,30-Jul-09,0.441219,0.771868,1.156224,1.485738,1.764589,2.006625,2.221649,2.41574,2.592724,2.755146
31/07/2009,31-Jul-09,0.441466,0.742185,1.110954,1.433446,1.708152,1.946833,2.15871,2.349742,2.523749,2.683288
03/08/2009,03-Aug-09,0.450975,0.777563,1.152472,1.472925,1.744041,1.979495,2.188796,2.377805,2.550202,2.708434
04/08/2009,04-Aug-09,0.462178,0.800338,1.184363,1.507537,1.778051,2.011413,2.217976,2.403991,2.573335,2.72856
05/08/2009,05-Aug-09,0.484192,0.864894,1.259215,1.5803,1.846313,2.075297,2.277962,2.460472,2.626583,2.778756
06/08/2009,06-Aug-09,0.471452,0.873774,1.284965,1.613277,1.881411,2.110025,2.311074,2.491337,2.654896,2.804401
07/08/2009,07-Aug-09,0.465465,0.912896,1.349477,1.687589,1.958906,2.187856,2.387894,2.566473,2.728019,2.875375
10/08/2009,10-Aug-09,0.463432,0.908061,1.343667,1.681599,1.952977,2.18207,2.382293,2.561084,2.722863,2.870469
11/08/2009,11-Aug-09,0.474566,0.864089,1.260678,1.588962,1.863871,2.101128,2.310443,2.497666,2.666553,2.819711
12/08/2009,12-Aug-09,0.462974,0.84736,1.250395,1.587208,1.869681,2.113168,2.327587,2.519024,2.691415,2.847495
13/08/2009,13-Aug-09,0.438795,0.803014,1.196251,1.530638,1.813433,2.05817,2.274156,2.467264,2.641346,2.799099
14/08/2009,14-Aug-09,0.43773,0.780149,1.151734,1.473767,1.749985,1.991298,2.205649,2.398207,2.572432,2.73079
17/08/2009,17-Aug-09,0.445368,0.783443,1.148202,1.465017,1.737456,1.975917,2.187998,2.378661,2.551249,2.708154
18/08/2009,18-Aug-09,0.452353,0.798673,1.163549,1.478011,1.748018,1.984488,2.195004,2.384428,2.556015,2.712098
19/08/2009,19-Aug-09,0.448486,0.776589,1.133461,1.445984,1.715968,1.952829,2.163733,2.353456,2.525246,2.681448
20/08/2009,20-Aug-09,0.439254,0.774075,1.139679,1.453659,1.72154,1.955265,2.163136,2.350379,2.52039,2.675527
21/08/2009,21-Aug-09,0.4368,0.798915,1.194974,1.522081,1.792619,2.023798,2.22666,2.407815,2.571387,2.720128
24/08/2009,24-Aug-09,0.425712,0.797637,1.197864,1.527162,1.799456,2.032302,2.236768,2.419435,2.584409,2.734433
25/08/2009,25-Aug-09,0.423895,0.779477,1.162534,1.483098,1.751911,1.984087,2.189396,2.373747,2.540873,2.6933
26/08/2009,26-Aug-09,0.421676,0.762885,1.142748,1.462159,1.729506,1.959738,2.162858,2.344979,2.509958,2.660393
27/08/2009,27-Aug-09,0.411923,0.761638,1.143211,1.461976,1.728378,1.957851,2.160431,2.342179,2.506904,2.657169
28/08/2009,28-Aug-09,0.401058,0.756781,1.144113,1.46729,1.737201,1.96961,2.174734,2.35873,2.525468,2.67755
31/08/2009,31-Aug-09,0.400811,0.741032,1.13011,1.459397,1.735021,1.971907,2.180423,2.366995,2.535703,2.689295
01/09/2009,01-Sept-09,0.404357,0.733208,1.110235,1.436602,1.714426,1.955779,2.169621,2.361712,2.535806,2.694486
02/09/2009,02-Sept-09,0.414224,0.731182,1.092671,1.409791,1.682851,1.922015,2.135143,2.327399,2.502198,2.661924
03/09/2009,03-Sept-09,0.380132,0.681367,1.047287,1.375545,1.66001,1.909158,2.130754,2.330222,2.511243,2.676405
04/09/2009,04-Sept-09,0.381842,0.664907,1.019886,1.34395,1.627051,1.875729,2.097045,2.296208,2.476852,2.641565
07/09/2009,07-Sept-09,0.359586,0.631102,0.984978,1.313084,1.601528,1.855395,2.081387,2.284715,2.4691,2.637216
08/09/2009,08-Sept-09,0.359275,0.627138,0.982937,1.315315,1.608372,1.866468,2.096151,2.30267,2.489822,2.660352
09/09/2009,09-Sept-09,0.373093,0.649436,1.008866,1.342057,1.635124,1.893283,2.123328,2.330526,2.518627,2.690322
10/09/2009,10-Sept-09,0.390652,0.638197,0.964636,1.279506,1.564265,1.819285,2.048672,2.256401,2.445621,2.618732
11/09/2009,11-Sept-09,0.394287,0.634519,0.956843,1.269563,1.552935,1.80674,2.034872,2.241259,2.429056,2.60069
14/09/2009,14-Sept-09,0.404515,0.654809,0.980772,1.291881,1.571397,1.820782,2.044612,2.247022,2.431192,2.599513
15/09/2009,15-Sept-09,0.410292,0.675318,1.008948,1.322132,1.601371,1.849825,2.072718,2.274366,2.457965,2.625872
16/09/2009,16-Sept-09,0.423576,0.689121,1.026141,1.342929,1.625296,1.876327,2.101323,2.304696,2.489718,2.658806
17/09/2009,17-Sept-09,0.4515,0.720362,1.060281,1.378464,1.661277,1.91225,2.136914,2.339786,2.524192,2.692577
18/09/2009,18-Sept-09,0.44243,0.713759,1.059529,1.379096,1.66046,1.908861,2.130742,2.331027,2.513208,2.679787
21/09/2009,21-Sept-09,0.434751,0.694203,1.027233,1.342107,1.623779,1.87482,2.100292,2.304495,2.490645,2.66112
22/09/2009,22-Sept-09,0.410393,0.683168,1.025774,1.344902,1.62807,1.879461,2.104851,2.308814,2.494656,2.664787
23/09/2009,23-Sept-09,0.400395,0.666431,1.018529,1.347219,1.637136,1.8927,2.120391,2.325368,2.511353,2.68103
24/09/2009,24-Sept-09,0.402417,0.648533,0.978886,1.295169,1.57904,1.83192,2.058639,2.263559,2.450022,2.620522
25/09/2009,25-Sept-09,0.417063,0.674865,0.999881,1.306269,1.580297,1.824611,2.044091,2.242854,2.423976,2.589742
28/09/2009,28-Sept-09,0.42178,0.675479,0.993082,1.295177,1.567273,1.810845,2.030072,2.228724,2.409721,2.575276
29/09/2009,29-Sept-09,0.425942,0.697062,1.023921,1.32837,1.599789,1.841722,2.059156,2.256107,2.435535,2.599635
30/09/2009,30-Sept-09,0.433623,0.700379,1.024546,1.327179,1.597064,1.837505,2.053427,2.248842,2.426725,2.589285
01/10/2009,01-Oct-09,0.446471,0.71392,1.038416,1.341491,1.612014,1.853275,2.070164,2.266661,2.445714,2.609515
02/10/2009,02-Oct-09,0.434385,0.689669,1.005906,1.299261,1.560092,1.792887,2.003001,2.194474,2.370142,2.532024
05/10/2009,05-Oct-09,0.435923,0.68886,1.00437,1.297721,1.558694,1.791574,2.001669,2.193029,2.368509,2.530145
06/10/2009,06-Oct-09,0.450897,0.712616,1.029906,1.323017,1.583595,1.816376,2.026665,2.21841,2.394372,2.556522
07/10/2009,07-Oct-09,0.490973,0.749459,1.049,1.328167,1.579585,1.806513,2.013007,2.202221,2.376439,2.537339
08/10/2009,08-Oct-09,0.486946,0.748221,1.043557,1.317372,1.564118,1.78737,1.99107,2.178191,2.350861,2.510642
09/10/2009,09-Oct-09,0.53477,0.848801,1.170199,1.449214,1.693253,1.911472,2.109709,2.291525,2.459215,2.614384
12/10/2009,12-Oct-09,0.519865,0.8196,1.13923,1.42087,1.668082,1.8891,2.089691,2.273503,2.442922,2.599613
13/10/2009,13-Oct-09,0.512102,0.794462,1.100254,1.377293,1.624657,1.847879,2.051511,2.23866,2.411455,2.571429
14/10/2009,14-Oct-09,0.529784,0.817831,1.12805,1.407783,1.656969,1.881605,2.086436,2.274651,2.448415,2.609283
15/10/2009,15-Oct-09,0.538574,0.84778,1.172938,1.461098,1.715569,1.943991,2.151764,2.342349,2.518043,2.68048
16/10/2009,16-Oct-09,0.538299,0.86631,1.201059,1.489588,1.740688,1.964506,2.167406,2.353229,2.524436,2.68273
19/10/2009,19-Oct-09,0.533918,0.870562,1.202727,1.487172,1.73512,1.956817,2.158353,2.343334,2.514065,2.67215
20/10/2009,20-Oct-09,0.544593,0.867287,1.181067,1.453232,1.693492,1.910274,2.108572,2.291376,2.460634,2.617733
21/10/2009,21-Oct-09,0.532345,0.868284,1.195275,1.474676,1.718651,1.937376,2.136749,2.320222,2.489991,2.647579
22/10/2009,22-Oct-09,0.527536,0.861901,1.188244,1.466822,1.709784,1.927407,2.125659,2.308036,2.476751,2.633339
23/10/2009,23-Oct-09,0.527618,0.870323,1.206469,1.492235,1.7404,1.961972,2.163361,2.348312,2.519188,2.677619
26/10/2009,26-Oct-09,0.510243,0.849112,1.192181,1.485162,1.738943,1.964761,2.169448,2.357051,2.530125,2.690418
27/10/2009,27-Oct-09,0.498896,0.795223,1.11962,1.406347,1.657704,1.882128,2.085731,2.272402,2.444669,2.604278
28/10/2009,28-Oct-09,0.490471,0.779853,1.101778,1.38751,1.638065,1.861587,2.064185,2.249795,2.420989,2.579538
29/10/2009,29-Oct-09,0.514728,0.83333,1.172853,1.465275,1.717792,1.941362,2.143157,2.327534,2.497252,2.654182
30/10/2009,30-Oct-09,0.515842,0.811928,1.140529,1.429095,1.68014,1.902919,2.104109,2.287934,2.457119,2.613528
02/11/2009,02-Nov-09,0.523856,0.817301,1.131547,1.409241,1.653587,1.872558,2.071772,2.254779,2.423895,2.58073
03/11/2009,03-Nov-09,0.517834,0.802087,1.109582,1.385426,1.630377,1.851013,2.052331,2.237611,2.409036,2.568148
04/11/2009,04-Nov-09,0.518697,0.818771,1.142067,1.427345,1.677798,1.901817,2.105333,2.292098,2.464549,2.624379
05/11/2009,05-Nov-09,0.50144,0.806782,1.139018,1.431713,1.687848,1.916271,2.123297,2.312927,2.487756,2.64958
06/11/2009,06-Nov-09,0.481444,0.790733,1.132649,1.432514,1.693281,1.924657,2.133593,2.324477,2.500138,2.662513
09/11/2009,09-Nov-09,0.483336,0.757508,1.076766,1.367767,1.62589,1.85706,2.066758,2.258816,2.43584,2.599664
10/11/2009,10-Nov-09,0.487837,0.761284,1.072552,1.356148,1.608561,1.83543,2.041821,2.231262,2.406152,2.568194
11/11/2009,11-Nov-09,0.488944,0.759834,1.074076,1.361653,1.617574,1.847231,2.055782,2.246889,2.423065,2.586094
12/11/2009,12-Nov-09,0.486293,0.75222,1.068586,1.360397,1.620476,1.853642,2.065037,2.258437,2.436473,2.601016
13/11/2009,13-Nov-09,0.486307,0.742256,1.048816,1.336709,1.596297,1.830479,2.043455,2.238588,2.418333,2.584487
16/11/2009,16-Nov-09,0.492705,0.738507,1.044546,1.334375,1.595846,1.831261,2.044844,2.240118,2.41969,2.585471
17/11/2009,17-Nov-09,0.505076,0.757133,1.055182,1.336048,1.590358,1.820467,2.030137,2.222457,2.399719,2.563621
18/11/2009,18-Nov-09,0.505992,0.753008,1.051067,1.333997,1.590683,1.822851,2.034124,2.227625,2.405716,2.570161
19/11/2009,19-Nov-09,0.507525,0.742951,1.031808,1.311109,1.567274,1.800174,2.012528,2.207094,2.386109,2.55131
20/11/2009,20-Nov-09,0.510698,0.775738,1.084926,1.370961,1.626953,1.857069,2.065941,2.257044,2.432837,2.595105
23/11/2009,23-Nov-09,0.522962,0.802155,1.112874,1.395272,1.646778,1.872938,2.078613,2.267182,2.440964,2.601625
24/11/2009,24-Nov-09,0.5319,0.80533,1.097894,1.366818,1.609927,1.831146,2.034071,2.22129,2.394643,2.555497
25/11/2009,25-Nov-09,0.540558,0.836957,1.138867,1.40679,1.645309,1.861186,2.058939,2.241419,2.410521,2.567608
26/11/2009,26-Nov-09,0.528203,0.790007,1.065413,1.321876,1.556662,1.772298,1.971435,2.156104,2.32781,2.487713
27/11/2009,27-Nov-09,0.513059,0.780816,1.062212,1.322821,1.560501,1.778292,1.979119,2.165154,2.337981,2.498801
30/11/2009,30-Nov-09,0.523408,0.796865,1.079752,1.337499,1.570654,1.783567,1.979639,2.161193,2.32985,2.486814
01/12/2009,01-Dec-09,0.521233,0.790287,1.064765,1.316743,1.546487,1.757507,1.952632,2.133842,2.302556,2.459853
02/12/2009,02-Dec-09,0.516867,0.788934,1.065929,1.319759,1.550974,1.763246,1.959473,2.141668,2.31127,2.469369
03/12/2009,03-Dec-09,0.478536,0.787499,1.091404,1.357509,1.593709,1.807576,2.003723,2.184951,2.3531,2.509483
04/12/2009,04-Dec-09,0.471791,0.817552,1.139284,1.412416,1.651622,1.866841,2.063508,2.244768,2.412631,2.568514
07/12/2009,07-Dec-09,0.469609,0.801124,1.11257,1.378661,1.61252,1.823393,2.016409,2.194548,2.359725,2.51329
08/12/2009,08-Dec-09,0.46766,0.751839,1.033658,1.289887,1.523003,1.737092,1.935055,2.118844,2.289851,2.449144
09/12/2009,09-Dec-09,0.47699,0.754703,1.038224,1.298267,1.534969,1.751959,1.9522,2.137784,2.310217,2.470646
10/12/2009,10-Dec-09,0.490251,0.780242,1.065599,1.324204,1.559295,1.775198,1.974875,2.160291,2.33284,2.493593
11/12/2009,11-Dec-09,0.494697,0.805889,1.096679,1.355745,1.59059,1.806421,2.006258,2.191999,2.364977,2.526222
14/12/2009,14-Dec-09,0.48749,0.788807,1.074007,1.330362,1.563727,1.778662,1.977931,2.163312,2.336074,2.497207
15/12/2009,15-Dec-09,0.509223,0.80026,1.080678,1.336415,1.570709,1.787054,1.987818,2.174617,2.348653,2.510885
16/12/2009,16-Dec-09,0.481975,0.760244,1.043746,1.304838,1.543241,1.762219,1.964542,2.152207,2.326674,2.48907
17/12/2009,17-Dec-09,0.47337,0.724959,0.989118,1.242862,1.480162,1.700491,1.904879,2.094638,2.270993,2.435009
18/12/2009,18-Dec-09,0.47169,0.72286,0.989862,1.246843,1.486924,1.70941,1.915373,2.106213,2.283239,2.44759
21/12/2009,21-Dec-09,0.477772,0.734652,0.998337,1.254905,1.498201,1.725948,1.937753,2.13409,2.315798,2.483837
22/12/2009,22-Dec-09,0.483324,0.744673,1.01026,1.268601,1.514196,1.744766,1.959726,2.159352,2.34433,2.515518
23/12/2009,23-Dec-09,0.478797,0.741329,1.009595,1.271084,1.519827,1.753348,1.970998,2.173047,2.360198,2.533333
24/12/2009,24-Dec-09,0.487804,0.740651,1.00743,1.270306,1.521052,1.756342,1.975287,2.178157,2.36574,2.539013
28/12/2009,28-Dec-09,0.490623,0.766319,1.048813,1.320033,1.573975,1.809448,2.027058,2.227983,2.413505,2.584844
29/12/2009,29-Dec-09,0.492923,0.794636,1.08836,1.361696,1.613796,1.846244,2.060839,2.259165,2.442572,2.612223
30/12/2009,30-Dec-09,0.507567,0.810686,1.106778,1.382051,1.635557,1.868993,2.084265,2.283033,2.466698,2.636462
31/12/2009,31-Dec-09,0.516524,0.811557,1.104104,1.378829,1.632945,1.867232,2.083264,2.282619,2.466708,2.636762
04/01/2010,04-Jan-10,0.490332,0.833021,1.158886,1.44575,1.701584,1.933172,2.144722,2.338941,2.517748,2.682613
05/01/2010,05-Jan-10,0.461626,0.793412,1.11947,1.408619,1.666364,1.899277,2.111752,2.306666,2.486047,2.651431
06/01/2010,06-Jan-10,0.444385,0.778211,1.108677,1.402083,1.663485,1.899524,2.114717,2.312036,2.49357,2.660899
07/01/2010,07-Jan-10,0.416986,0.749112,1.085576,1.382867,1.645751,1.881746,2.096044,2.292024,2.47201,2.637719
08/01/2010,08-Jan-10,0.425726,0.741674,1.06094,1.350298,1.610745,1.846993,2.062807,2.260865,2.44313,2.611123
11/01/2010,11-Jan-10,0.401507,0.705608,1.0264,1.318838,1.581328,1.818533,2.034612,2.232583,2.414629,2.582406
12/01/2010,12-Jan-10,0.409412,0.714471,1.027303,1.312689,1.570234,1.804147,2.018045,2.214555,2.395613,2.562714
13/01/2010,13-Jan-10,0.408418,0.716683,1.03031,1.315575,1.572931,1.80683,2.020912,2.217775,2.399319,2.567011
14/01/2010,14-Jan-10,0.393161,0.694403,1.014237,1.303789,1.563015,1.797564,2.011949,2.209237,2.391543,2.560407
15/01/2010,15-Jan-10,0.373691,0.662048,0.973863,1.26106,1.520416,1.755947,1.971534,2.170021,2.353446,2.523325
18/01/2010,18-Jan-10,0.374919,0.672608,0.993026,1.282257,1.540095,1.772624,1.984698,2.179588,2.359524,2.526113
19/01/2010,19-Jan-10,0.383818,0.69792,1.018667,1.305395,1.561555,1.793581,2.005978,2.20167,2.382649,2.550368
20/01/2010,20-Jan-10,0.396322,0.705978,1.007578,1.279148,1.525311,1.751045,1.959601,2.153089,2.332999,2.500466
21/01/2010,21-Jan-10,0.380952,0.693276,1.004131,1.28003,1.527169,1.752371,1.959926,2.15247,2.331739,2.498975
22/01/2010,22-Jan-10,0.381817,0.666354,0.950215,1.21507,1.460277,1.687897,1.899854,2.097626,2.28235,2.454947
25/01/2010,25-Jan-10,0.376419,0.667131,0.966541,1.239939,1.488114,1.715516,1.925567,2.120575,2.302142,2.471453
26/01/2010,26-Jan-10,0.386062,0.679456,0.967894,1.231759,1.473613,1.69715,1.904942,2.098711,2.279693,2.448842
27/01/2010,27-Jan-10,0.393867,0.688864,0.975153,1.235826,1.474535,1.695187,1.900344,2.091689,2.27042,2.437468
28/01/2010,28-Jan-10,0.405438,0.705698,0.988822,1.247513,1.486027,1.707572,1.914148,2.107102,2.287447,2.456009
29/01/2010,29-Jan-10,0.424933,0.714475,0.989887,1.247836,1.489014,1.714585,1.925601,2.122965,2.307471,2.479838
01/02/2010,01-Feb-10,0.412076,0.715098,1.000908,1.258908,1.494875,1.713061,1.915994,2.105291,2.282102,2.447326
02/02/2010,02-Feb-10,0.394968,0.715415,1.021338,1.289538,1.529321,1.747884,1.949373,2.136263,2.31018,2.472298
03/02/2010,03-Feb-10,0.400549,0.719185,1.031409,1.303167,1.543889,1.761929,1.962217,2.147668,2.320147,2.480961
04/02/2010,04-Feb-10,0.395642,0.692164,1.009279,1.288194,1.533211,1.752903,1.953109,2.13744,2.308206,2.466984
05/02/2010,05-Feb-10,0.390627,0.673053,0.974897,1.245853,1.487424,1.705993,1.906256,2.091241,2.262946,2.422774
08/02/2010,08-Feb-10,0.389661,0.643232,0.9282,1.197433,1.443906,1.669408,1.876813,2.068508,2.24629,2.411514
09/02/2010,09-Feb-10,0.392304,0.647818,0.932583,1.20092,1.446548,1.671497,1.878672,2.070429,2.248518,2.414256
10/02/2010,10-Feb-10,0.394698,0.647947,0.930901,1.198496,1.444006,1.669143,1.876656,2.068835,2.247403,2.413661
11/02/2010,11-Feb-10,0.403095,0.670715,0.960041,1.228504,1.472869,1.696433,1.902468,2.093374,2.270861,2.436193
12/02/2010,12-Feb-10,0.381757,0.628131,0.911303,1.181848,1.430789,1.659049,1.869214,2.06362,2.244073,2.411956
15/02/2010,15-Feb-10,0.366095,0.603723,0.898057,1.179998,1.437122,1.670652,1.884021,2.080259,2.261658,2.429913
16/02/2010,16-Feb-10,0.380711,0.634261,0.918419,1.187939,1.435657,1.663055,1.872795,2.067141,2.247814,2.416118
17/02/2010,17-Feb-10,0.383664,0.606872,0.876698,1.144834,1.397004,1.630512,1.846209,2.045753,2.230763,2.40262
18/02/2010,18-Feb-10,0.388377,0.615867,0.881393,1.145558,1.395599,1.628522,1.844649,2.045227,2.231614,2.405031
19/02/2010,19-Feb-10,0.398219,0.646895,0.917004,1.180797,1.429626,1.661736,1.87766,2.078536,2.265548,2.439762
22/02/2010,22-Feb-10,0.389951,0.635252,0.907958,1.175468,1.427663,1.662476,1.880471,2.082902,2.271067,2.446121
23/02/2010,23-Feb-10,0.385265,0.592981,0.833019,1.080315,1.322456,1.55368,1.771661,1.975801,2.166335,2.343865
24/02/2010,24-Feb-10,0.366041,0.584699,0.838727,1.094977,1.340536,1.571136,1.786038,1.985834,2.171528,2.344172
25/02/2010,25-Feb-10,0.364556,0.559125,0.797285,1.045815,1.289267,1.52099,1.738592,1.941669,2.130686,2.30644
26/02/2010,26-Feb-10,0.353851,0.542666,0.777588,1.024754,1.268022,1.500211,1.718576,1.922501,2.112334,2.288816
01/03/2010,01-Mar-10,0.37507,0.573794,0.803941,1.043001,1.279017,1.505935,1.720966,1.92309,2.112215,2.288716
02/03/2010,02-Mar-10,0.372386,0.564324,0.791364,1.029466,1.265718,1.493488,1.709643,1.912967,2.103266,2.280862
03/03/2010,03-Mar-10,0.376314,0.589223,0.828025,1.071948,1.310406,1.538325,1.753568,1.955525,2.144348,2.320552
04/03/2010,04-Mar-10,0.376202,0.582393,0.81702,1.058626,1.296005,1.523613,1.738986,1.9413,2.13058,2.307263
05/03/2010,05-Mar-10,0.369011,0.588383,0.835115,1.085261,1.32773,1.557827,1.77396,1.975991,2.164419,2.339984
08/03/2010,08-Mar-10,0.367952,0.577702,0.822172,1.073018,1.317155,1.549035,1.766743,1.970055,2.159478,2.335794
09/03/2010,09-Mar-10,0.367987,0.573459,0.808995,1.051178,1.288345,1.515043,1.72905,1.929776,2.117424,2.292554
10/03/2010,10-Mar-10,0.369668,0.58549,0.829093,1.076512,1.316617,1.544672,1.75905,1.959585,2.146751,2.321268
11/03/2010,11-Mar-10,0.382465,0.607934,0.855739,1.104037,1.343217,1.569503,1.781826,1.980319,2.165599,2.338441
12/03/2010,12-Mar-10,0.394224,0.635383,0.890273,1.141223,1.380929,1.606826,1.818444,2.016187,2.200774,2.373005
15/03/2010,15-Mar-10,0.387346,0.619902,0.870568,1.118983,1.35675,1.580897,1.790833,1.986941,2.169957,2.340703
16/03/2010,16-Mar-10,0.392656,0.620261,0.864359,1.107689,1.342233,1.564618,1.773756,1.969641,2.152748,2.323735
17/03/2010,17-Mar-10,0.388916,0.584748,0.808381,1.040737,1.271102,1.493689,1.705588,1.905537,2.093208,2.268777
18/03/2010,18-Mar-10,0.393689,0.605002,0.836885,1.072961,1.304327,1.526374,1.736937,1.935212,2.121138,2.295041
19/03/2010,19-Mar-10,0.395241,0.608856,0.845088,1.084867,1.318577,1.54168,1.752317,1.950011,2.13497,2.307715
22/03/2010,22-Mar-10,0.391199,0.600492,0.833372,1.070457,1.301912,1.523053,1.731928,1.928004,2.111454,2.282777
23/03/2010,23-Mar-10,0.384229,0.584072,0.812276,1.047419,1.278412,1.499825,1.709278,1.906001,2.090046,2.261862
24/03/2010,24-Mar-10,0.388067,0.597235,0.830854,1.069378,1.302689,1.525844,1.736703,1.934608,2.119662,2.292332
25/03/2010,25-Mar-10,0.385641,0.590399,0.825712,1.06821,1.306009,1.533415,1.748016,1.949102,2.13681,2.311671
26/03/2010,26-Mar-10,0.389005,0.600098,0.840034,1.085995,1.326473,1.55602,1.772381,1.974945,2.16391,2.339844
29/03/2010,29-Mar-10,0.386953,0.591009,0.822789,1.061839,1.297167,1.523151,1.737168,1.938251,2.126314,2.301721
30/03/2010,30-Mar-10,0.393544,0.600426,0.833009,1.072229,1.307663,1.533866,1.748237,1.949767,2.138318,2.314209
31/03/2010,31-Mar-10,0.408569,0.600486,0.821486,1.052205,1.281581,1.503521,1.714878,1.91423,2.101146,2.275743
01/04/2010,01-Apr-10,0.426444,0.613522,0.831138,1.060046,1.288908,1.511256,1.723595,1.924218,2.112487,2.288376
06/04/2010,06-Apr-10,0.432722,0.632484,0.851124,1.077934,1.305373,1.528233,1.743027,1.947525,2.140408,2.321013
07/04/2010,07-Apr-10,0.416593,0.618299,0.837764,1.064726,1.291933,1.514368,1.728662,1.932657,2.125074,2.305271
08/04/2010,08-Apr-10,0.41646,0.601189,0.811425,1.034126,1.260164,1.483264,1.699235,1.90539,2.10012,2.282588
09/04/2010,09-Apr-10,0.428075,0.636287,0.859987,1.089686,1.318667,1.542278,1.757395,1.962022,2.154982,2.335696
12/04/2010,12-Apr-10,0.433756,0.649386,0.876092,1.106053,1.333691,1.555113,1.767691,1.969743,2.160282,2.338833
13/04/2010,13-Apr-10,0.435225,0.633365,0.846907,1.067443,1.28879,1.506483,1.71737,1.919304,2.110904,2.291359
14/04/2010,14-Apr-10,0.417203,0.620432,0.837683,1.060927,1.284264,1.50343,1.715423,1.918207,2.110476,2.291476
15/04/2010,15-Apr-10,0.426086,0.622195,0.835332,1.056532,1.279214,1.498631,1.711439,1.915362,2.10893,2.291281
16/04/2010,16-Apr-10,0.415866,0.59507,0.799821,1.017765,1.240082,1.460584,1.675029,1.880614,2.075589,2.258965
19/04/2010,19-Apr-10,0.403795,0.584779,0.786815,1.000346,1.218197,1.435059,1.647081,1.851541,2.046592,2.231058
20/04/2010,20-Apr-10,0.410636,0.60397,0.812353,1.028176,1.245682,1.460582,1.669743,1.870945,2.062679,2.243984
21/04/2010,21-Apr-10,0.409615,0.60564,0.8147,1.029918,1.246063,1.459221,1.666521,1.865915,2.056005,2.235898
22/04/2010,22-Apr-10,0.401176,0.620142,0.840241,1.058336,1.271996,1.479373,1.679099,1.870194,2.051997,2.224104
23/04/2010,23-Apr-10,0.407598,0.622146,0.84062,1.059075,1.274458,1.484443,1.687297,1.881771,2.067006,2.242455
26/04/2010,26-Apr-10,0.413948,0.644916,0.872362,1.094293,1.309188,1.515916,1.713672,1.901916,2.080325,2.248752
27/04/2010,27-Apr-10,0.394025,0.625915,0.856084,1.081843,1.301146,1.51247,1.71472,1.907154,2.089309,2.260952
28/04/2010,28-Apr-10,0.370576,0.614561,0.852981,1.083987,1.306208,1.518667,1.720707,1.911934,2.092164,2.261381
29/04/2010,29-Apr-10,0.398434,0.620711,0.844187,1.065499,1.282064,1.491933,1.693677,1.88629,2.069108,2.241737
30/04/2010,30-Apr-10,0.410694,0.601467,0.803721,1.011487,1.220155,1.42621,1.627025,1.820678,2.005815,2.181532
03/05/2010,03-May-10,0.412252,0.604769,0.809613,1.020214,1.231574,1.439951,1.642602,1.837573,2.023532,2.199631
04/05/2010,04-May-10,0.380951,0.572042,0.774551,0.982267,1.190455,1.395559,1.594969,1.786818,1.969831,2.143195
05/05/2010,05-May-10,0.316553,0.483415,0.667723,0.862375,1.061815,1.261748,1.4589,1.650823,1.835736,2.01239
06/05/2010,06-May-10,0.325708,0.453179,0.615977,0.801717,1.00085,1.206098,1.411985,1.614466,1.810622,1.99842
07/05/2010,07-May-10,0.315538,0.421984,0.568056,0.741124,0.931257,1.130719,1.333553,1.535237,1.732406,1.922618
10/05/2010,10-May-10,0.32011,0.459226,0.62839,0.817386,1.018163,1.224438,1.431371,1.635291,1.833474,2.023952
11/05/2010,11-May-10,0.32796,0.467802,0.637381,0.826316,1.026485,1.231599,1.436857,1.638652,1.834343,2.022053
12/05/2010,12-May-10,0.310219,0.446075,0.618765,0.814651,1.023365,1.237127,1.450198,1.658438,1.858952,2.049809
13/05/2010,13-May-10,0.315473,0.454473,0.624689,0.814999,1.016777,1.223404,1.429875,1.63248,1.828531,2.016158
14/05/2010,14-May-10,0.30617,0.423864,0.578862,0.758543,0.953111,1.15504,1.358626,1.559622,1.754935,1.94239
17/05/2010,17-May-10,0.299479,0.449149,0.625688,0.819014,1.02133,1.226673,1.430558,1.629677,1.821662,2.004882
18/05/2010,18-May-10,0.34497,0.514608,0.69253,0.875249,1.059893,1.244113,1.42601,1.604069,1.777096,1.944177
19/05/2010,19-May-10,0.32997,0.498076,0.676339,0.860522,1.047184,1.233557,1.417439,1.597105,1.771231,1.938825
20/05/2010,20-May-10,0.350063,0.495518,0.65494,0.823528,0.997352,1.173226,1.34859,1.521412,1.690103,1.853446
21/05/2010,21-May-10,0.318588,0.482481,0.655201,0.832908,1.012477,1.191396,1.367666,1.539719,1.706355,1.866673
24/05/2010,24-May-10,0.305583,0.473075,0.647889,0.826545,1.006215,1.18462,1.359951,1.530793,1.69606,1.854946
25/05/2010,25-May-10,0.319405,0.488684,0.662458,0.837997,1.013079,1.185916,1.355085,1.519477,1.678244,1.83076
26/05/2010,26-May-10,0.350881,0.530419,0.712219,0.893971,1.0738,1.250209,1.422016,1.588312,1.748411,1.901824
27/05/2010,27-May-10,0.344579,0.544182,0.741115,0.933957,1.121588,1.303145,1.47798,1.645627,1.805776,1.958243
28/05/2010,28-May-10,0.211743,0.280507,0.409319,0.577498,0.769471,0.973656,1.181574,1.387143,1.586123,1.77568
31/05/2010,31-May-10,0.213738,0.277592,0.401913,0.566074,0.754517,0.955649,1.160962,1.364337,1.561492,1.749549
01/06/2010,01-Jun-10,0.211521,0.273142,0.396693,0.560946,0.749928,0.951765,1.157768,1.361708,1.55924,1.747459
02/06/2010,02-Jun-10,0.206885,0.276954,0.404055,0.56908,0.757478,0.958298,1.16341,1.366895,1.56455,1.753496
03/06/2010,03-Jun-10,0.208072,0.290812,0.428242,0.601787,0.797301,1.004141,1.214411,1.422369,1.623942,1.816353
04/06/2010,04-Jun-10,0.206179,0.280965,0.412014,0.580496,0.772049,0.975839,1.183809,1.390075,1.590448,1.782052
07/06/2010,07-Jun-10,0.201166,0.281356,0.417474,0.590801,0.787023,0.995316,1.207611,1.417996,1.62225,1.817461
08/06/2010,08-Jun-10,0.194356,0.272569,0.407322,0.579693,0.775223,0.982983,1.19483,1.404805,1.608654,1.803447
09/06/2010,09-Jun-10,0.201942,0.269869,0.396524,0.562667,0.753555,0.958006,1.167654,1.376348,1.579664,1.774527
10/06/2010,10-Jun-10,0.201,0.276653,0.409398,0.580261,0.774727,0.981812,1.193321,1.403244,1.607281,1.802461
11/06/2010,11-Jun-10,0.207543,0.261444,0.381464,0.545572,0.737068,0.943438,1.155437,1.36636,1.571467,1.767525
14/06/2010,14-Jun-10,0.217424,0.27917,0.403708,0.570047,0.762251,0.968358,1.179516,1.389298,1.593152,1.787969
15/06/2010,15-Jun-10,0.222483,0.298551,0.432556,0.604894,0.800663,1.008665,1.220609,1.430473,1.633993,1.828264
16/06/2010,16-Jun-10,0.235694,0.300167,0.427,0.595265,0.78908,0.996531,1.208805,1.419507,1.624113,1.819541
17/06/2010,17-Jun-10,0.230944,0.309305,0.444703,0.617745,0.813697,1.021495,1.232956,1.44214,1.644851,1.838235
18/06/2010,18-Jun-10,0.244347,0.335208,0.478748,0.656724,0.855281,1.064025,1.275275,1.483471,1.684696,1.876304
21/06/2010,21-Jun-10,0.277181,0.375507,0.522182,0.700397,0.897345,1.10339,1.311389,1.516154,1.714018,1.902494
22/06/2010,22-Jun-10,0.276699,0.370113,0.512981,0.688158,0.882596,1.086485,1.292559,1.495546,1.691724,1.87857
23/06/2010,23-Jun-10,0.279686,0.379559,0.522592,0.694193,0.883109,1.080756,1.280678,1.478106,1.669601,1.852769
24/06/2010,24-Jun-10,0.288246,0.369038,0.497688,0.658724,0.840159,1.032802,1.229695,1.425653,1.616894,1.800744
25/06/2010,25-Jun-10,0.302193,0.392663,0.526247,0.689058,0.870267,1.061514,1.256419,1.450195,1.639317,1.821267
28/06/2010,28-Jun-10,0.323316,0.405117,0.532556,0.691024,0.869147,1.058158,1.251382,1.443814,1.63178,1.812653
29/06/2010,29-Jun-10,0.306916,0.380067,0.500958,0.654537,0.829076,1.015523,1.206976,1.398249,1.585521,1.766055
30/06/2010,30-Jun-10,0.35388,0.42374,0.541911,0.693134,0.865537,1.049972,1.239469,1.428803,1.614131,1.792705
01/07/2010,01-Jul-10,0.403719,0.469551,0.582253,0.72728,0.893261,1.071397,1.25495,1.438835,1.619289,1.793595
02/07/2010,02-Jul-10,0.395811,0.466482,0.581248,0.726503,0.891574,1.068165,1.249898,1.431939,1.610689,1.783537
05/07/2010,05-Jul-10,0.388909,0.446772,0.551627,0.689285,0.848603,1.020904,1.199503,1.379317,1.55655,1.728427
06/07/2010,06-Jul-10,0.401905,0.470967,0.583572,0.726411,0.889018,1.063238,1.242786,1.422882,1.599957,1.771404
07/07/2010,07-Jul-10,0.408018,0.464451,0.569223,0.707687,0.868359,1.042312,1.222679,1.404252,1.583148,1.756539
08/07/2010,08-Jul-10,0.474629,0.533559,0.638197,0.774729,0.932299,1.102447,1.278653,1.455958,1.630653,1.800029
09/07/2010,09-Jul-10,0.47383,0.547393,0.660368,0.800656,0.958726,1.127132,1.30012,1.473307,1.643411,1.808032
12/07/2010,12-Jul-10,0.421114,0.502682,0.619563,0.761172,0.91907,1.086583,1.258489,1.430747,1.600282,1.764802
13/07/2010,13-Jul-10,0.418932,0.503767,0.622985,0.766256,0.925338,1.093707,1.266252,1.439016,1.608985,1.773907
14/07/2010,14-Jul-10,0.442834,0.542031,0.670091,0.818025,0.978656,1.146302,1.316509,1.485833,1.651656,1.812031
15/07/2010,15-Jul-10,0.457553,0.561843,0.694384,0.846245,1.010303,1.180926,1.353709,1.525252,1.692976,1.85497
16/07/2010,16-Jul-10,0.481608,0.571332,0.692879,0.836538,0.99456,1.160816,1.330504,1.499911,1.666213,1.827305
19/07/2010,19-Jul-10,0.531886,0.62507,0.748138,0.891887,1.048971,1.213571,1.38113,1.548122,1.711864,1.870361
20/07/2010,20-Jul-10,0.498406,0.580466,0.698959,0.842441,1.001913,1.170358,1.34237,1.513843,1.681715,1.843763
21/07/2010,21-Jul-10,0.480685,0.550401,0.662133,0.802895,0.962497,1.133014,1.308352,1.483891,1.656194,1.822761
22/07/2010,22-Jul-10,0.478798,0.540175,0.648804,0.790024,0.952395,1.127065,1.30727,1.487911,1.665218,1.836474
23/07/2010,23-Jul-10,0.504836,0.558394,0.665309,0.808211,0.9738,1.152001,1.335283,1.518113,1.69652,1.867744
26/07/2010,26-Jul-10,0.494642,0.578656,0.704817,0.858928,1.030083,1.209999,1.392471,1.572937,1.748125,1.915771
27/07/2010,27-Jul-10,0.506781,0.62279,0.766949,0.929391,1.102428,1.280135,1.458006,1.632683,1.801717,1.963387
28/07/2010,28-Jul-10,0.498144,0.604623,0.741455,0.898418,1.067515,1.242554,1.418805,1.592712,1.761663,1.923796
29/07/2010,29-Jul-10,0.489942,0.604385,0.745917,0.905217,1.074984,1.249558,1.424611,1.596888,1.763998,1.924237
30/07/2010,30-Jul-10,0.486233,0.587181,0.719141,0.871846,1.037249,1.209107,1.38264,1.554242,1.721255,1.881774
02/08/2010,02-Aug-10,0.487837,0.596125,0.734242,0.892049,1.061623,1.236838,1.413019,1.58666,1.75519,1.916782
03/08/2010,03-Aug-10,0.486467,0.561839,0.675886,0.816502,0.974198,1.141599,1.313044,1.484246,1.652024,1.814075
04/08/2010,04-Aug-10,0.492624,0.56583,0.677723,0.816198,0.971769,1.137069,1.306444,1.475618,1.641416,1.801543
05/08/2010,05-Aug-10,0.505689,0.578566,0.68824,0.823269,0.974661,1.135417,1.300148,1.464764,1.626219,1.7823
06/08/2010,06-Aug-10,0.516538,0.588645,0.695169,0.825556,0.971475,1.126406,1.285304,1.444316,1.600552,1.751894
09/08/2010,09-Aug-10,0.502347,0.568505,0.671037,0.798964,0.94361,1.098176,1.257394,1.417231,1.574656,1.727436
10/08/2010,10-Aug-10,0.490353,0.557622,0.661959,0.792192,0.939492,1.096938,1.259165,1.422062,1.582539,1.738317
11/08/2010,11-Aug-10,0.458978,0.501769,0.588144,0.705547,0.844029,0.995768,1.154673,1.316059,1.47637,1.632966
12/08/2010,12-Aug-10,0.425667,0.47146,0.56076,0.680887,0.821815,0.975682,1.136382,1.29923,1.460686,1.61813
13/08/2010,13-Aug-10,0.429102,0.473089,0.561028,0.680176,0.820452,0.973941,1.134492,1.297382,1.459034,1.6168
16/08/2010,16-Aug-10,0.424901,0.463141,0.546516,0.661838,0.798708,0.948995,1.106402,1.266115,1.424511,1.578917
17/08/2010,17-Aug-10,0.428192,0.474367,0.56483,0.686226,0.828084,0.98227,1.142529,1.304116,1.463499,1.618102
18/08/2010,18-Aug-10,0.43207,0.469069,0.551161,0.665071,0.800354,0.948859,1.104292,1.261852,1.417937,1.569903
19/08/2010,19-Aug-10,0.43756,0.471799,0.551342,0.662996,0.79636,0.943299,1.097515,1.254192,1.409704,1.561374
20/08/2010,20-Aug-10,0.398278,0.435903,0.51943,0.635119,0.772207,0.922334,1.079076,1.237562,1.394164,1.546236
23/08/2010,23-Aug-10,0.398215,0.43903,0.524975,0.64245,0.780807,0.931782,1.089033,1.24776,1.404388,1.556322
24/08/2010,24-Aug-10,0.397675,0.413625,0.47979,0.58162,0.707686,0.849081,0.998936,1.152013,1.304384,1.453162
25/08/2010,25-Aug-10,0.399629,0.425248,0.499495,0.607434,0.737491,0.880782,1.030569,1.181814,1.330824,1.47496
26/08/2010,26-Aug-10,0.402531,0.439819,0.520333,0.631108,0.761966,0.904987,1.054076,1.2046,1.353105,1.497069
27/08/2010,27-Aug-10,0.41049,0.447416,0.527177,0.636848,0.766295,0.907647,1.054855,1.203334,1.34967,1.49138
30/08/2010,30-Aug-10,0.412078,0.438564,0.511324,0.616722,0.744048,0.884954,1.033004,1.183297,1.332164,1.476918
31/08/2010,31-Aug-10,0.420824,0.447731,0.519841,0.623867,0.749361,0.888173,1.03401,1.182077,1.328778,1.471474
01/09/2010,01-Sept-10,0.407895,0.446703,0.531456,0.647888,0.784924,0.934051,1.088803,1.24434,1.397112,1.544583
02/09/2010,02-Sept-10,0.404246,0.44239,0.526926,0.643716,0.78174,0.932478,1.089424,1.247675,1.403608,1.554606
03/09/2010,03-Sept-10,0.415801,0.462653,0.55332,0.674491,0.815751,0.969019,1.128095,1.288289,1.446116,1.599046
06/09/2010,06-Sept-10,0.41747,0.461607,0.549768,0.668679,0.807936,0.95946,1.117042,1.275979,1.432765,1.58485
07/09/2010,07-Sept-10,0.414561,0.438549,0.512638,0.621983,0.754969,0.902591,1.057934,1.215762,1.372175,1.524332
08/09/2010,08-Sept-10,0.410984,0.460802,0.552148,0.67234,0.811445,0.961758,1.117363,1.273785,1.427701,1.576698
09/09/2010,09-Sept-10,0.425833,0.491638,0.593646,0.720437,0.863078,1.014649,1.169853,1.324694,1.476219,1.622303
10/09/2010,10-Sept-10,0.432167,0.510536,0.621851,0.755465,0.903055,1.058171,1.215882,1.372476,1.525213,1.672132
13/09/2010,13-Sept-10,0.435529,0.524139,0.642305,0.780391,0.93083,1.087739,1.2466,1.403998,1.557403,1.704993
14/09/2010,14-Sept-10,0.431843,0.513877,0.626718,0.76043,0.907212,1.061001,1.217143,1.372119,1.523321,1.668873
15/09/2010,15-Sept-10,0.44352,0.53432,0.653708,0.792278,0.942644,1.099068,1.257143,1.413543,1.565804,1.71216
16/09/2010,16-Sept-10,0.464743,0.574676,0.708186,0.857069,1.014884,1.176627,1.338463,1.497504,1.651621,1.799299
17/09/2010,17-Sept-10,0.465034,0.558079,0.679134,0.818926,0.970175,1.127222,1.285723,1.442399,1.594824,1.741258
20/09/2010,20-Sept-10,0.463489,0.569301,0.699968,0.846879,1.003285,1.163956,1.324893,1.48309,1.636341,1.783079
21/09/2010,21-Sept-10,0.452394,0.566666,0.701944,0.850882,1.007667,1.167747,1.327604,1.484565,1.636639,1.782392
22/09/2010,22-Sept-10,0.450585,0.555275,0.681464,0.821947,0.970996,1.124101,1.277755,1.429268,1.576619,1.718332
23/09/2010,23-Sept-10,0.439914,0.521338,0.630539,0.759002,0.899934,1.047961,1.198876,1.349429,1.497148,1.640196
24/09/2010,24-Sept-10,0.450756,0.534268,0.644844,0.774214,0.915765,1.064257,1.215576,1.366539,1.514716,1.658299
27/09/2010,27-Sept-10,0.486793,0.556011,0.654334,0.773236,0.905876,1.046811,1.191753,1.337357,1.481058,1.620923
28/09/2010,28-Sept-10,0.482526,0.557758,0.659673,0.780291,0.913217,1.053364,1.196729,1.340196,1.48138,1.61849
29/09/2010,29-Sept-10,0.49838,0.593787,0.708918,0.837415,0.974176,1.115152,1.257158,1.397726,1.534975,1.667506
30/09/2010,30-Sept-10,0.596925,0.675927,0.779205,0.899321,1.030318,1.167468,1.307055,1.446196,1.582693,1.714901
01/10/2010,01-Oct-10,0.641895,0.713115,0.811662,0.929296,1.059434,1.196858,1.337477,1.478119,1.616369,1.750423
04/10/2010,04-Oct-10,0.593079,0.663684,0.760477,0.875624,1.002851,1.13717,1.274657,1.412264,1.547656,1.679085
05/10/2010,05-Oct-10,0.594753,0.659285,0.752017,0.864673,0.990618,1.124576,1.262392,1.40083,1.537408,1.67026
06/10/2010,06-Oct-10,0.589012,0.643509,0.728661,0.835727,0.957687,1.088947,1.225087,1.362657,1.498998,1.632099
07/10/2010,07-Oct-10,0.611069,0.663971,0.748271,0.855028,0.977068,1.108675,1.245336,1.383529,1.520541,1.654321
08/10/2010,08-Oct-10,0.607576,0.665544,0.75316,0.861976,0.985199,1.117403,1.254295,1.392515,1.529469,1.66319
11/10/2010,11-Oct-10,0.61117,0.659039,0.73962,0.84377,0.964138,1.094854,1.231272,1.369751,1.507479,1.642318
12/10/2010,12-Oct-10,0.602232,0.641803,0.716066,0.815467,0.932321,1.060488,1.195106,1.332361,1.469301,1.603681
13/10/2010,13-Oct-10,0.59405,0.641269,0.721733,0.826205,0.94725,1.078927,1.216527,1.356358,1.49556,1.63196
14/10/2010,14-Oct-10,0.6342,0.668447,0.739559,0.837519,0.95426,1.083333,1.219621,1.359108,1.498677,1.635948
15/10/2010,15-Oct-10,0.640149,0.679804,0.755732,0.85799,0.978581,1.111109,1.250506,1.392794,1.534893,1.67445
18/10/2010,18-Oct-10,0.68028,0.736477,0.822702,0.93053,1.053164,1.185163,1.322205,1.460894,1.5986,1.733313
19/10/2010,19-Oct-10,0.694839,0.75768,0.848359,0.958973,1.083143,1.215755,1.352746,1.490925,1.627813,1.761524
20/10/2010,20-Oct-10,0.717901,0.787344,0.882869,0.996842,1.123115,1.256781,1.393955,1.531597,1.667364,1.799485
21/10/2010,21-Oct-10,0.723848,0.800503,0.901831,1.020417,1.150305,1.286749,1.426001,1.56514,1.701921,1.834658
22/10/2010,22-Oct-10,0.733877,0.822073,0.92978,1.051068,1.181121,1.31606,1.452789,1.588866,1.722393,1.851921
25/10/2010,25-Oct-10,0.733396,0.809517,0.909612,1.026556,1.154597,1.289135,1.426523,1.563904,1.699072,1.830356
26/10/2010,26-Oct-10,0.767242,0.852794,0.959548,1.080951,1.211724,1.34765,1.485392,1.622346,1.756508,1.886371
27/10/2010,27-Oct-10,0.763461,0.857646,0.972159,1.10052,1.23752,1.379007,1.521704,1.663063,1.801132,1.934452
28/10/2010,28-Oct-10,0.786008,0.865283,0.968516,1.088469,1.219319,1.356414,1.496079,1.635442,1.772295,1.904973
29/10/2010,29-Oct-10,0.76941,0.843303,0.94356,1.062293,1.193166,1.331134,1.472216,1.613309,1.752033,1.886598
01/11/2010,01-Nov-10,0.772023,0.844714,0.943363,1.060207,1.189012,1.324812,1.463687,1.60258,1.739146,1.871619
02/11/2010,02-Nov-10,0.777409,0.848015,0.944773,1.059857,1.186984,1.321155,1.458428,1.595734,1.730719,1.861615
03/11/2010,03-Nov-10,0.765283,0.834817,0.928484,1.039287,1.161555,1.290731,1.42318,1.556038,1.687075,1.814591
04/11/2010,04-Nov-10,0.77804,0.836567,0.922384,1.027913,1.146996,1.274665,1.406948,1.540695,1.673443,1.803296
05/11/2010,05-Nov-10,0.768102,0.817186,0.896713,0.998482,1.115821,1.243336,1.376703,1.512484,1.64798,1.781101
08/11/2010,08-Nov-10,0.781195,0.828659,0.904321,1.000931,1.112522,1.234215,1.362044,1.49281,1.623964,1.753493
09/11/2010,09-Nov-10,0.766122,0.819137,0.899187,0.999237,1.113504,1.237253,1.366642,1.498575,1.63058,1.760714
10/11/2010,10-Nov-10,0.766362,0.822086,0.904552,1.006729,1.122841,1.248169,1.378886,1.511912,1.644796,1.775613
11/11/2010,11-Nov-10,0.764958,0.812004,0.889742,0.990197,1.106833,1.234322,1.368355,1.505473,1.642926,1.778559
12/11/2010,12-Nov-10,0.745192,0.822026,0.921709,1.037907,1.165423,1.300015,1.438251,1.577378,1.715214,1.850051
15/11/2010,15-Nov-10,0.742226,0.838303,0.952351,1.079031,1.213955,1.353549,1.494922,1.63576,1.774234,1.908924
16/11/2010,16-Nov-10,0.728835,0.823088,0.936854,1.064404,1.201042,1.342943,1.487017,1.630794,1.772324,1.910091
17/11/2010,17-Nov-10,0.715158,0.81427,0.934024,1.068008,1.211026,1.358908,1.508331,1.656688,1.801955,1.942599
18/11/2010,18-Nov-10,0.709092,0.82328,0.955648,1.100168,1.251974,1.407171,1.562671,1.716063,1.86549,2.009559
19/11/2010,19-Nov-10,0.728803,0.841801,0.973355,1.1173,1.268667,1.423484,1.578609,1.731591,1.88055,2.024078
22/11/2010,22-Nov-10,0.722957,0.817214,0.93614,1.072033,1.218712,1.371261,1.52581,1.679351,1.829585,1.974791
23/11/2010,23-Nov-10,0.6865,0.758116,0.862309,0.989237,1.131068,1.28162,1.436065,1.590679,1.742636,1.889841
24/11/2010,24-Nov-10,0.660737,0.744008,0.860453,0.999629,1.153282,1.314942,1.479603,1.643437,1.803579,1.957928
25/11/2010,25-Nov-10,0.66682,0.751898,0.873104,1.01849,1.178757,1.346741,1.516999,1.68546,1.849148,2.005954
26/11/2010,26-Nov-10,0.65438,0.742975,0.867607,1.016277,1.179655,1.350559,1.523533,1.694504,1.860499,2.019416
29/11/2010,29-Nov-10,0.649666,0.729778,0.85082,0.999276,1.164673,1.338981,1.516126,1.691587,1.862079,2.025288
30/11/2010,30-Nov-10,0.644717,0.719105,0.837519,0.985364,1.151381,1.326976,1.505678,1.682699,1.854579,2.018896
01/12/2010,01-Dec-10,0.647462,0.721055,0.842771,0.99628,1.169102,1.351809,1.537382,1.720695,1.8981,2.067095
02/12/2010,02-Dec-10,0.621509,0.67788,0.795964,0.954149,1.136259,1.330342,1.527709,1.722181,1.909502,2.086866
03/12/2010,03-Dec-10,0.615769,0.678787,0.800246,0.960229,1.143652,1.339225,1.538624,1.735831,1.926614,2.108108
06/12/2010,06-Dec-10,0.609046,0.655839,0.763357,0.911906,1.086416,1.275473,1.470548,1.665367,1.855426,2.037588
07/12/2010,07-Dec-10,0.608425,0.666129,0.782738,0.938904,1.119831,1.314325,1.514031,1.71282,1.906298,2.091421
08/12/2010,08-Dec-10,0.598452,0.692818,0.834527,1.007161,1.198177,1.398108,1.599911,1.798454,1.990092,2.172338
09/12/2010,09-Dec-10,0.593074,0.71806,0.877786,1.059151,1.252169,1.449332,1.645093,1.835448,2.017598,2.189683
10/12/2010,10-Dec-10,0.616644,0.740402,0.900954,1.084176,1.279393,1.478651,1.676133,1.86769,2.050468,2.222609
13/12/2010,13-Dec-10,0.607693,0.74267,0.909861,1.096595,1.293267,1.492698,1.689626,1.880291,2.062101,2.23337
14/12/2010,14-Dec-10,0.593924,0.726619,0.895387,1.086057,1.287955,1.493163,1.695922,1.892151,2.079068,2.254887
15/12/2010,15-Dec-10,0.598575,0.728827,0.898588,1.092131,1.297725,1.506756,1.713031,1.912223,2.101434,2.278849
16/12/2010,16-Dec-10,0.59517,0.736529,0.913365,1.111321,1.319633,1.530361,1.737766,1.937818,2.127805,2.306019
17/12/2010,17-Dec-10,0.592769,0.733084,0.907065,1.101222,1.305393,1.512038,1.715676,1.912427,2.099651,2.275663
20/12/2010,20-Dec-10,0.588434,0.72362,0.890115,1.075805,1.271448,1.470094,1.666607,1.857282,2.039537,2.211661
21/12/2010,21-Dec-10,0.580387,0.725762,0.898382,1.087312,1.284201,1.482765,1.678361,1.867641,2.048282,2.218749
22/12/2010,22-Dec-10,0.50589,0.654277,0.829971,1.022103,1.222348,1.424412,1.623623,1.816595,2.000959,2.175135
23/12/2010,23-Dec-10,0.51035,0.635813,0.799768,0.987805,1.188978,1.395081,1.600071,1.799599,1.990637,2.171177
24/12/2010,24-Dec-10,0.516266,0.637395,0.798738,0.985377,1.185987,1.39208,1.597408,1.797474,1.989144,2.170338
27/12/2010,27-Dec-10,0.508756,0.641058,0.812029,1.006892,1.214466,1.426405,1.636594,1.840663,2.035591,2.219403
28/12/2010,28-Dec-10,0.507204,0.605711,0.755713,0.93853,1.140111,1.350022,1.560653,1.766574,1.96404,2.150589
29/12/2010,29-Dec-10,0.507116,0.609566,0.765009,0.954015,1.16201,1.378213,1.594789,1.806178,2.008566,2.199467
30/12/2010,30-Dec-10,0.498415,0.599058,0.749574,0.932226,1.133565,1.343521,1.554677,1.761679,1.960783,2.149476
31/12/2010,31-Dec-10,0.50953,0.602586,0.74852,0.92869,1.12898,1.33883,1.550467,1.758287,1.958365,2.148071
03/01/2011,03-Jan-11,0.497287,0.580284,0.722283,0.90236,1.104788,1.317898,1.53317,1.744519,1.947734,2.140025
04/01/2011,04-Jan-11,0.517786,0.601764,0.74079,0.915539,1.111412,1.317511,1.525835,1.73063,1.927878,2.11489
05/01/2011,05-Jan-11,0.498615,0.611565,0.766576,0.948534,1.145905,1.349997,1.55436,1.754312,1.946548,2.128838
06/01/2011,06-Jan-11,0.49606,0.62599,0.79207,0.981023,1.182666,1.389282,1.595118,1.795974,1.988875,2.171798
07/01/2011,07-Jan-11,0.483349,0.607928,0.769636,0.955041,1.153826,1.358161,1.562197,1.761652,1.953481,2.135604
10/01/2011,10-Jan-11,0.480062,0.605892,0.765698,0.947224,1.141011,1.339846,1.53831,1.732412,1.919293,2.096985
11/01/2011,11-Jan-11,0.484066,0.608606,0.766291,0.94551,1.137227,1.334484,1.532,1.725834,1.91312,2.091841
12/01/2011,12-Jan-11,0.497573,0.651986,0.832046,1.027747,1.23134,1.436892,1.63994,1.837194,2.0263,2.205648
13/01/2011,13-Jan-11,0.534899,0.720939,0.919465,1.124095,1.329862,1.532959,1.730525,1.920462,2.101291,2.272029
14/01/2011,14-Jan-11,0.561927,0.767045,0.974943,1.181935,1.385153,1.582405,1.772062,1.952953,2.124279,2.285548
17/01/2011,17-Jan-11,0.571193,0.776005,0.983866,1.191043,1.394623,1.592382,1.782657,1.96425,2.136343,2.298424
18/01/2011,18-Jan-11,0.621325,0.83117,1.043472,1.254459,1.461214,1.661522,1.853747,2.036727,2.209686,2.372157
19/01/2011,19-Jan-11,0.589665,0.797223,1.009182,1.221132,1.429673,1.632233,1.826918,2.012384,2.187732,2.352419
20/01/2011,20-Jan-11,0.64296,0.869641,1.094483,1.314483,1.527377,1.731508,1.925713,2.109228,2.281613,2.442684
21/01/2011,21-Jan-11,0.670509,0.904157,1.134514,1.358601,1.57423,1.779849,1.974422,2.157324,2.328255,2.487169
24/01/2011,24-Jan-11,0.664177,0.899772,1.129274,1.350695,1.562591,1.763962,1.954171,2.132869,2.299943,2.45546
25/01/2011,25-Jan-11,0.724558,0.929022,1.137617,1.345731,1.549869,1.74744,1.936587,2.116035,2.284976,2.44297
26/01/2011,26-Jan-11,0.69261,0.930417,1.163165,1.388239,1.603754,1.808419,2.001416,2.182299,2.35092,2.507357
27/01/2011,27-Jan-11,0.703508,0.944745,1.179715,1.406081,1.622185,1.826915,2.019595,2.199896,2.367757,2.523324
28/01/2011,28-Jan-11,0.779303,1.03463,1.275592,1.502181,1.714553,1.912986,2.097861,2.269631,2.428807,2.575938
31/01/2011,31-Jan-11,0.779995,1.026227,1.260213,1.481575,1.69015,1.885951,2.069135,2.239966,2.398799,2.546051
01/02/2011,01-Feb-11,0.760691,1.01271,1.252512,1.479645,1.693894,1.895228,2.083769,2.259758,2.42353,2.575492
02/02/2011,02-Feb-11,0.784291,1.033622,1.269837,1.4928,1.702544,1.899234,2.083144,2.25463,2.414113,2.56206
03/02/2011,03-Feb-11,0.767906,1.005748,1.235718,1.456485,1.667098,1.866921,2.055576,2.232895,2.398879,2.553662
04/02/2011,04-Feb-11,0.766131,1.017376,1.255538,1.480574,1.692569,1.891717,2.078295,2.252648,2.415173,2.566307
07/02/2011,07-Feb-11,0.746119,1.002275,1.245267,1.474978,1.69144,1.894808,2.085334,2.263345,2.429231,2.583426
08/02/2011,08-Feb-11,0.790514,1.040831,1.278287,1.502814,1.714471,1.913432,2.099952,2.274361,2.437039,2.588408
09/02/2011,09-Feb-11,0.80241,1.058129,1.299499,1.52675,1.740196,1.940217,2.127247,2.301756,2.464243,2.615227
10/02/2011,10-Feb-11,0.798186,1.062799,1.310853,1.542959,1.759756,1.961903,2.150067,2.32492,2.48713,2.637359
11/02/2011,11-Feb-11,0.78418,1.037644,1.277314,1.503328,1.715916,1.915391,2.102125,2.276539,2.439088,2.590255
14/02/2011,14-Feb-11,0.771585,1.033855,1.28071,1.512544,1.729813,1.93302,2.122699,2.29941,2.463726,2.616229
15/02/2011,15-Feb-11,0.77625,1.040612,1.289174,1.522384,1.740741,1.944788,2.135093,2.312248,2.476853,2.629512
16/02/2011,16-Feb-11,0.766413,1.018983,1.257747,1.482864,1.694587,1.893242,2.07921,2.252919,2.414827,2.565418
17/02/2011,17-Feb-11,0.752441,0.994767,1.226049,1.445936,1.654243,1.85093,2.036072,2.209837,2.372469,2.524275
18/02/2011,18-Feb-11,0.765279,1.019631,1.25943,1.485005,1.696745,1.895091,2.080521,2.253538,2.414663,2.56443
21/02/2011,21-Feb-11,0.798519,1.040261,1.269312,1.485752,1.689755,1.881568,2.061503,2.229918,2.387207,2.533792
22/02/2011,22-Feb-11,0.835541,1.08294,1.313991,1.529636,1.730766,1.918223,2.092802,2.255254,2.406289,2.546577
23/02/2011,23-Feb-11,0.844119,1.092183,1.323217,1.538257,1.738277,1.924196,2.096879,2.257139,2.405742,2.54341
24/02/2011,24-Feb-11,0.826176,1.071677,1.301049,1.515211,1.715029,1.901326,2.074877,2.236417,2.386639,2.526199
25/02/2011,25-Feb-11,0.838088,1.08546,1.316421,1.531915,1.732831,1.920014,2.094258,2.256317,2.4069,2.54668
28/02/2011,28-Feb-11,0.825126,1.075778,1.30973,1.527947,1.73134,1.920771,2.097051,2.26095,2.413194,2.554468
01/03/2011,01-Mar-11,0.829706,1.084889,1.322908,1.544762,1.751398,1.943709,2.122537,2.288678,2.442885,2.585865
02/03/2011,02-Mar-11,0.817847,1.073587,1.312099,1.53439,1.74141,1.934057,2.113178,2.279573,2.433997,2.577163
03/03/2011,03-Mar-11,0.988551,1.253531,1.49813,1.723776,1.931801,2.123449,2.299878,2.462168,2.611329,2.748297
04/03/2011,04-Mar-11,0.975801,1.252769,1.506152,1.737869,1.949688,2.143233,2.32,2.481363,2.628587,2.762834
07/03/2011,07-Mar-11,0.975617,1.256801,1.513815,1.748647,1.963123,2.158922,2.337588,2.500539,2.649077,2.7844
08/03/2011,08-Mar-11,0.956478,1.233903,1.4879,1.720363,1.933033,2.127515,2.305284,2.4677,2.616012,2.751372
09/03/2011,09-Mar-11,0.957254,1.234553,1.488662,1.721423,1.934536,2.129567,2.30796,2.471048,2.620058,2.756119
10/03/2011,10-Mar-11,0.944919,1.213952,1.461253,1.688469,1.897122,2.088623,2.264279,2.425302,2.572811,2.707846
11/03/2011,11-Mar-11,0.926916,1.189222,1.431166,1.654202,1.859687,2.048881,2.22296,2.383019,2.530076,2.66508
14/03/2011,14-Mar-11,0.909936,1.17356,1.416631,1.640625,1.846916,2.036783,2.211417,2.371928,2.519346,2.654632
15/03/2011,15-Mar-11,0.871221,1.114501,1.341741,1.553747,1.751303,1.935171,2.106088,2.264767,2.411892,2.548124
16/03/2011,16-Mar-11,0.861861,1.094885,1.313695,1.518873,1.711004,1.890673,2.058458,2.21493,2.360648,2.496159
17/03/2011,17-Mar-11,0.88554,1.131185,1.360189,1.573486,1.77197,1.956494,2.127872,2.286879,2.434255,2.570701
18/03/2011,18-Mar-11,0.910264,1.162046,1.395401,1.611565,1.811695,1.996877,2.168124,2.326383,2.472543,2.607431
21/03/2011,21-Mar-11,0.955953,1.226735,1.474554,1.701293,1.908682,2.098313,2.27165,2.430039,2.574714,2.706813
22/03/2011,22-Mar-11,0.960225,1.230259,1.47771,1.704394,1.911982,2.102017,2.275915,2.434982,2.580422,2.71334
23/03/2011,23-Mar-11,0.952869,1.21829,1.462349,1.686673,1.892771,2.082036,2.255758,2.415131,2.561259,2.695162
24/03/2011,24-Mar-11,0.971343,1.2315,1.471584,1.693045,1.897232,2.085398,2.258708,2.418244,2.565012,2.699946
25/03/2011,25-Mar-11,0.982719,1.249219,1.494109,1.719062,1.925627,2.115234,2.289202,2.448753,2.595012,2.729021
28/03/2011,28-Mar-11,1.012532,1.281387,1.52828,1.754924,1.962903,2.153677,2.328597,2.488907,2.635758,2.770209
29/03/2011,29-Mar-11,1.011003,1.282802,1.531996,1.76038,1.969608,2.161206,2.33658,2.497028,2.643744,2.777831
30/03/2011,30-Mar-11,0.998079,1.278597,1.535409,1.770426,1.985404,2.181964,2.361599,2.525681,2.675476,2.812147
31/03/2011,31-Mar-11,1.018992,1.299675,1.556359,1.790998,2.00539,2.201189,2.379918,2.542977,2.691655,2.827138
01/04/2011,01-Apr-11,1.025917,1.320275,1.587615,1.830335,2.050626,2.250488,2.431746,2.596068,2.744976,2.879857
04/04/2011,04-Apr-11,1.023704,1.314861,1.579519,1.820014,2.038482,2.236873,2.416967,2.580393,2.728637,2.863055
05/04/2011,05-Apr-11,1.022512,1.311308,1.574034,1.812974,2.030216,2.227666,2.407068,2.570017,2.717967,2.852251
06/04/2011,06-Apr-11,1.030031,1.32579,1.594009,1.837229,2.05776,2.257696,2.43894,2.603221,2.752107,2.887022
07/04/2011,07-Apr-11,1.055947,1.34555,1.608801,1.848074,2.065528,2.26313,2.442671,2.605778,2.753937,2.888496
08/04/2011,08-Apr-11,1.103762,1.405367,1.677155,1.922102,2.142884,2.341915,2.521365,2.683188,2.829145,2.960819
11/04/2011,11-Apr-11,1.082783,1.39141,1.668427,1.917168,2.140607,2.341403,2.521933,2.68432,2.830459,2.962047
12/04/2011,12-Apr-11,1.06977,1.362117,1.627081,1.867239,2.084925,2.282254,2.461139,2.623316,2.770355,2.903678
13/04/2011,13-Apr-11,1.085468,1.383632,1.65289,1.89607,2.115724,2.314153,2.493432,2.655434,2.801845,2.934187
14/04/2011,14-Apr-11,1.075639,1.363948,1.625387,1.862453,2.077408,2.272306,2.449012,2.609216,2.754452,2.886113
15/04/2011,15-Apr-11,1.09131,1.380242,1.641612,1.87806,2.091973,2.285509,2.460617,2.619063,2.76244,2.892189
18/04/2011,18-Apr-11,1.082127,1.345151,1.586364,1.807506,2.010184,2.195874,2.36594,2.521634,2.664113,2.79444
19/04/2011,19-Apr-11,1.10569,1.377043,1.623738,1.847988,2.051808,2.237037,2.405348,2.558267,2.697184,2.823366
20/04/2011,20-Apr-11,1.124868,1.393404,1.637698,1.859912,2.062018,2.245813,2.412936,2.564882,2.703012,2.828567
21/04/2011,21-Apr-11,1.108557,1.368904,1.607067,1.824893,2.024074,2.206163,2.372586,2.524651,2.663557,2.790407
26/04/2011,26-Apr-11,1.093333,1.354268,1.593055,1.81153,2.011376,2.194139,2.361238,2.513974,2.653544,2.781045
27/04/2011,27-Apr-11,1.129337,1.39178,1.631647,1.850833,2.051072,2.233957,2.400947,2.553381,2.692486,2.819387
28/04/2011,28-Apr-11,1.145405,1.398953,1.631116,1.843653,2.03818,2.216182,2.37902,2.527948,2.664114,2.788575
29/04/2011,29-Apr-11,1.157741,1.413089,1.646162,1.858867,2.052954,2.23002,2.391528,2.538817,2.673112,2.795532
02/05/2011,02-May-11,1.175962,1.429094,1.660182,1.871113,2.063612,2.23926,2.399501,2.54566,2.678947,2.800468
03/05/2011,03-May-11,1.181875,1.439846,1.674255,1.887251,2.080789,2.25665,2.41645,2.561661,2.69362,2.813544
04/05/2011,04-May-11,1.21401,1.494477,1.744224,1.966888,2.165661,2.343345,2.502395,2.644973,2.772973,2.888064
05/05/2011,05-May-11,1.141774,1.395904,1.627939,1.839807,2.033267,2.209922,2.371239,2.518554,2.653087,2.775952
06/05/2011,06-May-11,1.154408,1.399317,1.62295,1.827166,2.013662,2.183983,2.339544,2.481632,2.611423,2.72999
09/05/2011,09-May-11,1.145349,1.374198,1.584905,1.778864,1.957366,2.121604,2.272683,2.411623,2.539369,2.656794
10/05/2011,10-May-11,1.130543,1.365301,1.580955,1.77904,1.960971,2.128048,2.281468,2.422334,2.551659,2.670376
11/05/2011,11-May-11,1.135273,1.371527,1.588564,1.787927,1.971036,2.139199,2.293619,2.435404,2.565574,2.685065
12/05/2011,12-May-11,1.128754,1.351631,1.558156,1.749472,1.926645,2.090667,2.242464,2.382894,2.51276,2.632807
13/05/2011,13-May-11,1.158457,1.377905,1.581093,1.769184,1.943256,2.104312,2.253285,2.39104,2.518384,2.636065
16/05/2011,16-May-11,1.174503,1.396808,1.602236,1.792037,1.967365,2.129294,2.278816,2.416853,2.544258,2.661822
17/05/2011,17-May-11,1.166287,1.388905,1.594596,1.784615,1.960124,2.1222,2.271841,2.409971,2.537448,2.655065
18/05/2011,18-May-11,1.179853,1.399552,1.602611,1.790257,1.963629,2.123783,2.271696,2.408277,2.534366,2.650741
19/05/2011,19-May-11,1.202436,1.431693,1.642618,1.836653,2.015128,2.179271,2.330212,2.468994,2.596581,2.713858
20/05/2011,20-May-11,1.175995,1.392014,1.592029,1.777188,1.948554,2.107119,2.253802,2.389459,2.514883,2.630813
23/05/2011,23-May-11,1.149681,1.355531,1.547708,1.727033,1.894284,2.050194,2.195454,2.330715,2.456592,2.573665
24/05/2011,24-May-11,1.153578,1.360911,1.554545,1.735298,1.903943,2.06121,2.207787,2.344324,2.471434,2.589694
25/05/2011,25-May-11,1.125126,1.321412,1.506839,1.681806,1.846714,2.001965,2.14796,2.285093,2.413755,2.53433
26/05/2011,26-May-11,1.125759,1.313847,1.492408,1.661669,1.821878,1.973299,2.116214,2.25091,2.377683,2.496835
27/05/2011,27-May-11,1.109644,1.289992,1.4628,1.627976,1.785489,1.935364,2.077672,2.21252,2.340049,2.460424
30/05/2011,30-May-11,1.112796,1.293552,1.466598,1.631866,1.789346,1.93908,2.081155,2.215693,2.342848,2.462797
31/05/2011,31-May-11,1.126407,1.317816,1.499444,1.671528,1.834326,1.988117,2.13319,2.269848,2.398397,2.519149
01/06/2011,01-Jun-11,1.134578,1.316142,1.489751,1.65538,1.813061,1.962869,2.10492,2.23936,2.366363,2.486124
02/06/2011,02-Jun-11,1.152705,1.329883,1.499414,1.661275,1.815493,1.962138,2.101319,2.233173,2.357864,2.475574
03/06/2011,03-Jun-11,1.166428,1.34348,1.512681,1.674054,1.827665,1.973619,2.11205,2.24312,2.367012,2.483926
06/06/2011,06-Jun-11,1.185367,1.368495,1.54251,1.707612,1.864025,2.011989,2.151763,2.283613,2.407817,2.524655
07/06/2011,07-Jun-11,1.216384,1.399516,1.573698,1.739106,1.895939,2.044419,2.184785,2.31729,2.442196,2.559772
08/06/2011,08-Jun-11,1.231258,1.401742,1.566142,1.724184,1.87568,2.020512,2.158625,2.290016,2.414727,2.532839
09/06/2011,09-Jun-11,1.232686,1.378052,1.525355,1.672534,1.817931,1.960231,2.098406,2.231675,2.359459,2.481354
10/06/2011,10-Jun-11,1.227074,1.359122,1.496118,1.635468,1.775066,1.913216,2.048575,2.180096,2.30698,2.428635
13/06/2011,13-Jun-11,1.223437,1.347237,1.479803,1.617473,1.757303,1.896948,2.034568,2.168739,2.298385,2.422717
14/06/2011,14-Jun-11,1.250681,1.378584,1.514146,1.653956,1.79527,1.935907,2.074154,2.20869,2.338521,2.462922
15/06/2011,15-Jun-11,1.243028,1.360547,1.488727,1.623576,1.76187,1.901024,2.038996,2.174191,2.305389,2.431682
16/06/2011,16-Jun-11,1.240221,1.324546,1.433678,1.559493,1.695602,1.837034,1.979969,2.121513,2.259521,2.392447
17/06/2011,17-Jun-11,1.258319,1.350522,1.464621,1.593208,1.730465,1.871866,2.013937,2.154055,2.290282,2.421225
20/06/2011,20-Jun-11,1.251773,1.354308,1.47605,1.610155,1.75126,1.89521,2.038829,2.179732,2.316172,2.44691
21/06/2011,21-Jun-11,1.261302,1.356972,1.474953,1.607347,1.748031,1.892311,2.036639,2.178384,2.315643,2.447091
22/06/2011,22-Jun-11,1.25281,1.342051,1.457438,1.589674,1.731641,1.877952,2.024594,2.168634,2.30799,2.441242
23/06/2011,23-Jun-11,1.223827,1.276401,1.368099,1.48616,1.620804,1.764614,1.91204,2.059001,2.202561,2.340679
24/06/2011,24-Jun-11,1.217871,1.274244,1.367783,1.486364,1.620678,1.763652,1.90998,2.055751,2.198149,2.335204
27/06/2011,27-Jun-11,1.218732,1.274462,1.368504,1.488367,1.624464,1.769515,1.918064,2.066091,2.210702,2.349877
28/06/2011,28-Jun-11,1.256208,1.335195,1.443084,1.570028,1.708455,1.852602,1.998148,2.141909,2.281601,2.415635
29/06/2011,29-Jun-11,1.265614,1.355465,1.471168,1.603592,1.745726,1.89225,2.039188,2.183626,2.323485,2.457336
30/06/2011,30-Jun-11,1.280434,1.388328,1.515163,1.65364,1.798168,1.944517,2.089541,2.230954,2.367144,2.497027
01/07/2011,01-Jul-11,1.289179,1.416054,1.55653,1.704346,1.854771,2.004288,2.150343,2.29113,2.425436,2.5525
04/07/2011,04-Jul-11,1.301382,1.431446,1.571481,1.716666,1.863294,2.008557,2.150371,2.28723,2.418091,2.542273
05/07/2011,05-Jul-11,1.299124,1.426318,1.564895,1.709608,1.85642,2.002278,2.144913,2.282688,2.414462,2.53949
06/07/2011,06-Jul-11,1.28261,1.392469,1.516062,1.648306,1.785169,1.923484,2.060798,2.195242,2.325426,2.450345
07/07/2011,07-Jul-11,1.282799,1.401636,1.53285,1.671505,1.813708,1.956418,2.097299,2.234589,2.366992,2.493589
08/07/2011,08-Jul-11,1.285593,1.363553,1.464831,1.582133,1.709657,1.84283,1.978085,2.112676,2.244527,2.372106
11/07/2011,11-Jul-11,1.205018,1.266849,1.356281,1.465165,1.586993,1.716603,1.849946,1.98388,2.116004,2.244521
12/07/2011,12-Jul-11,1.165277,1.231769,1.329372,1.448154,1.580355,1.719972,1.862415,2.00423,2.142869,2.276503
13/07/2011,13-Jul-11,1.178324,1.210698,1.290237,1.401593,1.533103,1.676001,1.823785,1.971719,2.116431,2.2556
14/07/2011,14-Jul-11,1.167078,1.207255,1.29434,1.412573,1.550084,1.69803,1.849927,2.001105,2.148292,2.289279
15/07/2011,15-Jul-11,1.131177,1.157653,1.235515,1.347703,1.481382,1.627003,1.777566,1.928033,2.074871,2.215692
18/07/2011,18-Jul-11,1.115864,1.141162,1.219045,1.331866,1.466399,1.612846,1.76406,1.914925,2.061878,2.20253
19/07/2011,19-Jul-11,1.11183,1.160536,1.252983,1.374187,1.512884,1.66071,1.81155,1.961024,2.10608,2.244676
20/07/2011,20-Jul-11,1.109474,1.169907,1.268726,1.392785,1.532141,1.679365,1.828987,1.977062,2.120818,2.258384
21/07/2011,21-Jul-11,1.134803,1.239392,1.364986,1.503713,1.649532,1.797865,1.945302,2.089356,2.228263,2.36083
22/07/2011,22-Jul-11,1.146872,1.239471,1.353758,1.482427,1.619736,1.761221,1.903454,2.043842,2.180469,2.311959
25/07/2011,25-Jul-11,1.147741,1.234866,1.344699,1.469795,1.604291,1.743609,1.884223,2.023456,2.159315,2.290359
26/07/2011,26-Jul-11,1.115973,1.216421,1.332222,1.458374,1.590837,1.726371,1.862412,1.996948,2.128432,2.255697
27/07/2011,27-Jul-11,1.083849,1.162969,1.262381,1.376123,1.49936,1.628204,1.759554,1.890964,2.020533,2.146804
28/07/2011,28-Jul-11,1.071085,1.152386,1.254324,1.370751,1.496697,1.628174,1.762011,1.895716,2.027358,2.155466
29/07/2011,29-Jul-11,1.038241,1.112429,1.208366,1.319797,1.441651,1.569843,1.70111,1.832876,1.963129,2.090328
01/08/2011,01-Aug-11,1.038424,1.104715,1.193061,1.297536,1.413275,1.536306,1.663415,1.792018,1.920063,2.045943
02/08/2011,02-Aug-11,0.981544,1.048276,1.137687,1.243637,1.361095,1.485964,1.614933,1.745351,1.875115,2.002582
03/08/2011,03-Aug-11,0.982342,1.04351,1.130554,1.236383,1.355225,1.482415,1.614209,1.747633,1.880349,2.010549
04/08/2011,04-Aug-11,0.871388,0.941311,1.036084,1.148705,1.273492,1.40586,1.542144,1.679444,1.815487,1.948529
05/08/2011,05-Aug-11,0.758715,0.810638,0.902128,1.02124,1.158591,1.306873,1.460454,1.615053,1.767465,1.915349
08/08/2011,08-Aug-11,0.69971,0.726202,0.809049,0.930049,1.075376,1.234635,1.400115,1.566192,1.728854,1.885332
09/08/2011,09-Aug-11,0.692684,0.710589,0.793943,0.920039,1.072147,1.238092,1.409159,1.579247,1.744211,1.901361
10/08/2011,10-Aug-11,0.635197,0.615967,0.668545,0.770542,0.904997,1.059183,1.22366,1.391538,1.557883,1.719259
11/08/2011,11-Aug-11,0.626857,0.609606,0.667402,0.775591,0.915849,1.074701,1.242378,1.411924,1.578506,1.738882
12/08/2011,12-Aug-11,0.685808,0.687125,0.748664,0.852074,0.983286,1.131609,1.289011,1.449539,1.608864,1.763915
15/08/2011,15-Aug-11,0.727992,0.730562,0.787461,0.882999,1.004946,1.143842,1.292439,1.445251,1.598187,1.748255
16/08/2011,16-Aug-11,0.729994,0.732722,0.787612,0.880099,0.998715,1.134498,1.2805,1.431394,1.583151,1.732772
17/08/2011,17-Aug-11,0.731089,0.734213,0.786559,0.874676,0.987915,1.117897,1.258085,1.403428,1.550075,1.69513
18/08/2011,18-Aug-11,0.668614,0.61721,0.637184,0.708004,0.813847,0.942611,1.085127,1.23453,1.385749,1.535118
19/08/2011,19-Aug-11,0.644304,0.648941,0.703811,0.794571,0.909994,1.041356,1.181942,1.326644,1.471629,1.614075
22/08/2011,22-Aug-11,0.663399,0.674069,0.733684,0.828086,0.946209,1.079479,1.221309,1.366701,1.511921,1.654232
23/08/2011,23-Aug-11,0.655561,0.657993,0.707325,0.791007,0.899038,1.0235,1.158169,1.298198,1.439857,1.580314
24/08/2011,24-Aug-11,0.657699,0.687035,0.757743,0.858094,0.978818,1.112636,1.253887,1.398215,1.542313,1.683718
25/08/2011,25-Aug-11,0.636258,0.658745,0.725941,0.825165,0.946416,1.081867,1.225445,1.372491,1.519477,1.663781
26/08/2011,26-Aug-11,0.620277,0.621084,0.675121,0.766991,0.884706,1.019008,1.162812,1.310758,1.458857,1.604192
29/08/2011,29-Aug-11,0.649337,0.707895,0.797806,0.909991,1.037223,1.173787,1.315211,1.45803,1.599601,1.737941
30/08/2011,30-Aug-11,0.614521,0.64544,0.71608,0.815388,0.934577,1.066708,1.20635,1.349292,1.492314,1.632991
31/08/2011,31-Aug-11,0.619016,0.667379,0.750846,0.859441,0.985225,1.121925,1.264626,1.409519,1.553692,1.694958
01/09/2011,01-Sept-11,0.602001,0.651754,0.739786,0.854495,0.986824,1.129762,1.277938,1.427293,1.57481,1.718301
02/09/2011,02-Sept-11,0.560444,0.576123,0.639258,0.736242,0.856415,0.991489,1.135079,1.282322,1.429565,1.574118
05/09/2011,05-Sept-11,0.498511,0.508021,0.565915,0.658468,0.774913,0.906868,1.047861,1.192955,1.338432,1.481542
06/09/2011,06-Sept-11,0.482429,0.502294,0.566858,0.663412,0.781965,0.914717,1.055636,1.200103,1.344638,1.48666
07/09/2011,07-Sept-11,0.535185,0.532026,0.584676,0.676565,0.79493,0.930021,1.074463,1.22275,1.370837,1.515817
08/09/2011,08-Sept-11,0.495188,0.479878,0.525502,0.613094,0.72835,0.860585,1.001907,1.14657,1.290474,1.430768
09/09/2011,09-Sept-11,0.391137,0.401833,0.462357,0.557789,0.676632,0.8101,0.951551,1.096026,1.239887,1.380523
12/09/2011,12-Sept-11,0.389043,0.413975,0.485166,0.587332,0.709071,0.841962,0.97987,1.1184,1.254476,1.386018
13/09/2011,13-Sept-11,0.442046,0.490056,0.571407,0.676142,0.79645,0.926247,1.060846,1.196678,1.331073,1.462072
14/09/2011,14-Sept-11,0.458885,0.519438,0.609944,0.72121,0.846025,0.978783,1.115174,1.251924,1.386592,1.517399
15/09/2011,15-Sept-11,0.462887,0.57041,0.694408,0.828923,0.969283,1.111863,1.25389,1.393278,1.528497,1.658456
16/09/2011,16-Sept-11,0.420179,0.514225,0.626823,0.751773,0.88418,1.020213,1.156911,1.292021,1.423858,1.551198
19/09/2011,19-Sept-11,0.36871,0.438122,0.53914,0.660803,0.794811,0.934959,1.076672,1.216644,1.352553,1.482826
20/09/2011,20-Sept-11,0.354948,0.43042,0.535993,0.661036,0.797515,0.939432,1.082378,1.223177,1.359607,1.490175
21/09/2011,21-Sept-11,0.344554,0.4269,0.538288,0.668188,0.808671,0.953842,1.09939,1.242229,1.380222,1.511948
22/09/2011,22-Sept-11,0.295724,0.40066,0.52275,0.655642,0.794395,0.935203,1.075181,1.212182,1.344649,1.471493
23/09/2011,23-Sept-11,0.274123,0.376332,0.494045,0.621961,0.755852,0.892374,1.028913,1.163455,1.294479,1.420859
26/09/2011,26-Sept-11,0.276796,0.3796,0.498736,0.62866,0.764953,0.904125,1.043446,1.180818,1.314651,1.443777
27/09/2011,27-Sept-11,0.37261,0.498479,0.63511,0.778127,0.924056,1.070166,1.214338,1.354961,1.490835,1.621098
28/09/2011,28-Sept-11,0.348992,0.490292,0.635656,0.782663,0.929347,1.074138,1.215794,1.353349,1.486074,1.613433
29/09/2011,29-Sept-11,0.337295,0.484883,0.635173,0.785998,0.935608,1.082607,1.225899,1.364638,1.498193,1.626108
30/09/2011,30-Sept-11,0.337511,0.469022,0.60603,0.7459,0.886487,1.026066,1.163261,1.296995,1.426442,1.550982
03/10/2011,03-Oct-11,0.342694,0.458601,0.583643,0.714481,0.848391,0.983164,1.117032,1.248594,1.376759,1.500695
04/10/2011,04-Oct-11,0.347758,0.438001,0.543107,0.658648,0.780998,0.90721,1.034907,1.16219,1.287561,1.409854
05/10/2011,05-Oct-11,0.351406,0.469789,0.597399,0.730824,0.867283,1.004528,1.14076,1.274558,1.404818,1.5307
06/10/2011,06-Oct-11,0.41651,0.53107,0.653785,0.781802,0.91276,1.044716,1.176087,1.305594,1.432216,1.555154
07/10/2011,07-Oct-11,0.428862,0.55083,0.682268,0.819615,0.959979,1.101032,1.240916,1.378174,1.511678,1.640574
10/10/2011,10-Oct-11,0.434661,0.564109,0.70308,0.847753,0.995051,1.142517,1.288216,1.430642,1.56865,1.701391
11/10/2011,11-Oct-11,0.418361,0.551649,0.694257,0.842328,0.992764,1.143097,1.291391,1.436144,1.576222,1.710786
12/10/2011,12-Oct-11,0.414524,0.568434,0.727116,0.887647,1.047687,1.205388,1.359309,1.508351,1.651697,1.788766
13/10/2011,13-Oct-11,0.380069,0.531305,0.687999,0.847078,1.006085,1.163073,1.316524,1.465276,1.608464,1.745468
14/10/2011,14-Oct-11,0.404456,0.554156,0.714646,0.880942,1.049141,1.216228,1.379914,1.538496,1.690747,1.835819
17/10/2011,17-Oct-11,0.399198,0.517894,0.656227,0.807016,0.964653,1.124812,1.284194,1.440334,1.591429,1.736207
18/10/2011,18-Oct-11,0.4093,0.541069,0.685856,0.838508,0.994949,1.151993,1.307182,1.458651,1.605019,1.745297
19/10/2011,19-Oct-11,0.417371,0.555468,0.706089,0.86405,1.02527,1.186569,1.34551,1.500253,1.64945,1.792146
20/10/2011,20-Oct-11,0.435172,0.594226,0.757807,0.922748,1.086556,1.247301,1.403511,1.554096,1.698278,1.835531
21/10/2011,21-Oct-11,0.452758,0.603527,0.762286,0.924986,1.088437,1.250157,1.40825,1.561295,1.708262,1.848434
24/10/2011,24-Oct-11,0.445849,0.584385,0.734314,0.890904,1.050408,1.209891,1.367085,1.520269,1.668169,1.809874
25/10/2011,25-Oct-11,0.452476,0.572735,0.710727,0.860058,1.015688,1.173683,1.331012,1.485373,1.63506,1.778842
26/10/2011,26-Oct-11,0.433033,0.52423,0.642962,0.780308,0.929276,1.084432,1.241601,1.39762,1.550132,1.697428
27/10/2011,27-Oct-11,0.43575,0.56635,0.709146,0.85969,1.014392,1.170377,1.325368,1.477583,1.625653,1.768549
28/10/2011,28-Oct-11,0.439912,0.570286,0.713705,0.865496,1.02189,1.179873,1.337057,1.491575,1.641993,1.787231
31/10/2011,31-Oct-11,0.424226,0.537435,0.667512,0.809018,0.957559,1.109615,1.26239,1.413692,1.561819,1.705485
01/11/2011,01-Nov-11,0.411715,0.488178,0.589224,0.707846,0.838389,0.976319,1.118025,1.260662,1.402011,1.540368
02/11/2011,02-Nov-11,0.426048,0.511806,0.620437,0.745298,0.881021,1.023298,1.168701,1.314527,1.458668,1.599509
03/11/2011,03-Nov-11,0.372413,0.45251,0.56144,0.690773,0.833779,0.985116,1.140581,1.296901,1.451554,1.602634
04/11/2011,04-Nov-11,0.357505,0.445351,0.557003,0.685501,0.825241,0.971734,1.121417,1.27149,1.419776,1.564611
07/11/2011,07-Nov-11,0.361581,0.458679,0.57399,0.702443,0.839848,0.982762,1.128375,1.274413,1.419052,1.560851
08/11/2011,08-Nov-11,0.363265,0.461757,0.579962,0.712075,0.853363,0.999992,1.148885,1.297592,1.44419,1.58719
09/11/2011,09-Nov-11,0.347161,0.452853,0.575692,0.710339,0.852454,0.99853,1.145765,1.291936,1.435313,1.574566
10/11/2011,10-Nov-11,0.376445,0.501656,0.639921,0.786682,0.938243,1.091624,1.244452,1.394858,1.541397,1.682969
11/11/2011,11-Nov-11,0.397772,0.533446,0.68091,0.835714,0.99426,1.153667,1.311653,1.466436,1.616649,1.76127
14/11/2011,14-Nov-11,0.4235,0.549859,0.691587,0.843194,1.000279,1.159349,1.317663,1.473102,1.624057,1.76934
15/11/2011,15-Nov-11,0.458719,0.606482,0.764756,0.928947,1.095399,1.261235,1.424221,1.582657,1.735278,1.881179
16/11/2011,16-Nov-11,0.456091,0.622062,0.794574,0.969681,1.144273,1.315942,1.482848,1.643628,1.797301,1.943203
17/11/2011,17-Nov-11,0.452558,0.617164,0.789385,0.964948,1.140495,1.31342,1.481741,1.643984,1.79909,1.946337
18/11/2011,18-Nov-11,0.419403,0.606795,0.794983,0.981311,1.163706,1.340577,1.510736,1.673327,1.827767,1.973694
21/11/2011,21-Nov-11,0.406655,0.578238,0.755419,0.934266,1.11171,1.285395,1.453548,1.614873,1.768462,1.913723
22/11/2011,22-Nov-11,0.391059,0.575119,0.763064,0.951197,1.136653,1.31725,1.491364,1.657828,1.815847,1.964922
23/11/2011,23-Nov-11,0.409113,0.616323,0.823233,1.026746,1.224515,1.414809,1.596397,1.768453,1.930474,2.082218
24/11/2011,24-Nov-11,0.357324,0.60564,0.841862,1.065543,1.276481,1.474665,1.660243,1.83348,1.994737,2.144443
25/11/2011,25-Nov-11,0.352519,0.599753,0.840539,1.072213,1.292929,1.50149,1.69721,1.879795,2.049253,2.205821
28/11/2011,28-Nov-11,0.354744,0.552581,0.766683,0.986949,1.206128,1.41915,1.622608,1.814348,1.993148,2.158476
29/11/2011,29-Nov-11,0.327436,0.519949,0.732406,0.953434,1.174861,1.39097,1.597897,1.793181,1.975399,2.143892
30/11/2011,30-Nov-11,0.250831,0.383436,0.552098,0.742733,0.944775,1.15041,1.353965,1.551427,1.740059,1.918098
01/12/2011,01-Dec-11,0.189396,0.321139,0.489453,0.679803,0.881361,1.086183,1.288557,1.484486,1.671284,1.847257
02/12/2011,02-Dec-11,0.212414,0.336219,0.496894,0.680066,0.874997,1.073787,1.270726,1.461801,1.644293,1.816467
05/12/2011,05-Dec-11,0.146156,0.306407,0.485503,0.675331,0.86965,1.063731,1.254051,1.438049,1.613929,1.780492
06/12/2011,06-Dec-11,0.14931,0.318757,0.507017,0.705399,0.90731,1.107834,1.303378,1.491392,1.670146,1.83854
07/12/2011,07-Dec-11,0.13733,0.28984,0.470189,0.666153,0.868675,1.071161,1.268914,1.458702,1.638409,1.806757
08/12/2011,08-Dec-11,0.131811,0.276817,0.452704,0.64648,0.848491,1.051684,1.251009,1.442966,1.625231,1.796371
09/12/2011,09-Dec-11,0.146282,0.294637,0.472263,0.666455,0.867812,1.069497,1.266648,1.455923,1.635132,1.802955
12/12/2011,12-Dec-11,0.142357,0.277953,0.4476,0.637108,0.83599,1.036624,1.233585,1.423136,1.602811,1.771108
13/12/2011,13-Dec-11,0.143116,0.288926,0.46231,0.651652,0.848246,1.045667,1.239268,1.425785,1.603017,1.769574
14/12/2011,14-Dec-11,0.11279,0.259316,0.433354,0.622745,0.818494,1.014064,1.204815,1.387559,1.56022,1.721551
15/12/2011,15-Dec-11,0.056931,0.175595,0.339243,0.528566,0.729813,0.933373,1.132692,1.323465,1.503023,1.669876
16/12/2011,16-Dec-11,0.043006,0.125395,0.272425,0.455417,0.655256,0.859427,1.059951,1.251935,1.43258,1.600479
19/12/2011,19-Dec-11,0.059684,0.174588,0.3315,0.51327,0.70739,0.904893,1.099491,1.286919,1.464419,1.630349
20/12/2011,20-Dec-11,0.046166,0.15946,0.32159,0.512014,0.716032,0.92332,1.126813,1.321855,1.505553,1.67629
21/12/2011,21-Dec-11,0.054716,0.169035,0.327951,0.513101,0.711177,0.912706,1.111103,1.301944,1.482407,1.650846
22/12/2011,22-Dec-11,0.050541,0.16506,0.32647,0.515063,0.716701,0.921432,1.122427,1.315169,1.49684,1.665855
23/12/2011,23-Dec-11,0.03572,0.1363,0.285778,0.464962,0.659837,0.860327,1.059339,1.252024,1.435208,1.606955
27/12/2011,27-Dec-11,0.010847,0.099039,0.244026,0.423459,0.621186,0.825723,1.029077,1.225858,1.412589,1.587194
28/12/2011,28-Dec-11,0.009672,0.095466,0.237852,0.41502,0.611056,0.814531,1.017406,1.214187,1.401283,1.576498
29/12/2011,29-Dec-11,-0.010381,0.068025,0.210259,0.390953,0.59194,0.800438,1.007658,1.207761,1.397057,1.573412
30/12/2011,30-Dec-11,0.010074,0.093778,0.232816,0.406217,0.598615,0.798917,0.99927,1.194263,1.380308,1.555175
02/01/2012,02-Jan-12,0.033361,0.135763,0.289439,0.473966,0.674511,0.880484,1.084485,1.28151,1.468328,1.643013
03/01/2012,03-Jan-12,0.019834,0.117707,0.272133,0.460245,0.665654,0.876813,1.085777,1.28726,1.47792,1.655824
04/01/2012,04-Jan-12,0.006415,0.103733,0.264356,0.461564,0.67664,0.896727,1.113225,1.320609,1.515547,1.69625
05/01/2012,05-Jan-12,0.048415,0.161397,0.322615,0.512643,0.717337,0.926567,1.133243,1.332558,1.521408,1.69794
06/01/2012,06-Jan-12,0.087232,0.187312,0.344739,0.535837,0.743721,0.95657,1.166321,1.367677,1.557354,1.733516
09/01/2012,09-Jan-12,0.080793,0.183462,0.339567,0.527176,0.730571,0.938692,1.143951,1.341324,1.527666,1.701191
10/01/2012,10-Jan-12,0.092022,0.199107,0.352587,0.534098,0.730194,0.93119,1.130261,1.322742,1.505585,1.676942
11/01/2012,11-Jan-12,0.067387,0.15655,0.296184,0.467329,0.655988,0.851982,1.048045,1.23913,1.421858,1.594099
12/01/2012,12-Jan-12,0.050768,0.127248,0.250772,0.405207,0.578311,0.7609,0.946187,1.129249,1.306606,1.475893
13/01/2012,13-Jan-12,0.06962,0.149164,0.27145,0.422059,0.589954,0.766782,0.946302,1.12394,1.296418,1.46147
16/01/2012,16-Jan-12,0.110309,0.168635,0.273596,0.410493,0.56795,0.737242,0.911755,1.086547,1.257995,1.423511
17/01/2012,17-Jan-12,0.137182,0.203849,0.313148,0.451607,0.608763,0.776565,0.948886,1.121132,1.289923,1.452836
18/01/2012,18-Jan-12,0.128524,0.20747,0.32506,0.468935,0.629473,0.799249,0.972604,1.145283,1.314154,1.476967
19/01/2012,19-Jan-12,0.132789,0.21362,0.331712,0.475434,0.635655,0.80527,0.978808,1.152114,1.322083,1.486456
20/01/2012,20-Jan-12,0.120093,0.209398,0.335556,0.486737,0.653695,0.829269,1.007979,1.185686,1.359328,1.526694
23/01/2012,23-Jan-12,0.127439,0.219274,0.345887,0.49663,0.663046,0.83847,1.0177,1.196727,1.372509,1.542784
24/01/2012,24-Jan-12,0.126255,0.224033,0.354836,0.508614,0.677352,0.854699,1.035675,1.216419,1.393978,1.566144
25/01/2012,25-Jan-12,0.135446,0.221561,0.344066,0.492099,0.657006,0.831943,1.011545,1.191654,1.369095,1.541486
26/01/2012,26-Jan-12,0.113775,0.206332,0.328251,0.471318,0.628805,0.795244,0.966222,1.138214,1.308437,1.474728
27/01/2012,27-Jan-12,0.130299,0.211199,0.324279,0.46062,0.612949,0.775377,0.943172,1.112569,1.280606,1.444993
30/01/2012,30-Jan-12,0.149905,0.227335,0.335355,0.465783,0.611884,0.76815,0.930105,1.094152,1.257422,1.417668
31/01/2012,31-Jan-12,0.131969,0.206149,0.315369,0.449891,0.601795,0.764694,0.933475,1.104085,1.273358,1.438854
01/02/2012,01-Feb-12,0.134832,0.193255,0.293372,0.423334,0.573646,0.736757,0.906716,1.078883,1.249691,1.416449
02/02/2012,02-Feb-12,0.113165,0.166268,0.264189,0.394091,0.545735,0.711017,0.88358,1.058499,1.232006,1.401277
03/02/2012,03-Feb-12,0.099637,0.157899,0.262413,0.399315,0.557684,0.728983,0.906617,1.08555,1.262009,1.433223
06/02/2012,06-Feb-12,0.146981,0.174243,0.258095,0.381969,0.532836,0.70054,0.877241,1.056971,1.235259,1.408829
07/02/2012,07-Feb-12,0.147411,0.180065,0.269043,0.397581,0.552535,0.723693,0.903207,1.085133,1.265043,1.439721
08/02/2012,08-Feb-12,0.150101,0.19156,0.285673,0.416794,0.572618,0.743549,0.922189,1.102913,1.281514,1.454921
09/02/2012,09-Feb-12,0.147252,0.198928,0.298639,0.432186,0.588341,0.758308,0.935266,1.113998,1.290579,1.462122
10/02/2012,10-Feb-12,0.145449,0.19119,0.287284,0.418791,0.573935,0.743516,0.920423,1.099236,1.275891,1.447415
13/02/2012,13-Feb-12,0.159951,0.202021,0.294102,0.421499,0.572607,0.738345,0.911679,1.087234,1.26097,1.429919
14/02/2012,14-Feb-12,0.153406,0.201878,0.299558,0.43169,0.586667,0.755439,0.931029,1.108131,1.282786,1.452102
15/02/2012,15-Feb-12,0.157724,0.201457,0.29739,0.429638,0.585776,0.756178,0.933473,1.1121,1.287942,1.458026
16/02/2012,16-Feb-12,0.159112,0.213095,0.316031,0.4528,0.611581,0.783225,0.960732,1.138832,1.31363,1.482327
17/02/2012,17-Feb-12,0.161825,0.220547,0.328981,0.471361,0.635448,0.811841,0.993407,1.174824,1.352204,1.522791
20/02/2012,20-Feb-12,0.151302,0.220023,0.334037,0.478947,0.643538,0.819165,0.999245,1.178847,1.354355,1.523192
21/02/2012,21-Feb-12,0.152844,0.222087,0.335134,0.478433,0.64133,0.815531,0.99465,1.173845,1.349514,1.519047
22/02/2012,22-Feb-12,0.136227,0.209226,0.323363,0.466054,0.627351,0.799466,0.976371,1.15346,1.327284,1.495318
23/02/2012,23-Feb-12,0.135822,0.201539,0.309824,0.447789,0.605251,0.774235,0.948565,1.123522,1.295569,1.462111
24/02/2012,24-Feb-12,0.133509,0.191637,0.295024,0.430084,0.586092,0.754661,0.9293,1.105055,1.278212,1.446048
27/02/2012,27-Feb-12,0.121121,0.171094,0.26899,0.400481,0.554285,0.721599,0.895627,1.071195,1.244429,1.412498
28/02/2012,28-Feb-12,0.11344,0.161487,0.258356,0.389421,0.543184,0.710687,0.885026,1.060955,1.234555,1.402965
29/02/2012,29-Feb-12,0.102828,0.147002,0.242037,0.372706,0.527045,0.695743,0.871631,1.049265,1.224587,1.394641
01/03/2012,01-Mar-12,0.086218,0.135225,0.232985,0.364795,0.519111,0.686955,0.861424,1.037281,1.210627,1.378629
02/03/2012,02-Mar-12,0.066764,0.111864,0.206677,0.336284,0.488975,0.655647,0.829298,1.004618,1.177651,1.34552
05/03/2012,05-Mar-12,0.072924,0.117974,0.212334,0.34143,0.493768,0.660368,0.834284,1.010218,1.184195,1.353298
06/03/2012,06-Mar-12,0.071178,0.118783,0.214672,0.344626,0.497408,0.66422,0.83824,1.014249,1.188323,1.357573
07/03/2012,07-Mar-12,0.066082,0.114059,0.209594,0.338761,0.490535,0.656263,0.829222,1.004255,1.177474,1.346006
08/03/2012,08-Mar-12,0.063755,0.105941,0.197087,0.323014,0.472484,0.63666,0.808665,0.983214,1.156309,1.324988
09/03/2012,09-Mar-12,0.080158,0.122548,0.213234,0.338269,0.486585,0.64947,0.820138,0.993366,1.165195,1.332691
12/03/2012,12-Mar-12,0.068819,0.115313,0.208839,0.335712,0.485081,0.648416,0.819079,0.991966,1.16322,1.329985
13/03/2012,13-Mar-12,0.08384,0.134518,0.229696,0.356695,0.505383,0.667733,0.837442,1.009622,1.180537,1.347384
14/03/2012,14-Mar-12,0.085243,0.151087,0.257052,0.39166,0.5457,0.711836,0.884282,1.058526,1.231103,1.399399
15/03/2012,15-Mar-12,0.082223,0.165458,0.284422,0.428583,0.589485,0.760399,0.936022,1.112224,1.28584,1.454493
16/03/2012,16-Mar-12,0.099607,0.210145,0.346667,0.501438,0.668148,0.841686,1.017956,1.193706,1.366393,1.534066
19/03/2012,19-Mar-12,0.085515,0.196078,0.332332,0.486594,0.652602,0.825287,1.000586,1.175279,1.346849,1.513366
20/03/2012,20-Mar-12,0.086495,0.197346,0.334174,0.489219,0.656152,0.82985,1.006203,1.181955,1.354558,1.522057
21/03/2012,21-Mar-12,0.092328,0.190753,0.318068,0.465938,0.62756,0.797422,0.971098,1.145072,1.316586,1.483517
22/03/2012,22-Mar-12,0.085701,0.178529,0.300806,0.444308,0.602286,0.76924,0.940724,1.11318,1.283793,1.450375
23/03/2012,23-Mar-12,0.084886,0.16493,0.278171,0.415414,0.569154,0.733304,0.902968,1.074252,1.244092,1.410121
26/03/2012,26-Mar-12,0.082446,0.159263,0.271351,0.408979,0.564209,0.73061,0.903016,1.077319,1.250294,1.419446
27/03/2012,27-Mar-12,0.085589,0.164031,0.276287,0.413139,0.567032,0.731825,0.902557,1.075268,1.246827,1.414802
28/03/2012,28-Mar-12,0.080204,0.151676,0.259122,0.392866,0.544982,0.709021,0.879774,1.05308,1.225648,1.394916
29/03/2012,29-Mar-12,0.083189,0.152521,0.256935,0.387183,0.535654,0.696128,0.863555,1.033876,1.20386,1.370975
30/03/2012,30-Mar-12,0.089615,0.160187,0.264104,0.392591,0.538419,0.695668,0.859525,1.026115,1.192349,1.355798
02/04/2012,02-Apr-12,0.104536,0.156252,0.247396,0.367634,0.508504,0.663129,0.825955,0.992541,1.159377,1.323725
03/04/2012,03-Apr-12,0.095526,0.154785,0.251475,0.375708,0.519387,0.675923,0.839996,1.007347,1.174611,1.33916
04/04/2012,04-Apr-12,0.090341,0.148662,0.245023,0.369371,0.513478,0.670653,0.835494,1.003683,1.171806,1.337202
05/04/2012,05-Apr-12,0.092832,0.145285,0.238745,0.3623,0.507055,0.665809,0.832778,1.003359,1.173934,1.341699
10/04/2012,10-Apr-12,0.088578,0.139042,0.230721,0.352664,0.495949,0.653352,0.819071,0.98849,1.15798,1.324728
11/04/2012,11-Apr-12,0.077384,0.135479,0.231917,0.356462,0.500758,0.658035,0.822843,0.990842,1.158617,1.323515
12/04/2012,12-Apr-12,0.066541,0.123578,0.217754,0.339288,0.480172,0.633895,0.795202,0.959888,1.124632,1.286841
13/04/2012,13-Apr-12,0.062093,0.116872,0.210885,0.333539,0.47623,0.632012,0.795328,0.961773,1.127898,1.291046
16/04/2012,16-Apr-12,0.061147,0.128293,0.231544,0.360929,0.508355,0.667298,0.832543,0.999968,1.166353,1.329225
17/04/2012,17-Apr-12,0.069436,0.139076,0.244074,0.374627,0.522774,0.6821,0.847477,1.014852,1.181059,1.343669
18/04/2012,18-Apr-12,0.069769,0.137381,0.240946,0.370489,0.517916,0.676712,0.841673,1.00869,1.174557,1.336816
19/04/2012,19-Apr-12,0.074262,0.157283,0.270337,0.405005,0.554421,0.713019,0.876332,1.040806,1.203653,1.36272
20/04/2012,20-Apr-12,0.079249,0.158601,0.269812,0.404168,0.554531,0.715088,0.881152,1.048971,1.215586,1.378692
23/04/2012,23-Apr-12,0.075809,0.161424,0.276528,0.412962,0.564039,0.724311,0.889376,1.055717,1.220551,1.381716
24/04/2012,24-Apr-12,0.067625,0.15012,0.262237,0.395919,0.544544,0.702703,0.866016,1.030966,1.194766,1.355234
25/04/2012,25-Apr-12,0.059972,0.133524,0.240694,0.372235,0.52061,0.679716,0.844656,1.011536,1.177301,1.339591
26/04/2012,26-Apr-12,0.054363,0.116874,0.215864,0.341651,0.486307,0.643384,0.807676,0.975021,1.142128,1.306433
27/04/2012,27-Apr-12,0.047713,0.111164,0.211987,0.339719,0.485916,0.643816,0.80805,0.974405,1.139615,1.301196
30/04/2012,30-Apr-12,0.043174,0.101865,0.196901,0.318577,0.458973,0.611669,0.771504,0.934365,1.097016,1.256945
02/05/2012,02-May-12,0.045089,0.092845,0.179766,0.295593,0.431951,0.582044,0.740398,0.902647,1.065347,1.225816
03/05/2012,03-May-12,0.054319,0.100998,0.186371,0.30036,0.434723,0.582769,0.7391,0.899407,1.060282,1.21907
04/05/2012,04-May-12,0.043545,0.082416,0.161688,0.270954,0.401704,0.547021,0.701326,0.860158,1.019986,1.178056
07/05/2012,07-May-12,0.048336,0.07958,0.152651,0.256923,0.383694,0.525886,0.677779,0.834791,0.993292,1.150439
08/05/2012,08-May-12,0.045018,0.083497,0.159152,0.262763,0.38672,0.524772,0.671824,0.823751,0.97725,1.129701
09/05/2012,09-May-12,0.057399,0.098867,0.177911,0.284963,0.412163,0.553097,0.702565,0.85639,1.011247,1.164526
10/05/2012,10-May-12,0.057372,0.096251,0.172215,0.27608,0.400258,0.538517,0.685769,0.837895,0.99159,1.144236
11/05/2012,11-May-12,0.066135,0.096876,0.16835,0.270041,0.393371,0.531386,0.678492,0.830229,0.983078,1.134302
14/05/2012,14-May-12,0.06683,0.096281,0.166998,0.267994,0.390377,0.527005,0.67218,0.821409,0.971187,1.118821
15/05/2012,15-May-12,0.050567,0.092643,0.173427,0.282339,0.410838,0.552083,0.700637,0.852226,1.003535,1.152034
16/05/2012,16-May-12,0.048677,0.091408,0.175095,0.288135,0.421254,0.567104,0.719911,0.875197,1.029535,1.180354
17/05/2012,17-May-12,0.055306,0.076166,0.14516,0.248773,0.376258,0.519134,0.670776,0.826064,0.981102,1.132977
18/05/2012,18-May-12,0.060421,0.086851,0.158378,0.262369,0.388757,0.529582,0.678609,0.831008,0.983092,1.132098
21/05/2012,21-May-12,0.058393,0.08068,0.150192,0.253684,0.380614,0.522662,0.673316,0.827546,0.981515,1.132357
22/05/2012,22-May-12,0.050843,0.075055,0.144777,0.247495,0.373185,0.513878,0.663297,0.816549,0.969874,1.12043
23/05/2012,23-May-12,0.047208,0.062551,0.125213,0.222253,0.343314,0.480171,0.626349,0.776805,0.927665,1.076001
24/05/2012,24-May-12,0.034521,0.050963,0.110258,0.201083,0.314285,0.442523,0.57995,0.721959,0.864961,1.006202
25/05/2012,25-May-12,0.028218,0.045354,0.104123,0.193645,0.305108,0.431417,0.566905,0.707091,0.848469,0.988338
28/05/2012,28-May-12,0.03336,0.041529,0.094189,0.179833,0.289137,0.414592,0.550201,0.691215,0.833917,0.975438
29/05/2012,29-May-12,0.047242,0.053337,0.104347,0.188615,0.296705,0.421028,0.555531,0.69543,0.836984,0.977314
30/05/2012,30-May-12,0.049498,0.05427,0.104113,0.187194,0.293967,0.416776,0.549534,0.687446,0.826781,0.964676
31/05/2012,31-May-12,0.04932,0.051215,0.094548,0.168816,0.265478,0.377633,0.499746,0.627415,0.757175,0.886337
01/06/2012,01-Jun-12,0.049928,0.042582,0.074666,0.13673,0.221003,0.321132,0.431956,0.549312,0.669874,0.791012
04/06/2012,04-Jun-12,0.041113,0.043838,0.086179,0.158255,0.251989,0.360826,0.479476,0.603713,0.730188,0.856284
05/06/2012,05-Jun-12,0.038751,0.040091,0.082344,0.155145,0.250062,0.360278,0.480326,0.605855,0.733441,0.860423
06/06/2012,06-Jun-12,0.06161,0.074763,0.127047,0.208389,0.310605,0.427081,0.552516,0.682701,0.814327,0.94483
07/06/2012,07-Jun-12,0.061713,0.085925,0.150548,0.244695,0.359591,0.488215,0.624993,0.765549,0.906488,1.045221
08/06/2012,08-Jun-12,0.043144,0.064011,0.125049,0.215586,0.326999,0.452372,0.586199,0.724143,0.862826,0.999661
11/06/2012,11-Jun-12,0.066049,0.085796,0.14728,0.23924,0.352626,0.48022,0.616307,0.756416,0.897086,1.035687
12/06/2012,12-Jun-12,0.076907,0.109297,0.182146,0.284253,0.40664,0.542166,0.685201,0.831356,0.977254,1.120343
13/06/2012,13-Jun-12,0.067036,0.10597,0.183748,0.28966,0.415099,0.553196,0.698521,0.846825,0.994827,1.140038
14/06/2012,14-Jun-12,0.067601,0.101423,0.174808,0.277049,0.399516,0.535302,0.678927,0.826084,0.973433,1.118425
15/06/2012,15-Jun-12,0.045254,0.072133,0.140532,0.239211,0.359128,0.493062,0.635296,0.781348,0.927751,1.071866
18/06/2012,18-Jun-12,0.032759,0.05662,0.123816,0.222456,0.343023,0.477955,0.621294,0.768399,0.915705,1.060514
19/06/2012,19-Jun-12,0.026351,0.064132,0.14246,0.250039,0.377824,0.518632,0.666805,0.817939,0.968651,1.116391
20/06/2012,20-Jun-12,0.046079,0.098087,0.187432,0.303482,0.437731,0.58343,0.73527,0.889127,1.041842,1.19104
21/06/2012,21-Jun-12,0.028802,0.074714,0.159573,0.272297,0.404039,0.547788,0.698046,0.850546,1.002029,1.150052
22/06/2012,22-Jun-12,0.036338,0.081279,0.165316,0.277372,0.408596,0.551972,0.701989,0.85437,1.005842,1.153947
25/06/2012,25-Jun-12,0.034097,0.064927,0.137195,0.239551,0.36289,0.499958,0.645032,0.79364,0.942334,1.088501
26/06/2012,26-Jun-12,0.032287,0.070938,0.149304,0.256457,0.383619,0.523794,0.671449,0.822261,0.97289,1.120807
27/06/2012,27-Jun-12,0.030923,0.071427,0.151827,0.261078,0.390319,0.532492,0.682025,0.834568,0.986768,1.136088
28/06/2012,28-Jun-12,0.036978,0.072802,0.149061,0.254753,0.381025,0.520807,0.668496,0.819701,0.971022,1.119873
29/06/2012,29-Jun-12,0.040118,0.077058,0.157265,0.268638,0.401512,0.548226,0.702764,0.860451,1.017711,1.171851
02/07/2012,02-Jul-12,0.049932,0.071573,0.138691,0.238982,0.362579,0.501622,0.649905,0.802579,0.955903,1.107036
03/07/2012,03-Jul-12,0.023177,0.043255,0.106764,0.202395,0.320999,0.45522,0.599192,0.748277,0.898851,1.048122
04/07/2012,04-Jul-12,0.027657,0.044121,0.10352,0.194826,0.309094,0.439117,0.579129,0.724558,0.871818,1.018135
05/07/2012,05-Jul-12,-0.028774,-0.019176,0.036968,0.127429,0.24237,0.373932,0.51588,0.663318,0.812446,0.960356
06/07/2012,06-Jul-12,-0.005355,-0.042852,-0.020654,0.04586,0.144388,0.265145,0.400411,0.544148,0.691683,0.839453
09/07/2012,09-Jul-12,-0.007405,-0.046156,-0.025527,0.039512,0.136903,0.256992,0.392104,0.536194,0.684543,0.83352
10/07/2012,10-Jul-12,-0.006931,-0.0415,-0.020195,0.043343,0.138027,0.254898,0.38676,0.527883,0.673743,0.820811
11/07/2012,11-Jul-12,-0.024671,-0.064184,-0.047071,0.012906,0.104553,0.218812,0.348403,0.487518,0.631569,0.776971
12/07/2012,12-Jul-12,-0.038345,-0.071439,-0.05308,0.004845,0.09253,0.201931,0.326486,0.460876,0.600827,0.742936
13/07/2012,13-Jul-12,-0.043449,-0.081304,-0.066402,-0.010913,0.075129,0.183494,0.30747,0.441622,0.581579,0.723864
16/07/2012,16-Jul-12,-0.022215,-0.073139,-0.069239,-0.022952,0.055455,0.157541,0.276411,0.406463,0.543184,0.682969
17/07/2012,17-Jul-12,-0.025879,-0.07127,-0.064552,-0.017457,0.060305,0.160736,0.277286,0.404624,0.538441,0.675288
18/07/2012,18-Jul-12,-0.019409,-0.067178,-0.062372,-0.016849,0.059585,0.15886,0.274371,0.400744,0.533641,0.66959
19/07/2012,19-Jul-12,-0.016662,-0.066667,-0.061494,-0.014111,0.064872,0.166817,0.284736,0.413012,0.54717,0.683683
20/07/2012,20-Jul-12,-0.032987,-0.081004,-0.075451,-0.028855,0.048523,0.148318,0.263751,0.38937,0.520822,0.654668
23/07/2012,23-Jul-12,-0.020109,-0.055586,-0.039778,0.015064,0.098931,0.203692,0.322779,0.450929,0.583959,0.718582
24/07/2012,24-Jul-12,-0.025391,-0.047115,-0.019064,0.046665,0.140201,0.253536,0.380217,0.515082,0.654042,0.793893
25/07/2012,25-Jul-12,-0.016847,-0.036182,-0.005936,0.061771,0.157061,0.271929,0.399926,0.535904,0.675788,0.81639
26/07/2012,26-Jul-12,-0.019934,-0.051456,-0.02967,0.03246,0.124377,0.237527,0.365029,0.501387,0.642254,0.784232
27/07/2012,27-Jul-12,-0.031691,-0.056793,-0.029895,0.036378,0.131724,0.24779,0.377844,0.516501,0.659497,0.80349
30/07/2012,30-Jul-12,-0.038556,-0.080531,-0.065273,-0.00656,0.084373,0.198418,0.328235,0.467955,0.612929,0.759512
31/07/2012,31-Jul-12,-0.045255,-0.087881,-0.076206,-0.022894,0.061646,0.168909,0.29198,0.425278,0.564337,0.705619
01/08/2012,01-Aug-12,-0.041633,-0.097342,-0.091795,-0.039808,0.046578,0.157631,0.285534,0.424062,0.568295,0.714396
02/08/2012,02-Aug-12,-0.028989,-0.083248,-0.0809,-0.035063,0.04349,0.145952,0.26517,0.395371,0.531935,0.671199
03/08/2012,03-Aug-12,-0.015946,-0.061592,-0.053205,-0.003408,0.077444,0.180904,0.300118,0.429564,0.564833,0.702436
06/08/2012,06-Aug-12,-0.017517,-0.073088,-0.068745,-0.018751,0.065256,0.173826,0.299338,0.43569,0.578037,0.722574
07/08/2012,07-Aug-12,-0.01951,-0.065311,-0.052949,0.003642,0.093094,0.206178,0.335451,0.474955,0.619963,0.766766
08/08/2012,08-Aug-12,-0.030244,-0.079441,-0.07011,-0.01625,0.07072,0.181528,0.308703,0.44626,0.589453,0.734557
09/08/2012,09-Aug-12,-0.034738,-0.079065,-0.067444,-0.013095,0.073161,0.182512,0.307829,0.443381,0.584604,0.7279
10/08/2012,10-Aug-12,-0.039598,-0.088927,-0.082344,-0.032915,0.048648,0.153606,0.274876,0.406752,0.544678,0.685053
13/08/2012,13-Aug-12,-0.018246,-0.071246,-0.064459,-0.012155,0.074018,0.184611,0.312,0.450085,0.594025,0.740018
14/08/2012,14-Aug-12,-0.012442,-0.059199,-0.04888,0.004979,0.091313,0.201121,0.327125,0.463485,0.605555,0.749678
15/08/2012,15-Aug-12,-0.008565,-0.05555,-0.041563,0.018289,0.111788,0.229108,0.362403,0.505458,0.6534,0.802451
16/08/2012,16-Aug-12,-0.019439,-0.067284,-0.052968,0.007951,0.102919,0.221866,0.356774,0.501311,0.650528,0.800604
17/08/2012,17-Aug-12,-0.010378,-0.058349,-0.044414,0.016035,0.110549,0.229124,0.363777,0.508188,0.657404,0.807593
20/08/2012,20-Aug-12,-0.004005,-0.051898,-0.038473,0.021091,0.114507,0.231892,0.365347,0.508611,0.656775,0.806029
21/08/2012,21-Aug-12,-0.024009,-0.059945,-0.0371,0.029835,0.128978,0.250772,0.387589,0.533388,0.683435,0.834065
22/08/2012,22-Aug-12,-0.016698,-0.0519,-0.031061,0.032089,0.126383,0.242794,0.374071,0.514436,0.659329,0.805196
23/08/2012,23-Aug-12,-0.011312,-0.052557,-0.03873,0.017024,0.103962,0.213346,0.338117,0.472614,0.612336,0.753744
24/08/2012,24-Aug-12,-0.051058,-0.076335,-0.053961,0.005056,0.091624,0.198272,0.318896,0.448541,0.583218,0.719749
27/08/2012,27-Aug-12,-0.025175,-0.060213,-0.043828,0.011961,0.097271,0.204016,0.325621,0.456776,0.59323,0.731611
28/08/2012,28-Aug-12,-0.003057,-0.04384,-0.031999,0.020234,0.1028,0.207461,0.32752,0.457563,0.593249,0.731138
29/08/2012,29-Aug-12,-0.00565,-0.042571,-0.026436,0.03027,0.117295,0.226268,0.350395,0.4842,0.623305,0.76425
30/08/2012,30-Aug-12,-0.025139,-0.063032,-0.04778,0.008153,0.094526,0.202974,0.326701,0.460225,0.599162,0.740044
31/08/2012,31-Aug-12,-0.012135,-0.053211,-0.039973,0.014852,0.10081,0.209361,0.333572,0.467849,0.60772,0.749647
03/09/2012,03-Sept-12,-0.001763,-0.042632,-0.030276,0.022998,0.107052,0.213574,0.335788,0.468209,0.606432,0.746955
04/09/2012,04-Sept-12,-0.008154,-0.047763,-0.03336,0.022505,0.109502,0.219166,0.344606,0.480249,0.621624,0.765179
05/09/2012,05-Sept-12,-0.021593,-0.060524,-0.044259,0.014185,0.104133,0.216873,0.345341,0.483847,0.627851,0.773764
06/09/2012,06-Sept-12,-0.010439,-0.026272,0.002721,0.06675,0.157612,0.268461,0.39361,0.528368,0.668886,0.812034
07/09/2012,07-Sept-12,-0.005734,-0.018762,0.011386,0.075361,0.165312,0.274675,0.397984,0.530721,0.669166,0.81029
10/09/2012,10-Sept-12,-0.005353,-0.013733,0.020019,0.08678,0.178883,0.289913,0.414524,0.548294,0.687581,0.829414
11/09/2012,11-Sept-12,0.006508,-0.007985,0.020626,0.083075,0.171574,0.2796,0.401719,0.533429,0.671023,0.811471
12/09/2012,12-Sept-12,-0.017574,-0.016034,0.025426,0.098141,0.194818,0.309346,0.436632,0.572451,0.713326,0.856412
13/09/2012,13-Sept-12,-0.00097,-0.011198,0.019933,0.083578,0.172289,0.279818,0.400953,0.531364,0.667481,0.806382
14/09/2012,14-Sept-12,0.021386,0.018975,0.057697,0.128632,0.22428,0.338359,0.465633,0.601765,0.743181,0.886965
17/09/2012,17-Sept-12,-0.002541,0.006878,0.054009,0.130695,0.230051,0.346293,0.474583,0.610897,0.75191,0.894897
18/09/2012,18-Sept-12,-0.00084,0.000368,0.040857,0.112187,0.207235,0.32002,0.445539,0.579631,0.71886,0.860407
19/09/2012,19-Sept-12,-0.005474,-0.004205,0.036242,0.107481,0.20243,0.315139,0.440625,0.574743,0.714066,0.855779
20/09/2012,20-Sept-12,-0.01832,-0.01537,0.026288,0.098367,0.193865,0.306899,0.432541,0.56669,0.705953,0.847546
21/09/2012,21-Sept-12,-0.011892,-0.011566,0.028151,0.098858,0.19346,0.305987,0.431442,0.565664,0.705208,0.847245
24/09/2012,24-Sept-12,-0.012781,-0.01164,0.028215,0.09856,0.192442,0.30401,0.428356,0.561393,0.699731,0.840584
25/09/2012,25-Sept-12,-0.003598,-0.006425,0.030085,0.097606,0.189102,0.298648,0.421278,0.552851,0.689937,0.829712
26/09/2012,26-Sept-12,-0.011642,-0.014318,0.020157,0.084116,0.171047,0.275433,0.392625,0.518724,0.650478,0.78519
27/09/2012,27-Sept-12,-0.000449,-0.009924,0.01949,0.079763,0.164081,0.266678,0.382706,0.508098,0.639471,0.774022
28/09/2012,28-Sept-12,-0.001639,-0.013759,0.013228,0.071301,0.153648,0.254503,0.369011,0.493096,0.623363,0.757
01/10/2012,01-Oct-12,-0.003524,-0.00724,0.026283,0.089371,0.175503,0.279157,0.395679,0.521165,0.652356,0.786554
02/10/2012,02-Oct-12,-0.010319,-0.013017,0.02114,0.084583,0.170874,0.274558,0.391034,0.516439,0.647546,0.78168
03/10/2012,03-Oct-12,-0.010727,-0.016101,0.015836,0.07745,0.162246,0.264723,0.380235,0.504882,0.635408,0.769108
04/10/2012,04-Oct-12,-0.001699,-0.011213,0.018409,0.0791,0.164011,0.26735,0.384239,0.510592,0.643001,0.778649
05/10/2012,05-Oct-12,0.00524,-0.005369,0.025086,0.087904,0.175743,0.28243,0.402804,0.532567,0.668167,0.806685
08/10/2012,08-Oct-12,-0.013467,-0.022788,0.008482,0.071732,0.159693,0.266256,0.386312,0.515609,0.65063,0.788489
09/10/2012,09-Oct-12,-0.006314,-0.016454,0.013822,0.075973,0.162789,0.268206,0.387149,0.515388,0.649426,0.786387
10/10/2012,10-Oct-12,-0.005458,-0.020805,0.005229,0.063947,0.148002,0.251215,0.368413,0.495286,0.628267,0.764423
11/10/2012,11-Oct-12,-0.000734,-0.012874,0.01509,0.074747,0.158987,0.261823,0.378239,0.504052,0.635795,0.770616
12/10/2012,12-Oct-12,-0.007363,-0.021985,0.003667,0.061178,0.143429,0.24443,0.359154,0.483413,0.61373,0.747246
15/10/2012,15-Oct-12,-0.001341,-0.01757,0.006376,0.062147,0.14268,0.242019,0.355168,0.477957,0.606924,0.739215
16/10/2012,16-Oct-12,-0.001456,-0.006801,0.026369,0.089962,0.17713,0.282106,0.400051,0.526928,0.659388,0.794674
17/10/2012,17-Oct-12,0.001037,0.003249,0.043123,0.112657,0.205086,0.314714,0.43677,0.567275,0.702934,0.841036
18/10/2012,18-Oct-12,0.005147,0.0131,0.056877,0.128838,0.222522,0.332486,0.454168,0.583765,0.718123,0.854649
19/10/2012,19-Oct-12,0.002001,0.011762,0.056491,0.12872,0.222132,0.331405,0.452077,0.580428,0.713373,0.848377
22/10/2012,22-Oct-12,0.008065,0.024215,0.07317,0.147916,0.242516,0.351963,0.47205,0.599268,0.730703,0.863953
23/10/2012,23-Oct-12,0.004289,0.016613,0.062517,0.134865,0.227611,0.335657,0.454718,0.581218,0.712187,0.845175
24/10/2012,24-Oct-12,-0.001855,0.006499,0.049705,0.12039,0.212312,0.320202,0.439636,0.566918,0.698978,0.833288
25/10/2012,25-Oct-12,-0.005079,0.0028,0.046402,0.118141,0.211599,0.321364,0.442897,0.572407,0.706753,0.843344
26/10/2012,26-Oct-12,-0.003117,-0.004793,0.030863,0.096008,0.184007,0.289261,0.407073,0.533521,0.665349,0.799874
29/10/2012,29-Oct-12,-0.000418,-0.006346,0.025754,0.087916,0.173396,0.276512,0.392494,0.517361,0.647808,0.781113
30/10/2012,30-Oct-12,-0.009484,-0.017334,0.014366,0.077132,0.163826,0.268463,0.386052,0.512453,0.644253,0.77866
31/10/2012,31-Oct-12,-0.005983,-0.01077,0.022438,0.085641,0.172074,0.276038,0.392754,0.518234,0.649174,0.782853
01/11/2012,01-Nov-12,-0.003001,-0.010819,0.020257,0.082031,0.167574,0.271056,0.387591,0.513104,0.644223,0.77817
02/11/2012,02-Nov-12,-0.007414,-0.020014,0.007432,0.0665,0.150074,0.252165,0.367758,0.492675,0.623455,0.757253
05/11/2012,05-Nov-12,0.00371,-0.016521,0.004953,0.059411,0.139488,0.238987,0.352716,0.476351,0.60631,0.739645
06/11/2012,06-Nov-12,-0.012696,-0.029356,-0.005283,0.051021,0.132369,0.232708,0.346964,0.470907,0.601026,0.734433
07/11/2012,07-Nov-12,-0.020583,-0.047476,-0.031304,0.018976,0.095799,0.192801,0.30465,0.426904,0.555883,0.688558
08/11/2012,08-Nov-12,-0.009355,-0.03932,-0.025932,0.021869,0.096521,0.191659,0.301941,0.422913,0.550876,0.682784
09/11/2012,09-Nov-12,-0.014087,-0.043889,-0.031291,0.015036,0.087751,0.180662,0.288564,0.40711,0.532683,0.662298
12/11/2012,12-Nov-12,-0.005755,-0.03805,-0.027453,0.017285,0.088756,0.180707,0.287886,0.405903,0.531105,0.660478
13/11/2012,13-Nov-12,-0.018378,-0.046699,-0.033751,0.01208,0.083689,0.175072,0.281176,0.397772,0.521339,0.648965
14/11/2012,14-Nov-12,-0.007119,-0.03405,-0.019929,0.026908,0.099392,0.191547,0.298346,0.41558,0.539742,0.667929
15/11/2012,15-Nov-12,-0.007927,-0.037822,-0.026241,0.018475,0.089243,0.18007,0.285904,0.40251,0.526353,0.654501
16/11/2012,16-Nov-12,-0.012853,-0.042613,-0.031357,0.012735,0.082706,0.172661,0.277626,0.393418,0.516544,0.644099
19/11/2012,19-Nov-12,-0.0039,-0.033789,-0.02244,0.021899,0.092216,0.182572,0.287958,0.404167,0.527685,0.655594
20/11/2012,20-Nov-12,-0.000814,-0.024299,-0.007294,0.04201,0.116658,0.210765,0.319373,0.438326,0.564156,0.693988
21/11/2012,21-Nov-12,-0.003449,-0.018376,0.005653,0.060693,0.139995,0.237856,0.349469,0.470803,0.598502,0.729783
22/11/2012,22-Nov-12,-0.004061,-0.020163,0.002943,0.057291,0.136114,0.233684,0.345175,0.466538,0.594397,0.725953
23/11/2012,23-Nov-12,-0.008212,-0.025156,-0.002951,0.05051,0.128511,0.225364,0.336268,0.45719,0.584762,0.716186
26/11/2012,26-Nov-12,0.001462,-0.021188,-0.003914,0.045316,0.119721,0.213548,0.321937,0.440802,0.566721,0.696853
27/11/2012,27-Nov-12,0.000801,-0.016557,0.004656,0.056691,0.132956,0.227859,0.33668,0.455453,0.580858,0.710139
28/11/2012,28-Nov-12,0.002291,-0.027189,-0.016475,0.02644,0.094759,0.182719,0.285454,0.398872,0.519555,0.644657
29/11/2012,29-Nov-12,0.003811,-0.020809,-0.006405,0.039257,0.109569,0.198926,0.302591,0.416582,0.537567,0.662774
30/11/2012,30-Nov-12,0.005535,-0.020727,-0.00782,0.03648,0.105554,0.193786,0.296434,0.409504,0.529656,0.654112
03/12/2012,03-Dec-12,0.003934,-0.017684,-0.000691,0.047201,0.11943,0.210432,0.315506,0.430701,0.552711,0.678789
04/12/2012,04-Dec-12,0.004262,-0.0155,0.002392,0.050443,0.122271,0.212457,0.316421,0.430309,0.550893,0.675487
05/12/2012,05-Dec-12,0.005474,-0.023274,-0.012719,0.029371,0.096383,0.182705,0.283589,0.395041,0.513717,0.636831
06/12/2012,06-Dec-12,0.004016,-0.033435,-0.029116,0.008707,0.073002,0.157809,0.258099,0.369642,0.488904,0.612945
07/12/2012,07-Dec-12,0.000291,-0.052296,-0.059581,-0.030409,0.027697,0.108353,0.206168,0.316605,0.435865,0.560786
10/12/2012,10-Dec-12,0.002432,-0.051744,-0.0603,-0.032138,0.025171,0.105201,0.202528,0.312586,0.431553,0.556249
11/12/2012,11-Dec-12,0.001411,-0.050383,-0.056516,-0.025953,0.033683,0.115933,0.215346,0.327338,0.448079,0.574382
12/12/2012,12-Dec-12,0.005085,-0.048011,-0.05515,-0.025374,0.033636,0.115372,0.214346,0.325945,0.446317,0.572258
13/12/2012,13-Dec-12,0.005095,-0.048342,-0.055716,-0.026086,0.032848,0.114566,0.213567,0.325228,0.445688,0.571738
14/12/2012,14-Dec-12,0.00664,-0.047318,-0.054784,-0.02496,0.034341,0.116511,0.215982,0.328082,0.448914,0.575244
17/12/2012,17-Dec-12,0.007051,-0.039157,-0.040362,-0.005536,0.057707,0.142929,0.24471,0.358502,0.480516,0.607609
18/12/2012,18-Dec-12,0.008435,-0.032454,-0.029269,0.009141,0.075273,0.162785,0.266341,0.381468,0.504443,0.632179
19/12/2012,19-Dec-12,0.006773,-0.028938,-0.021702,0.019844,0.088372,0.17769,0.28258,0.398675,0.52233,0.650528
20/12/2012,20-Dec-12,0.008103,-0.03325,-0.030351,0.007869,0.07384,0.161173,0.264499,0.379322,0.501903,0.629149
21/12/2012,21-Dec-12,0.008464,-0.033691,-0.031986,0.004795,0.069202,0.154936,0.256694,0.370035,0.491253,0.61728
24/12/2012,24-Dec-12,0.009864,-0.035913,-0.036618,-0.001296,0.062385,0.147951,0.249953,0.363832,0.485787,0.612677
27/12/2012,27-Dec-12,0.021833,-0.02595,-0.028637,0.004716,0.066435,0.150042,0.250088,0.362016,0.482029,0.606988
28/12/2012,28-Dec-12,0.014775,-0.036196,-0.041544,-0.010418,0.04943,0.131455,0.230157,0.340932,0.459948,0.584034
31/12/2012,31-Dec-12,0.013569,-0.038158,-0.043948,-0.013024,0.046801,0.128934,0.227834,0.338867,0.458175,0.582569
02/01/2013,02-Jan-13,0.004222,-0.027612,-0.016809,0.027952,0.09932,0.191092,0.298052,0.415839,0.540825,0.670012
03/01/2013,03-Jan-13,0.01445,-0.010629,0.005622,0.054768,0.129656,0.224248,0.333469,0.453071,0.579518,0.70989
04/01/2013,04-Jan-13,0.003764,0.002212,0.036127,0.098205,0.182242,0.282989,0.396022,0.517633,0.64473,0.774753
07/01/2013,07-Jan-13,0.01068,0.00636,0.037865,0.097828,0.179989,0.279057,0.390571,0.510794,0.636611,0.765442
08/01/2013,08-Jan-13,0.003739,-0.0033,0.025822,0.083687,0.163997,0.261421,0.371472,0.490386,0.615026,0.742795
09/01/2013,09-Jan-13,0.007012,-0.00554,0.019347,0.074049,0.152089,0.247985,0.357118,0.475613,0.600239,0.728316
10/01/2013,10-Jan-13,0.022689,0.016107,0.046241,0.105564,0.187685,0.287193,0.399532,0.520881,0.648053,0.77841
11/01/2013,11-Jan-13,0.029145,0.031195,0.067843,0.131949,0.217447,0.319202,0.432887,0.554871,0.682129,0.812153
14/01/2013,14-Jan-13,0.034655,0.035383,0.069901,0.131291,0.213668,0.312046,0.422215,0.540641,0.66437,0.790953
15/01/2013,15-Jan-13,0.022766,0.031815,0.071264,0.135051,0.217982,0.31562,0.424195,0.540511,0.661879,0.786045
16/01/2013,16-Jan-13,0.034512,0.038926,0.074736,0.135708,0.216502,0.312559,0.420002,0.535549,0.656436,0.780346
17/01/2013,17-Jan-13,0.051359,0.075187,0.125575,0.197151,0.285307,0.386105,0.496191,0.612725,0.73331,0.85594
18/01/2013,18-Jan-13,0.04973,0.079367,0.133455,0.206992,0.295685,0.395869,0.504421,0.618698,0.73647,0.855872
21/01/2013,21-Jan-13,0.038079,0.069343,0.125157,0.200439,0.290833,0.392625,0.50266,0.618267,0.737203,0.857592
22/01/2013,22-Jan-13,0.034842,0.061434,0.113722,0.186445,0.275095,0.375822,0.485354,0.600922,0.720195,0.841224
23/01/2013,23-Jan-13,0.039151,0.059148,0.106045,0.17442,0.259621,0.357674,0.465195,0.57932,0.69763,0.818104
24/01/2013,24-Jan-13,0.043276,0.060987,0.106077,0.173074,0.257279,0.354675,0.461839,0.575867,0.694311,0.815114
25/01/2013,25-Jan-13,0.086497,0.12966,0.193711,0.27429,0.367654,0.470599,0.580394,0.694725,0.811638,0.929498
28/01/2013,28-Jan-13,0.089282,0.154644,0.235289,0.327945,0.429779,0.538346,0.651549,0.767595,0.884957,1.002349
29/01/2013,29-Jan-13,0.069427,0.130596,0.208423,0.299372,0.400385,0.50883,0.622447,0.739308,0.857776,0.97647
30/01/2013,30-Jan-13,0.087921,0.155422,0.238585,0.333982,0.438653,0.550055,0.666008,0.784658,0.904433,1.024012
31/01/2013,31-Jan-13,0.092369,0.150103,0.225676,0.315292,0.415672,0.524003,0.637875,0.755236,0.874348,0.99375
01/02/2013,01-Feb-13,0.071656,0.115239,0.179975,0.261527,0.356153,0.460637,0.572226,0.688574,0.807693,0.927908
04/02/2013,04-Feb-13,0.066212,0.110115,0.175435,0.257773,0.353337,0.458869,0.571581,0.689098,0.809406,0.930811
05/02/2013,05-Feb-13,0.063705,0.11608,0.187926,0.275186,0.374354,0.48242,0.596804,0.715308,0.836069,0.957517
06/02/2013,06-Feb-13,0.061782,0.110768,0.179611,0.264233,0.361111,0.467214,0.57994,0.69707,0.816719,0.937297
07/02/2013,07-Feb-13,0.058022,0.091162,0.148342,0.224766,0.316292,0.41936,0.530919,0.648367,0.769493,0.892433
08/02/2013,08-Feb-13,0.045592,0.081672,0.140961,0.218823,0.311252,0.414803,0.52652,0.64388,0.764742,0.887294
11/02/2013,11-Feb-13,0.045948,0.081272,0.139819,0.216975,0.308755,0.411728,0.522946,0.639893,0.76043,0.882747
12/02/2013,12-Feb-13,0.045525,0.088063,0.152621,0.23474,0.330566,0.436787,0.550561,0.669466,0.791443,0.914757
13/02/2013,13-Feb-13,0.051615,0.097038,0.164418,0.249265,0.347707,0.456414,0.572534,0.693636,0.81766,0.942869
14/02/2013,14-Feb-13,0.040027,0.077662,0.139001,0.21928,0.31439,0.420797,0.535474,0.655838,0.779699,0.905208
15/02/2013,15-Feb-13,0.036129,0.074212,0.135777,0.216111,0.311147,0.417385,0.531826,0.651911,0.775469,0.900665
18/02/2013,18-Feb-13,0.03963,0.075182,0.134781,0.213625,0.307565,0.413034,0.526975,0.646779,0.77023,0.895461
19/02/2013,19-Feb-13,0.041646,0.077568,0.137359,0.216263,0.310172,0.41555,0.529365,0.649029,0.772343,0.89745
20/02/2013,20-Feb-13,0.049271,0.088906,0.151668,0.232919,0.328658,0.435438,0.550306,0.670736,0.794588,0.920049
21/02/2013,21-Feb-13,0.040552,0.072377,0.128475,0.204063,0.295008,0.39775,0.509233,0.626847,0.748369,0.871923
22/02/2013,22-Feb-13,0.025023,0.046487,0.09504,0.165406,0.253026,0.353979,0.464902,0.582924,0.705605,0.830883
25/02/2013,25-Feb-13,0.027912,0.058793,0.114955,0.19141,0.283852,0.388574,0.502395,0.622601,0.746886,0.873299
26/02/2013,26-Feb-13,0.019782,0.028724,0.067424,0.130162,0.212002,0.308697,0.416611,0.532637,0.654136,0.77888
27/02/2013,27-Feb-13,0.009788,0.011736,0.044441,0.102054,0.179527,0.272516,0.377295,0.490683,0.609976,0.732884
28/02/2013,28-Feb-13,0.011855,0.012597,0.044756,0.102337,0.180173,0.273819,0.379467,0.493866,0.614257,0.738305
01/03/2013,01-Mar-13,0.008091,0.002121,0.028575,0.081329,0.155096,0.245331,0.348138,0.460188,0.578652,0.701138
04/03/2013,04-Mar-13,0.023166,0.012618,0.035259,0.08486,0.156047,0.244192,0.345328,0.456067,0.573526,0.695266
05/03/2013,05-Mar-13,0.019489,0.016164,0.044244,0.097833,0.171837,0.261868,0.364159,0.475485,0.593105,0.714693
06/03/2013,06-Mar-13,0.010353,0.007959,0.037153,0.091989,0.167332,0.258758,0.362471,0.475225,0.594259,0.717231
07/03/2013,07-Mar-13,0.024867,0.030369,0.065297,0.124106,0.201996,0.294834,0.399062,0.511639,0.629971,0.751858
08/03/2013,08-Mar-13,0.025584,0.036234,0.075012,0.136607,0.216422,0.310491,0.415403,0.528235,0.646495,0.768068
11/03/2013,11-Mar-13,0.028581,0.031483,0.064346,0.121559,0.198268,0.290284,0.394004,0.506342,0.624666,0.746741
12/03/2013,12-Mar-13,0.031,0.030208,0.060083,0.114914,0.189753,0.280334,0.382986,0.494564,0.612384,0.734169
13/03/2013,13-Mar-13,0.029011,0.02757,0.056794,0.110993,0.185239,0.275276,0.377443,0.488601,0.60607,0.727574
14/03/2013,14-Mar-13,0.036629,0.032293,0.059284,0.111802,0.184826,0.274021,0.375656,0.486534,0.603925,0.72551
15/03/2013,15-Mar-13,0.038293,0.02872,0.051378,0.100355,0.170528,0.257474,0.357381,0.466983,0.583487,0.704518
18/03/2013,18-Mar-13,0.031713,0.016206,0.033676,0.078128,0.144363,0.227892,0.324846,0.431902,0.546223,0.665391
19/03/2013,19-Mar-13,0.032695,0.014662,0.030128,0.072981,0.13793,0.220404,0.31647,0.422755,0.536377,0.654887
20/03/2013,20-Mar-13,0.026382,0.014017,0.034175,0.080872,0.14893,0.233879,0.331875,0.439621,0.554305,0.673536
21/03/2013,21-Mar-13,0.029397,0.018441,0.038893,0.084994,0.151751,0.234855,0.330595,0.435788,0.547714,0.664062
22/03/2013,22-Mar-13,0.028439,0.020813,0.044088,0.092564,0.161308,0.246058,0.343148,0.449433,0.56223,0.679255
25/03/2013,25-Mar-13,0.026572,0.014633,0.034427,0.080153,0.146784,0.229977,0.325992,0.431619,0.544113,0.661142
26/03/2013,26-Mar-13,0.01973,0.012249,0.035969,0.08515,0.15482,0.240682,0.339038,0.446716,0.561006,0.679604
27/03/2013,27-Mar-13,0.015563,0.001683,0.019684,0.063754,0.128856,0.210636,0.305344,0.409763,0.521141,0.637139
28/03/2013,28-Mar-13,0.01484,0.002257,0.021435,0.066587,0.132695,0.215422,0.311033,0.416318,0.528535,0.64535
02/04/2013,02-Apr-13,0.017902,0.013185,0.038367,0.087984,0.157295,0.242199,0.33916,0.44514,0.557538,0.674141
03/04/2013,03-Apr-13,0.01837,0.009878,0.030798,0.07596,0.140855,0.221556,0.314656,0.417209,0.526673,0.640867
04/04/2013,04-Apr-13,0.020325,0.004459,0.018594,0.057565,0.116854,0.192524,0.281151,0.379765,0.485803,0.597057
05/04/2013,05-Apr-13,0.025056,0.00751,0.018207,0.052348,0.10573,0.174683,0.256009,0.346931,0.445045,0.54828
08/04/2013,08-Apr-13,0.026247,0.010515,0.022897,0.058555,0.113261,0.183327,0.265545,0.357135,0.455694,0.559154
09/04/2013,09-Apr-13,0.018396,0.01182,0.032148,0.07468,0.135306,0.210446,0.29699,0.392244,0.493882,0.599908
10/04/2013,10-Apr-13,0.018951,0.020153,0.047591,0.096601,0.163113,0.243585,0.334942,0.434527,0.540048,0.649539
11/04/2013,11-Apr-13,0.022775,0.018716,0.041823,0.087318,0.151028,0.22932,0.319039,0.417455,0.522212,0.631289
12/04/2013,12-Apr-13,0.020488,0.013388,0.033683,0.076608,0.138,0.214227,0.302134,0.398984,0.502416,0.610398
15/04/2013,15-Apr-13,0.028737,0.018923,0.036715,0.077343,0.136633,0.210947,0.297118,0.392402,0.494425,0.601148
16/04/2013,16-Apr-13,0.02382,0.01776,0.038332,0.080938,0.141553,0.216666,0.303217,0.398552,0.500378,0.606716
17/04/2013,17-Apr-13,0.018358,0.010017,0.028803,0.070056,0.129692,0.204149,0.290322,0.385518,0.487406,0.593979
18/04/2013,18-Apr-13,0.014064,0.00409,0.021005,0.06025,0.117829,0.190245,0.274449,0.367785,0.467952,0.572964
19/04/2013,19-Apr-13,0.023399,0.015742,0.034797,0.076006,0.135372,0.209403,0.295053,0.389673,0.490969,0.59696
22/04/2013,22-Apr-13,0.014028,0.001692,0.016554,0.054016,0.110042,0.181103,0.264122,0.356419,0.455674,0.55988
23/04/2013,23-Apr-13,0.013464,0.00364,0.020462,0.059407,0.116511,0.188307,0.271769,0.364267,0.463519,0.567554
24/04/2013,24-Apr-13,0.011669,-0.002939,0.010496,0.047193,0.102963,0.174147,0.25756,0.350436,0.45038,0.555328
25/04/2013,25-Apr-13,0.007625,-0.002826,0.013937,0.053239,0.110992,0.183622,0.268021,0.361488,0.461689,0.566612
26/04/2013,26-Apr-13,0.00955,-0.003747,0.010616,0.047905,0.103978,0.175218,0.258475,0.351014,0.45047,0.554805
29/04/2013,29-Apr-13,0.004698,-0.008762,0.005382,0.042392,0.098126,0.168965,0.251764,0.343789,0.442681,0.546403
30/04/2013,30-Apr-13,0.007874,-0.006268,0.006942,0.042826,0.097285,0.166744,0.24809,0.338619,0.435995,0.538203
02/05/2013,02-May-13,0.00409,-0.018157,-0.010586,0.021628,0.073974,0.142525,0.223876,0.315081,0.413602,0.51726
03/05/2013,03-May-13,0.003837,-0.018787,-0.010727,0.022688,0.076808,0.147592,0.231532,0.325597,0.427174,0.534024
06/05/2013,06-May-13,0.004392,-0.011339,0.001887,0.039041,0.095735,0.168145,0.252954,0.34729,0.448676,0.554984
07/05/2013,07-May-13,0.002211,-0.007693,0.010477,0.051806,0.112004,0.187336,0.274561,0.370875,0.47386,0.581443
08/05/2013,08-May-13,0.004226,-0.006603,0.010795,0.051475,0.111123,0.185983,0.272799,0.36875,0.471409,0.578691
09/05/2013,09-May-13,0.006444,-0.010105,0.002922,0.040357,0.097697,0.171021,0.256931,0.352488,0.455161,0.562777
10/05/2013,10-May-13,-0.004538,-0.005509,0.020936,0.069901,0.13712,0.218886,0.311984,0.413641,0.521468,0.633419
13/05/2013,13-May-13,0.006327,-0.001551,0.019772,0.065095,0.129889,0.210221,0.302685,0.404343,0.512668,0.625498
14/05/2013,14-May-13,0.008172,-0.001329,0.018725,0.063067,0.127114,0.206884,0.298933,0.400289,0.508398,0.621074
15/05/2013,15-May-13,0.013152,0.00115,0.0193,0.062238,0.1253,0.204433,0.296132,0.397373,0.505555,0.618456
16/05/2013,16-May-13,0.003533,-0.012292,0.002312,0.041986,0.102062,0.178487,0.267746,0.366807,0.47306,0.584269
17/05/2013,17-May-13,0.002785,-0.01882,-0.008559,0.027951,0.085821,0.160806,0.249236,0.347942,0.454203,0.56569
20/05/2013,20-May-13,0.005285,-0.013087,-0.000424,0.03781,0.096857,0.172586,0.261419,0.360267,0.466475,0.577768
21/05/2013,21-May-13,0.009712,-0.004449,0.0136,0.057925,0.123392,0.205578,0.300682,0.405452,0.517113,0.633313
22/05/2013,22-May-13,0.004109,-0.013812,0.000145,0.040185,0.101295,0.179143,0.270004,0.37068,0.478442,0.590969
23/05/2013,23-May-13,0.008633,-0.004488,0.013664,0.057362,0.121648,0.202245,0.295474,0.398181,0.507673,0.621665
24/05/2013,24-May-13,0.010295,0.003749,0.027244,0.07521,0.142831,0.225954,0.321012,0.424947,0.535157,0.649429
27/05/2013,27-May-13,0.007145,0.002949,0.028808,0.079123,0.149055,0.234432,0.33167,0.437703,0.549918,0.666099
28/05/2013,28-May-13,0.003258,0.000676,0.028616,0.081333,0.15387,0.241958,0.341936,0.450676,0.565518,0.684208
29/05/2013,29-May-13,0.016516,0.026721,0.064749,0.125278,0.203716,0.296109,0.399067,0.509696,0.625533,0.744496
30/05/2013,30-May-13,0.021077,0.035191,0.075807,0.137851,0.216937,0.309288,0.411665,0.521297,0.635829,0.753265
31/05/2013,31-May-13,0.01617,0.027672,0.066641,0.127834,0.206721,0.299403,0.402535,0.513257,0.629135,0.74811
03/06/2013,03-Jun-13,0.024172,0.041156,0.084401,0.148862,0.23018,0.324601,0.428903,0.540334,0.656549,0.775567
04/06/2013,04-Jun-13,0.027991,0.047453,0.092729,0.158833,0.241458,0.336896,0.441966,0.553949,0.670535,0.789768
05/06/2013,05-Jun-13,0.02758,0.046847,0.09119,0.15581,0.236553,0.329842,0.4326,0.542193,0.65638,0.773259
06/06/2013,06-Jun-13,0.036005,0.072351,0.129163,0.202578,0.289225,0.386175,0.490892,0.601185,0.71517,0.831238
07/06/2013,07-Jun-13,0.044601,0.082322,0.139862,0.213449,0.299794,0.396041,0.499716,0.608686,0.721118,0.835444
10/06/2013,10-Jun-13,0.054258,0.094314,0.153898,0.229271,0.317176,0.414781,0.519637,0.629632,0.742949,0.85804
11/06/2013,11-Jun-13,0.052178,0.113838,0.19126,0.2812,0.380836,0.487725,0.599758,0.715122,0.832266,0.949871
12/06/2013,12-Jun-13,0.04879,0.102725,0.173949,0.259011,0.354909,0.459037,0.569145,0.683296,0.799829,0.917331
13/06/2013,13-Jun-13,0.046479,0.08727,0.147751,0.224136,0.313127,0.411863,0.517866,0.629003,0.743441,0.859617
14/06/2013,14-Jun-13,0.04687,0.076907,0.128108,0.196523,0.278705,0.37166,0.472791,0.579858,0.690932,0.804366
17/06/2013,17-Jun-13,0.043027,0.072968,0.123974,0.192146,0.274078,0.366806,0.467759,0.574713,0.685756,0.799246
18/06/2013,18-Jun-13,0.046617,0.087023,0.146627,0.22179,0.309336,0.406499,0.510885,0.620423,0.733332,0.848088
19/06/2013,19-Jun-13,0.049403,0.086202,0.142746,0.215327,0.300711,0.39608,0.498991,0.607332,0.719287,0.833296
20/06/2013,20-Jun-13,0.064191,0.135518,0.22063,0.316602,0.420892,0.531294,0.645903,0.763082,0.881431,0.999759
21/06/2013,21-Jun-13,0.067017,0.141671,0.230448,0.330287,0.438535,0.552895,0.67139,0.792324,0.914253,1.035951
24/06/2013,24-Jun-13,0.089128,0.185128,0.294057,0.412543,0.537721,0.667163,0.79883,0.931015,1.062307,1.191543
25/06/2013,25-Jun-13,0.073999,0.15878,0.259694,0.372771,0.494636,0.622432,0.753756,0.886598,1.019293,1.150468
26/06/2013,26-Jun-13,0.053993,0.122364,0.209973,0.31242,0.425953,0.547384,0.674019,0.803594,0.934222,1.064338
27/06/2013,27-Jun-13,0.043786,0.103235,0.183052,0.278701,0.38631,0.502588,0.624749,0.750451,0.877734,1.004974
28/06/2013,28-Jun-13,0.049043,0.113809,0.198869,0.299586,0.412009,0.532792,0.659111,0.788601,0.919288,1.049546
01/07/2013,01-Jul-13,0.04195,0.100701,0.180699,0.277193,0.386133,0.50408,0.62813,0.755845,0.885187,1.014472
02/07/2013,02-Jul-13,0.036988,0.08551,0.157695,0.248376,0.353147,0.468269,0.59058,0.717425,0.846585,0.976221
03/07/2013,03-Jul-13,0.041328,0.087118,0.156762,0.245072,0.347625,0.460668,0.581027,0.706034,0.833462,0.961462
04/07/2013,04-Jul-13,0.015312,0.045639,0.103645,0.183513,0.280278,0.389722,0.508274,0.632927,0.761165,0.890892
05/07/2013,05-Jul-13,0.008842,0.043508,0.106823,0.192658,0.295793,0.411805,0.53696,0.668122,0.802676,0.938453
08/07/2013,08-Jul-13,0.010703,0.028923,0.079553,0.155834,0.25201,0.363197,0.485272,0.614769,0.748791,0.884935
09/07/2013,09-Jul-13,0.01215,0.02816,0.0765,0.150449,0.244283,0.353146,0.472935,0.600201,0.732059,0.866117
10/07/2013,10-Jul-13,0.012494,0.030183,0.079748,0.154572,0.249014,0.358289,0.478348,0.605787,0.737759,0.871897
11/07/2013,11-Jul-13,0.022744,0.045034,0.09711,0.172789,0.266795,0.374644,0.492541,0.617289,0.746209,0.877074
12/07/2013,12-Jul-13,0.02221,0.038782,0.085258,0.155536,0.244401,0.347412,0.460801,0.581388,0.706504,0.833922
15/07/2013,15-Jul-13,0.015426,0.027816,0.069366,0.134154,0.21712,0.313951,0.420991,0.535151,0.653838,0.774889
16/07/2013,16-Jul-13,0.012612,0.020776,0.059196,0.121768,0.203271,0.299259,0.40596,0.520186,0.639261,0.760951
17/07/2013,17-Jul-13,0.007755,0.013317,0.049604,0.110445,0.190563,0.285462,0.391324,0.504925,0.623557,0.744955
18/07/2013,18-Jul-13,0.007752,0.010506,0.044324,0.103012,0.181271,0.274583,0.379108,0.491602,0.609335,0.730023
19/07/2013,19-Jul-13,0.019729,0.013744,0.040413,0.093335,0.167025,0.2568,0.358678,0.469284,0.585777,0.705775
22/07/2013,22-Jul-13,0.017781,0.020489,0.053399,0.11055,0.186831,0.277878,0.379976,0.489978,0.605231,0.723511
23/07/2013,23-Jul-13,0.029917,0.048014,0.092916,0.159214,0.24227,0.338124,0.44341,0.555277,0.671324,0.789542
24/07/2013,24-Jul-13,0.02805,0.055075,0.108049,0.18158,0.271062,0.372572,0.482784,0.59889,0.718537,0.839763
25/07/2013,25-Jul-13,0.022599,0.04918,0.102879,0.178029,0.269794,0.374061,0.487349,0.606724,0.72973,0.854322
26/07/2013,26-Jul-13,0.014072,0.043518,0.099146,0.175498,0.267908,0.372406,0.485625,0.604728,0.727333,0.851456
29/07/2013,29-Jul-13,0.010283,0.042848,0.101309,0.180195,0.27484,0.381277,0.496148,0.616626,0.740345,0.865338
30/07/2013,30-Jul-13,0.008152,0.03962,0.0977,0.176671,0.271672,0.378589,0.493955,0.614862,0.738891,0.86404
31/07/2013,31-Jul-13,0.010194,0.043684,0.103709,0.184509,0.281195,0.389631,0.506341,0.628411,0.753422,0.879376
01/08/2013,01-Aug-13,0.016842,0.047771,0.105685,0.184722,0.279912,0.387052,0.502612,0.623639,0.747679,0.872709
02/08/2013,02-Aug-13,0.01799,0.044776,0.099383,0.17582,0.269005,0.374639,0.489109,0.609391,0.732971,0.857773
05/08/2013,05-Aug-13,0.020025,0.04789,0.103636,0.181264,0.275683,0.382585,0.49835,0.619945,0.744847,0.870975
06/08/2013,06-Aug-13,0.017049,0.051762,0.112872,0.194618,0.292112,0.401227,0.518488,0.640995,0.766334,0.892516
07/08/2013,07-Aug-13,0.02503,0.056029,0.114395,0.194166,0.29029,0.398502,0.515217,0.63744,0.762685,0.888903
08/08/2013,08-Aug-13,0.022825,0.054497,0.113092,0.192764,0.288556,0.396276,0.512403,0.633987,0.758582,0.884165
09/08/2013,09-Aug-13,0.030739,0.058656,0.114241,0.191524,0.285438,0.391703,0.506718,0.627471,0.751461,0.87662
12/08/2013,12-Aug-13,0.020353,0.051858,0.11034,0.189955,0.285744,0.393513,0.509736,0.631463,0.75624,0.882044
13/08/2013,13-Aug-13,0.026725,0.074414,0.146579,0.237706,0.343125,0.458898,0.581722,0.708841,0.837974,0.967248
14/08/2013,14-Aug-13,0.034505,0.081625,0.153724,0.245189,0.351266,0.467946,0.591866,0.720222,0.85069,0.98136
15/08/2013,15-Aug-13,0.032786,0.086962,0.165836,0.263729,0.375842,0.498138,0.627239,0.760335,0.895106,1.029655
16/08/2013,16-Aug-13,0.027421,0.077955,0.154482,0.250979,0.362376,0.484419,0.613562,0.746869,0.881923,1.016756
19/08/2013,19-Aug-13,0.032502,0.087962,0.169196,0.270136,0.385681,0.511558,0.644214,0.78071,0.918636,1.056032
20/08/2013,20-Aug-13,0.028096,0.079473,0.156938,0.254415,0.366787,0.489768,0.61979,0.753899,0.889667,1.025121
21/08/2013,21-Aug-13,0.032973,0.088759,0.170206,0.271273,0.386877,0.512765,0.645399,0.78185,0.919718,1.05705
22/08/2013,22-Aug-13,0.031365,0.087478,0.170535,0.273992,0.392382,0.521164,0.656588,0.795581,0.935645,1.074771
23/08/2013,23-Aug-13,0.047003,0.115892,0.209244,0.320853,0.445553,0.579065,0.717876,0.859116,1.000468,1.14008
26/08/2013,26-Aug-13,0.034236,0.092353,0.17666,0.280713,0.39914,0.527484,0.662071,0.799897,0.938524,1.075996
27/08/2013,27-Aug-13,0.032652,0.088674,0.170572,0.272056,0.387869,0.513644,0.645772,0.781295,0.917805,1.053367
28/08/2013,28-Aug-13,0.033714,0.090739,0.173577,0.275935,0.392556,0.519072,0.651873,0.788003,0.925055,1.061096
29/08/2013,29-Aug-13,0.030839,0.085688,0.166942,0.268217,0.384175,0.510376,0.643154,0.779495,0.916951,1.053548
30/08/2013,30-Aug-13,0.033301,0.088808,0.170769,0.272782,0.389494,0.516454,0.649983,0.787063,0.925238,1.06253
02/09/2013,02-Sept-13,0.037763,0.098572,0.184949,0.290619,0.410339,0.539756,0.675274,0.813946,0.953379,1.091648
03/09/2013,03-Sept-13,0.036552,0.096864,0.183288,0.289409,0.409875,0.540239,0.676836,0.816659,0.95727,1.096708
04/09/2013,04-Sept-13,0.04017,0.103267,0.191788,0.299443,0.420983,0.552051,0.689051,0.829042,0.969636,1.108916
05/09/2013,05-Sept-13,0.055055,0.132206,0.233779,0.353379,0.485699,0.626363,0.77179,0.919072,1.065871,1.210333
06/09/2013,06-Sept-13,0.037661,0.099672,0.188475,0.297392,0.42086,0.554276,0.693853,0.836498,0.97971,1.12149
09/09/2013,09-Sept-13,0.03933,0.101484,0.190466,0.299617,0.423389,0.557184,0.697218,0.840396,0.984215,1.126667
10/09/2013,10-Sept-13,0.044456,0.11408,0.210638,0.327257,0.458229,0.598843,0.745235,0.894265,1.043398,1.190622
11/09/2013,11-Sept-13,0.037169,0.100033,0.190472,0.301632,0.427808,0.564271,0.707134,0.85322,0.99996,1.145296
12/09/2013,12-Sept-13,0.039544,0.090788,0.171161,0.273656,0.392421,0.522597,0.660173,0.80186,0.944985,1.087398
13/09/2013,13-Sept-13,0.03664,0.092017,0.175066,0.279074,0.398436,0.528497,0.665415,0.806042,0.947817,1.088684
16/09/2013,16-Sept-13,0.043137,0.090372,0.166234,0.263961,0.37789,0.503307,0.636307,0.773679,0.912804,1.051565
17/09/2013,17-Sept-13,0.036661,0.090076,0.171306,0.273666,0.391569,0.520369,0.656226,0.795986,0.937084,1.077451
18/09/2013,18-Sept-13,0.03702,0.095768,0.181604,0.287926,0.409223,0.540914,0.67922,0.821042,0.963862,1.105655
19/09/2013,19-Sept-13,0.030747,0.073646,0.146059,0.241158,0.353217,0.477452,0.609889,0.74725,0.886849,1.026509
20/09/2013,20-Sept-13,0.032445,0.080901,0.15795,0.256919,0.37221,0.499147,0.633849,0.773114,0.914321,1.055343
23/09/2013,23-Sept-13,0.025508,0.067813,0.139994,0.235154,0.347509,0.472224,0.605286,0.743379,0.883788,1.024311
24/09/2013,24-Sept-13,0.019319,0.061628,0.13118,0.22196,0.328866,0.447597,0.574539,0.706673,0.841495,0.976945
25/09/2013,25-Sept-13,0.029175,0.073825,0.144526,0.235483,0.341784,0.459286,0.58451,0.714553,0.847008,0.979894
26/09/2013,26-Sept-13,0.024899,0.071033,0.14287,0.234667,0.341555,0.459432,0.584852,0.714942,0.847321,0.98003
27/09/2013,27-Sept-13,0.020231,0.058695,0.124086,0.210492,0.312899,0.427076,0.549466,0.677099,0.807508,0.938663
30/09/2013,30-Sept-13,0.02898,0.067654,0.13306,0.219326,0.321472,0.435296,0.557266,0.68443,0.814338,0.944975
01/10/2013,01-Oct-13,0.021541,0.060643,0.126507,0.213259,0.315916,0.430272,0.55279,0.680517,0.810999,0.942215
02/10/2013,02-Oct-13,0.02474,0.061921,0.126458,0.212366,0.314569,0.428782,0.551401,0.679417,0.810331,0.942084
03/10/2013,03-Oct-13,0.019237,0.059851,0.127475,0.216151,0.320829,0.437248,0.56183,0.691587,0.824039,0.957147
04/10/2013,04-Oct-13,0.026692,0.063822,0.130096,0.218939,0.324815,0.443085,0.569879,0.701991,0.836782,0.972099
07/10/2013,07-Oct-13,0.0298,0.059531,0.119525,0.203073,0.304519,0.419116,0.5429,0.672577,0.805433,0.939247
08/10/2013,08-Oct-13,0.043767,0.075976,0.137835,0.222745,0.32514,0.440352,0.564479,0.694285,0.827101,0.960744
09/10/2013,09-Oct-13,0.045996,0.076932,0.137696,0.221655,0.32322,0.4377,0.561177,0.690401,0.82269,0.955851
10/10/2013,10-Oct-13,0.041755,0.077022,0.142377,0.231038,0.337297,0.456371,0.584275,0.717708,0.853954,0.990799
11/10/2013,11-Oct-13,0.033522,0.068333,0.133452,0.222045,0.328363,0.447591,0.575716,0.709415,0.845955,0.983107
14/10/2013,14-Oct-13,0.036162,0.069502,0.133517,0.221324,0.32713,0.44608,0.574126,0.707913,0.844682,0.982179
15/10/2013,15-Oct-13,0.03409,0.071313,0.138593,0.229132,0.337208,0.45803,0.587607,0.722632,0.860388,0.998658
16/10/2013,16-Oct-13,0.042328,0.089427,0.164951,0.262314,0.375987,0.501344,0.63454,0.7724,0.912318,1.052179
17/10/2013,17-Oct-13,0.039438,0.073725,0.139129,0.228611,0.336252,0.457103,0.587039,0.722652,0.86114,1.00022
18/10/2013,18-Oct-13,0.037929,0.065682,0.124964,0.20879,0.311274,0.427478,0.553279,0.685258,0.820594,0.956984
21/10/2013,21-Oct-13,0.042119,0.070691,0.130544,0.214733,0.317409,0.433665,0.559406,0.691234,0.826348,0.962459
22/10/2013,22-Oct-13,0.042011,0.062333,0.11526,0.193656,0.291503,0.403751,0.52618,0.655285,0.788173,0.922478
23/10/2013,23-Oct-13,0.039436,0.059333,0.111096,0.187832,0.283716,0.393847,0.514123,0.641127,0.772031,0.904515
24/10/2013,24-Oct-13,0.048806,0.068763,0.11991,0.195527,0.28993,0.398335,0.516732,0.641776,0.7707,0.901226
25/10/2013,25-Oct-13,0.054937,0.080715,0.135215,0.21238,0.307058,0.414881,0.532163,0.655807,0.783231,0.912291
28/10/2013,28-Oct-13,0.056454,0.081159,0.134457,0.210344,0.303713,0.410228,0.526229,0.648641,0.774894,0.902857
29/10/2013,29-Oct-13,0.051253,0.078185,0.133029,0.209935,0.303919,0.410747,0.526843,0.649198,0.775297,0.903051
30/10/2013,30-Oct-13,0.04396,0.064114,0.113358,0.185683,0.275968,0.379858,0.493669,0.614299,0.73915,0.866062
31/10/2013,31-Oct-13,0.040914,0.046533,0.084667,0.148713,0.233036,0.332853,0.444114,0.563411,0.687887,0.815166
01/11/2013,01-Nov-13,0.044674,0.044255,0.077919,0.138803,0.221052,0.319687,0.430499,0.549936,0.675026,0.803289
04/11/2013,04-Nov-13,0.041812,0.04158,0.075206,0.135865,0.217738,0.31588,0.426103,0.544882,0.669259,0.796774
05/11/2013,05-Nov-13,0.044241,0.059857,0.106373,0.177407,0.267519,0.372095,0.487232,0.609651,0.736607,0.865821
06/11/2013,06-Nov-13,0.027727,0.04904,0.100174,0.174926,0.268013,0.374949,0.491943,0.615808,0.743877,0.873938
07/11/2013,07-Nov-13,0.022999,0.020414,0.052986,0.113643,0.196357,0.296004,0.408248,0.529436,0.656507,0.786912
08/11/2013,08-Nov-13,0.022525,0.03104,0.073406,0.142644,0.232813,0.33888,0.456597,0.582393,0.71329,0.846813
11/11/2013,11-Nov-13,0.028355,0.033472,0.073226,0.140482,0.229173,0.33416,0.451104,0.576366,0.706905,0.840201
12/11/2013,12-Nov-13,0.031956,0.028555,0.064637,0.131723,0.222674,0.33151,0.453244,0.583736,0.719576,0.857975
13/11/2013,13-Nov-13,0.028765,0.019073,0.049792,0.112349,0.199516,0.305231,0.42443,0.552907,0.687187,0.824423
14/11/2013,14-Nov-13,0.033057,0.025372,0.056437,0.118088,0.203435,0.306687,0.422998,0.548335,0.679361,0.813333
15/11/2013,15-Nov-13,0.033507,0.029293,0.062869,0.126248,0.212693,0.316538,0.433044,0.558265,0.688938,0.822381
18/11/2013,18-Nov-13,0.040324,0.031605,0.061511,0.121914,0.205956,0.307871,0.422834,0.54683,0.676533,0.809213
19/11/2013,19-Nov-13,0.033641,0.030496,0.06477,0.128545,0.21514,0.318939,0.435241,0.560137,0.69039,0.823344
20/11/2013,20-Nov-13,0.040329,0.035952,0.069729,0.133558,0.22061,0.325147,0.442374,0.568304,0.699642,0.833684
21/11/2013,21-Nov-13,0.043125,0.037729,0.07183,0.136985,0.226089,0.333181,0.453285,0.582271,0.716732,0.853877
22/11/2013,22-Nov-13,0.058403,0.053748,0.087509,0.151501,0.238827,0.343698,0.46128,0.587555,0.719207,0.853516
25/11/2013,25-Nov-13,0.046314,0.04689,0.083032,0.147329,0.233496,0.336231,0.451077,0.574307,0.702823,0.834067
26/11/2013,26-Nov-13,0.042997,0.042205,0.077332,0.140899,0.226569,0.328993,0.443674,0.566855,0.695409,0.826757
27/11/2013,27-Nov-13,0.056295,0.051455,0.083564,0.144953,0.229121,0.330586,0.444739,0.567726,0.696346,0.827954
28/11/2013,28-Nov-13,0.057158,0.050556,0.081205,0.141385,0.224556,0.325197,0.438671,0.561098,0.689255,0.82048
29/11/2013,29-Nov-13,0.057634,0.05116,0.082039,0.142508,0.225995,0.326956,0.440735,0.563438,0.691835,0.823256
02/12/2013,02-Dec-13,0.062159,0.056514,0.089042,0.151711,0.237733,0.341395,0.457909,0.583285,0.714217,0.847984
03/12/2013,03-Dec-13,0.075102,0.062465,0.090421,0.150285,0.234758,0.337725,0.45409,0.579629,0.710862,0.844946
04/12/2013,04-Dec-13,0.082574,0.074735,0.107157,0.171137,0.259365,0.365725,0.485129,0.613365,0.74697,0.883117
05/12/2013,05-Dec-13,0.083463,0.092601,0.138307,0.212522,0.308477,0.420519,0.543943,0.674861,0.81008,0.947001
06/12/2013,06-Dec-13,0.096253,0.105058,0.150947,0.225674,0.32233,0.435148,0.559344,0.690968,0.826786,0.96417
09/12/2013,09-Dec-13,0.108977,0.113379,0.155184,0.226172,0.319444,0.429237,0.550759,0.680049,0.813856,0.949532
10/12/2013,10-Dec-13,0.101911,0.110086,0.154296,0.226638,0.32047,0.430238,0.55132,0.679888,0.812797,0.947484
11/12/2013,11-Dec-13,0.129304,0.131636,0.171264,0.240045,0.331144,0.438841,0.558377,0.685813,0.817912,0.952034
12/12/2013,12-Dec-13,0.140092,0.146708,0.189479,0.260461,0.352981,0.461462,0.581266,0.708555,0.840179,0.973571
13/12/2013,13-Dec-13,0.136499,0.14523,0.189615,0.261791,0.355152,0.464181,0.584291,0.711687,0.843255,0.976462
16/12/2013,16-Dec-13,0.146793,0.150445,0.190959,0.260243,0.351505,0.459069,0.578215,0.705041,0.836345,0.969516
17/12/2013,17-Dec-13,0.144001,0.144389,0.182647,0.250482,0.340933,0.448187,0.567407,0.694599,0.826481,0.960381
18/12/2013,18-Dec-13,0.132937,0.138643,0.181468,0.253163,0.346818,0.456668,0.577932,0.706666,0.839641,0.974234
19/12/2013,19-Dec-13,0.109888,0.126123,0.177995,0.257427,0.357663,0.473078,0.599017,0.731646,0.867837,1.005056
20/12/2013,20-Dec-13,0.115388,0.128781,0.179969,0.260137,0.361961,0.479392,0.607463,0.74212,0.880083,1.018723
23/12/2013,23-Dec-13,0.097372,0.114635,0.169074,0.251954,0.356027,0.475308,0.604884,0.740753,0.879676,1.019064
24/12/2013,24-Dec-13,0.096976,0.113644,0.167738,0.250463,0.354522,0.47389,0.603623,0.739695,0.878847,1.018476
27/12/2013,27-Dec-13,0.099856,0.121286,0.181872,0.272001,0.383769,0.510713,0.647584,0.790152,0.935041,1.079584
30/12/2013,30-Dec-13,0.076534,0.09953,0.161946,0.254055,0.367864,0.496847,0.635703,0.780169,0.926842,1.073043
31/12/2013,31-Dec-13,0.072208,0.094158,0.156143,0.248269,0.362416,0.491949,0.63149,0.776713,0.924169,1.071142
02/01/2014,02-Jan-14,0.089275,0.106865,0.165145,0.254174,0.365777,0.49327,0.631222,0.775257,0.921877,1.068321
03/01/2014,03-Jan-14,0.078014,0.099099,0.159382,0.249343,0.36114,0.488343,0.625721,0.769042,0.914919,1.06067
06/01/2014,06-Jan-14,0.085733,0.100561,0.15526,0.240272,0.347713,0.471109,0.605181,0.745655,0.8891,1.032791
07/01/2014,07-Jan-14,0.090401,0.105697,0.159855,0.243615,0.349324,0.470695,0.602589,0.740839,0.882094,1.023688
08/01/2014,08-Jan-14,0.087688,0.105363,0.161206,0.246106,0.352531,0.47429,0.606325,0.744534,0.885616,1.026947
09/01/2014,09-Jan-14,0.09043,0.106603,0.162045,0.247341,0.354719,0.477799,0.611376,0.751234,0.893987,1.036946
10/01/2014,10-Jan-14,0.089851,0.096285,0.14332,0.221477,0.322905,0.441137,0.570871,0.707795,0.84843,0.989995
13/01/2014,13-Jan-14,0.08501,0.091689,0.138115,0.215049,0.314832,0.431146,0.558808,0.693599,0.832107,0.971602
14/01/2014,14-Jan-14,0.100554,0.107032,0.152614,0.228249,0.326428,0.44095,0.566726,0.699606,0.836231,0.973912
15/01/2014,15-Jan-14,0.110694,0.120389,0.168682,0.24657,0.346591,0.462588,0.589514,0.723256,0.860493,0.998566
16/01/2014,16-Jan-14,0.113308,0.112589,0.15189,0.222083,0.31558,0.426109,0.548509,0.678564,0.812854,0.948632
17/01/2014,17-Jan-14,0.102451,0.099589,0.137213,0.206121,0.298662,0.40851,0.530456,0.660245,0.794422,0.93021
20/01/2014,20-Jan-14,0.114403,0.10633,0.137859,0.200364,0.286613,0.390569,0.507218,0.632418,0.762773,0.895516
21/01/2014,21-Jan-14,0.102877,0.098473,0.133161,0.198356,0.286869,0.392704,0.510885,0.637308,0.768611,0.90206
22/01/2014,22-Jan-14,0.100737,0.100773,0.139337,0.207899,0.299319,0.407646,0.527948,0.656163,0.788963,0.923649
23/01/2014,23-Jan-14,0.101166,0.09837,0.13367,0.198719,0.286522,0.391241,0.508027,0.632876,0.762508,0.894251
24/01/2014,24-Jan-14,0.086082,0.07937,0.111167,0.173098,0.258139,0.360422,0.475073,0.598061,0.72608,0.856436
27/01/2014,27-Jan-14,0.104133,0.094261,0.123539,0.183462,0.266901,0.367901,0.481516,0.603659,0.730978,0.860742
28/01/2014,28-Jan-14,0.096655,0.087681,0.117963,0.17895,0.263474,0.365553,0.480221,0.603374,0.731648,0.862305
29/01/2014,29-Jan-14,0.092228,0.079349,0.106261,0.164354,0.246409,0.346395,0.4593,0.580984,0.708046,0.837715
30/01/2014,30-Jan-14,0.090461,0.067742,0.087393,0.140302,0.218833,0.316609,0.428331,0.549621,0.676887,0.8072
31/01/2014,31-Jan-14,0.0601,0.037111,0.055917,0.107592,0.184643,0.280809,0.390877,0.510538,0.636246,0.765108
03/02/2014,03-Feb-14,0.074707,0.045296,0.058719,0.105917,0.179283,0.272449,0.380113,0.497882,0.622137,0.749922
04/02/2014,04-Feb-14,0.073886,0.045467,0.05972,0.107611,0.181549,0.275185,0.38323,0.501303,0.625798,0.753767
05/02/2014,05-Feb-14,0.077849,0.048727,0.062356,0.109682,0.183102,0.276255,0.383843,0.501481,0.625556,0.753118
06/02/2014,06-Feb-14,0.097396,0.078677,0.100535,0.154277,0.232606,0.32942,0.439644,0.559078,0.68427,0.812401
07/02/2014,07-Feb-14,0.089087,0.06091,0.075529,0.123867,0.198305,0.292466,0.401041,0.519636,0.644632,0.773073
10/02/2014,10-Feb-14,0.084188,0.062733,0.08225,0.134046,0.210816,0.306443,0.415828,0.534746,0.659715,0.787888
11/02/2014,11-Feb-14,0.083682,0.062776,0.08315,0.136009,0.213962,0.310828,0.421457,0.541587,0.66771,0.796958
12/02/2014,12-Feb-14,0.081435,0.058065,0.077154,0.129622,0.20785,0.30547,0.417184,0.538611,0.666148,0.796857
13/02/2014,13-Feb-14,0.079911,0.051757,0.066719,0.115659,0.1909,0.28602,0.395671,0.515424,0.641632,0.771316
14/02/2014,14-Feb-14,0.078507,0.056076,0.075376,0.127532,0.205085,0.301797,0.412469,0.532798,0.659239,0.788897
17/02/2014,17-Feb-14,0.082238,0.058162,0.076162,0.127328,0.204168,0.300412,0.410832,0.531096,0.657635,0.787529
18/02/2014,18-Feb-14,0.091653,0.065413,0.080945,0.129516,0.20377,0.297537,0.40566,0.523856,0.648585,0.776944
19/02/2014,19-Feb-14,0.083842,0.057264,0.072356,0.120413,0.194104,0.287275,0.394786,0.512366,0.636485,0.764247
20/02/2014,20-Feb-14,0.079069,0.05937,0.080215,0.133046,0.210662,0.307024,0.417094,0.536688,0.662355,0.791268
21/02/2014,21-Feb-14,0.089153,0.063925,0.080118,0.129058,0.20344,0.297138,0.405032,0.52287,0.647141,0.774965
24/02/2014,24-Feb-14,0.092863,0.071051,0.090031,0.141235,0.217447,0.312616,0.421686,0.540458,0.665464,0.793862
25/02/2014,25-Feb-14,0.106325,0.078195,0.091878,0.138631,0.211095,0.303095,0.409474,0.525949,0.648983,0.775674
26/02/2014,26-Feb-14,0.10207,0.066027,0.073348,0.11501,0.183419,0.272202,0.376042,0.49052,0.611987,0.73745
27/02/2014,27-Feb-14,0.094903,0.055187,0.058546,0.096127,0.160463,0.245283,0.345339,0.456262,0.574437,0.696891
28/02/2014,28-Feb-14,0.108045,0.087182,0.105765,0.155475,0.229307,0.321392,0.426831,0.541558,0.662218,0.786064
03/03/2014,03-Mar-14,0.106979,0.078629,0.090256,0.133566,0.201566,0.288381,0.389099,0.499633,0.616603,0.737232
04/03/2014,04-Mar-14,0.096755,0.067589,0.079432,0.123731,0.19328,0.282036,0.384948,0.497821,0.617187,0.740202
05/03/2014,05-Mar-14,0.087696,0.06696,0.084283,0.131904,0.20324,0.292738,0.395724,0.50829,0.627181,0.749709
06/03/2014,06-Mar-14,0.118674,0.10262,0.123576,0.173947,0.247298,0.338198,0.44208,0.555125,0.674159,0.796557
07/03/2014,07-Mar-14,0.140088,0.122528,0.142186,0.191434,0.263808,0.35385,0.456975,0.569348,0.687778,0.80963
10/03/2014,10-Mar-14,0.15338,0.125285,0.136152,0.178105,0.244468,0.329598,0.428748,0.537943,0.653872,0.773794
11/03/2014,11-Mar-14,0.145593,0.120868,0.134862,0.179735,0.248839,0.336556,0.438158,0.549685,0.667837,0.789882
12/03/2014,12-Mar-14,0.141244,0.113997,0.124857,0.166208,0.23158,0.315492,0.413324,0.521197,0.635872,0.754661
13/03/2014,13-Mar-14,0.141177,0.112279,0.121228,0.160522,0.223778,0.305585,0.401375,0.507307,0.620169,0.737291
14/03/2014,14-Mar-14,0.135862,0.105139,0.112117,0.149373,0.210588,0.290398,0.384271,0.488391,0.599566,0.715137
17/03/2014,17-Mar-14,0.150766,0.118951,0.125124,0.161811,0.222653,0.302248,0.396035,0.500173,0.611446,0.727177
18/03/2014,18-Mar-14,0.165586,0.129663,0.133,0.16786,0.227659,0.306814,0.400614,0.505093,0.616937,0.73339
19/03/2014,19-Mar-14,0.156646,0.128867,0.138915,0.179266,0.243522,0.326262,0.422909,0.52962,0.643179,0.760917
20/03/2014,20-Mar-14,0.167142,0.152982,0.174243,0.223713,0.295273,0.383747,0.484775,0.594706,0.710494,0.829618
21/03/2014,21-Mar-14,0.173497,0.156286,0.174423,0.220785,0.289318,0.374895,0.473195,0.580588,0.694044,0.81105
24/03/2014,24-Mar-14,0.166087,0.145112,0.159882,0.203246,0.269122,0.352358,0.448603,0.554205,0.66611,0.781782
25/03/2014,25-Mar-14,0.148102,0.12538,0.139043,0.181803,0.247467,0.330787,0.427337,0.533403,0.645879,0.762188
26/03/2014,26-Mar-14,0.14147,0.113806,0.123463,0.163028,0.226193,0.307615,0.402779,0.507895,0.619789,0.735828
27/03/2014,27-Mar-14,0.133723,0.100279,0.105471,0.141661,0.202355,0.282047,0.376086,0.480565,0.592215,0.708317
28/03/2014,28-Mar-14,0.129471,0.101854,0.111821,0.151869,0.21562,0.297674,0.393474,0.499197,0.611646,0.728171
31/03/2014,31-Mar-14,0.132692,0.111933,0.127396,0.171793,0.238931,0.323571,0.421292,0.528385,0.641754,0.758831
01/04/2014,01-Apr-14,0.137369,0.117115,0.132837,0.177313,0.244405,0.328914,0.426456,0.533346,0.646509,0.763392
02/04/2014,02-Apr-14,0.142752,0.124983,0.143086,0.189822,0.25904,0.345534,0.444914,0.553495,0.668205,0.786492
03/04/2014,03-Apr-14,0.151668,0.129999,0.144987,0.189277,0.256615,0.341707,0.440086,0.548003,0.662325,0.780455
04/04/2014,04-Apr-14,0.148556,0.12175,0.130661,0.168469,0.229328,0.308241,0.400954,0.503858,0.613908,0.728546
07/04/2014,07-Apr-14,0.134794,0.109532,0.119345,0.157548,0.21841,0.297028,0.389226,0.491461,0.600739,0.714546
08/04/2014,08-Apr-14,0.136176,0.115924,0.129918,0.171586,0.235295,0.316229,0.410286,0.51399,0.624404,0.739063
09/04/2014,09-Apr-14,0.122572,0.114528,0.138163,0.187303,0.256658,0.341707,0.438605,0.544094,0.655427,0.7703
10/04/2014,10-Apr-14,0.11835,0.105106,0.123888,0.168546,0.233803,0.315144,0.408719,0.511261,0.620011,0.732647
11/04/2014,11-Apr-14,0.131175,0.109209,0.120759,0.159443,0.219784,0.297095,0.387381,0.48725,0.593835,0.704727
14/04/2014,14-Apr-14,0.129729,0.108301,0.12051,0.159922,0.22102,0.299084,0.390097,0.490647,0.597855,0.709303
15/04/2014,15-Apr-14,0.126381,0.103782,0.114976,0.153517,0.213877,0.291327,0.381838,0.48199,0.588894,0.700121
16/04/2014,16-Apr-14,0.119318,0.097225,0.108392,0.14649,0.206088,0.28254,0.371882,0.470751,0.576303,0.686146
17/04/2014,17-Apr-14,0.105302,0.097234,0.119159,0.165316,0.230755,0.311237,0.403149,0.503417,0.609445,0.719048
22/04/2014,22-Apr-14,0.119837,0.113322,0.136876,0.184691,0.25178,0.333878,0.427346,0.529098,0.636522,0.747428
23/04/2014,23-Apr-14,0.132201,0.123878,0.145934,0.192494,0.258515,0.339687,0.432336,0.533342,0.640076,0.750325
24/04/2014,24-Apr-14,0.136392,0.125545,0.145254,0.18964,0.253655,0.332983,0.423942,0.523407,0.628737,0.737715
25/04/2014,25-Apr-14,0.127565,0.118471,0.139034,0.183552,0.247129,0.325573,0.415308,0.513299,0.616979,0.72419
28/04/2014,28-Apr-14,0.127212,0.122964,0.147556,0.195391,0.261665,0.34227,0.433703,0.532994,0.637632,0.745509
29/04/2014,29-Apr-14,0.105372,0.100481,0.125252,0.173922,0.241547,0.323899,0.417376,0.518924,0.625962,0.736325
30/04/2014,30-Apr-14,0.105812,0.09431,0.113539,0.157599,0.221427,0.300687,0.391683,0.491276,0.596813,0.706065
02/05/2014,02-May-14,0.109738,0.092405,0.107038,0.147533,0.208649,0.285904,0.375473,0.474109,0.579069,0.688043
05/05/2014,05-May-14,0.111756,0.089926,0.100965,0.138618,0.19752,0.273075,0.361369,0.459076,0.563385,0.671932
06/05/2014,06-May-14,0.12934,0.10769,0.118557,0.155779,0.214059,0.288864,0.376326,0.473158,0.57658,0.684252
07/05/2014,07-May-14,0.117148,0.104777,0.123283,0.166729,0.230018,0.308793,0.399337,0.498497,0.603607,0.712429
08/05/2014,08-May-14,0.106044,0.086066,0.098392,0.136893,0.196306,0.272125,0.360503,0.458171,0.562364,0.670754
09/05/2014,09-May-14,0.10037,0.078248,0.088881,0.1261,0.184607,0.259856,0.347966,0.445635,0.550065,0.6589
12/05/2014,12-May-14,0.115839,0.090581,0.098879,0.134419,0.191775,0.266299,0.35402,0.451563,0.556068,0.665126
13/05/2014,13-May-14,0.111074,0.07666,0.077682,0.107522,0.160494,0.231723,0.31705,0.412934,0.516378,0.624857
14/05/2014,14-May-14,0.101443,0.063397,0.060657,0.086707,0.135935,0.20353,0.285374,0.377963,0.478322,0.583941
15/05/2014,15-May-14,0.091747,0.049893,0.043602,0.066352,0.112531,0.177319,0.256592,0.346835,0.445063,0.548753
16/05/2014,16-May-14,0.096485,0.059544,0.057112,0.082826,0.131209,0.197562,0.277864,0.368688,0.467126,0.570723
19/05/2014,19-May-14,0.080172,0.048227,0.049933,0.079055,0.130227,0.198844,0.280968,0.373241,0.472817,0.577292
20/05/2014,20-May-14,0.09713,0.056988,0.053077,0.078663,0.127961,0.196013,0.278585,0.372075,0.473433,0.580085
21/05/2014,21-May-14,0.09516,0.059377,0.059231,0.088055,0.140121,0.210522,0.295073,0.390213,0.492931,0.600689
22/05/2014,22-May-14,0.072669,0.040302,0.042245,0.072108,0.124394,0.194392,0.278076,0.372018,0.473314,0.579514
23/05/2014,23-May-14,0.080631,0.043063,0.041164,0.068305,0.118785,0.187717,0.270928,0.364866,0.466523,0.57336
26/05/2014,26-May-14,0.061636,0.028951,0.030686,0.060442,0.112718,0.182794,0.266636,0.360807,0.462396,0.568944
27/05/2014,27-May-14,0.077102,0.034662,0.028536,0.052042,0.09943,0.165765,0.246828,0.339023,0.4393,0.545085
28/05/2014,28-May-14,0.061961,0.024066,0.020333,0.044545,0.091337,0.156096,0.234871,0.324283,0.42146,0.523971
29/05/2014,29-May-14,0.056997,0.024191,0.024115,0.050831,0.099213,0.164847,0.243944,0.333265,0.43005,0.531958
30/05/2014,30-May-14,0.059843,0.03094,0.034224,0.063835,0.114714,0.182504,0.263466,0.354402,0.452588,0.555714
02/06/2014,02-Jun-14,0.059819,0.024969,0.024067,0.050911,0.100153,0.167193,0.248091,0.339479,0.438492,0.542709
03/06/2014,03-Jun-14,0.061858,0.032177,0.036468,0.068427,0.122624,0.194399,0.279765,0.375326,0.478197,0.585944
04/06/2014,04-Jun-14,0.035406,0.01127,0.020544,0.056961,0.115131,0.19043,0.278906,0.377197,0.48245,0.592263
05/06/2014,05-Jun-14,0.034416,0.00733,0.014201,0.048714,0.105436,0.179699,0.26751,0.365467,0.470681,0.580714
06/06/2014,06-Jun-14,0.070357,0.019365,0.00507,0.020977,0.06147,0.121703,0.197509,0.285317,0.382078,0.485197
09/06/2014,09-Jun-14,0.049568,0.013183,0.010358,0.035088,0.082182,0.147162,0.226179,0.315934,0.413613,0.516822
10/06/2014,10-Jun-14,0.031568,0.005172,0.010855,0.042804,0.095993,0.166091,0.249374,0.342654,0.443213,0.548743
11/06/2014,11-Jun-14,0.024512,-0.004747,-0.000923,0.029975,0.082755,0.152944,0.236704,0.330748,0.432277,0.538916
12/06/2014,12-Jun-14,0.02406,-0.010805,-0.011092,0.016953,0.067929,0.137187,0.220734,0.31515,0.417522,0.525378
13/06/2014,13-Jun-14,0.00937,-0.020942,-0.017797,0.012736,0.065413,0.135719,0.219773,0.314258,0.416342,0.523628
16/06/2014,16-Jun-14,0.016324,-0.017439,-0.017636,0.009698,0.059344,0.1268,0.208199,0.300226,0.400054,0.505281
17/06/2014,17-Jun-14,0.02587,-0.00742,-0.006352,0.02282,0.074695,0.144625,0.228626,0.323287,0.425707,0.533429
18/06/2014,18-Jun-14,0.015442,-0.014199,-0.010736,0.01983,0.07231,0.142234,0.225763,0.319612,0.42098,0.527489
19/06/2014,19-Jun-14,0.020567,-0.014586,-0.016968,0.007592,0.054047,0.118039,0.195818,0.284166,0.380334,0.481983
20/06/2014,20-Jun-14,0.024361,-0.006619,-0.005184,0.022879,0.07256,0.13953,0.220065,0.310966,0.409501,0.513346
23/06/2014,23-Jun-14,0.011055,-0.018771,-0.016965,0.010869,0.059868,0.125831,0.205134,0.294663,0.391753,0.494134
24/06/2014,24-Jun-14,0.012741,-0.015973,-0.013282,0.015237,0.064749,0.131077,0.210617,0.300276,0.397408,0.499755
25/06/2014,25-Jun-14,0.017252,-0.017058,-0.019692,0.003793,0.048571,0.110469,0.185886,0.271726,0.365334,0.464447
26/06/2014,26-Jun-14,0.011552,-0.020454,-0.021778,0.002194,0.046788,0.107959,0.182215,0.266555,0.358404,0.455568
27/06/2014,27-Jun-14,0.015415,-0.012624,-0.010894,0.01537,0.061624,0.123933,0.1989,0.283603,0.375537,0.472564
30/06/2014,30-Jun-14,0.020677,-0.009091,-0.00875,0.016415,0.061817,0.123483,0.197984,0.28237,0.374111,0.471047
01/07/2014,01-Jul-14,0.020332,-0.015588,-0.020128,0.001247,0.043789,0.103389,0.176496,0.260053,0.351438,0.448411
02/07/2014,02-Jul-14,0.027931,-0.008206,-0.012424,0.009685,0.05327,0.114133,0.18865,0.273707,0.366634,0.46515
03/07/2014,03-Jul-14,0.018727,-0.017479,-0.021128,0.00206,0.047123,0.109768,0.186293,0.273517,0.368713,0.469556
04/07/2014,04-Jul-14,0.022617,-0.01815,-0.026296,-0.007486,0.033362,0.091989,0.164714,0.248373,0.340248,0.438019
07/07/2014,07-Jul-14,0.024779,-0.015286,-0.022886,-0.003656,0.037507,0.096364,0.169252,0.253019,0.344961,0.442766
08/07/2014,08-Jul-14,0.020448,-0.019695,-0.028227,-0.010569,0.028561,0.085072,0.155421,0.236554,0.325845,0.421044
09/07/2014,09-Jul-14,0.018963,-0.018836,-0.025664,-0.006837,0.033022,0.089901,0.160325,0.241299,0.330245,0.424956
10/07/2014,10-Jul-14,0.017469,-0.021259,-0.029337,-0.012003,0.026182,0.08126,0.149801,0.228847,0.315851,0.408631
11/07/2014,11-Jul-14,0.013381,-0.023098,-0.029264,-0.010315,0.029227,0.085435,0.15491,0.234717,0.322334,0.415599
14/07/2014,14-Jul-14,0.023898,-0.014512,-0.021957,-0.003772,0.035405,0.091552,0.161188,0.241315,0.329355,0.423101
15/07/2014,15-Jul-14,0.012431,-0.024538,-0.031209,-0.012801,0.026148,0.081703,0.150458,0.229477,0.31624,0.408587
16/07/2014,16-Jul-14,0.02057,-0.017778,-0.025327,-0.007412,0.031333,0.086892,0.155796,0.235056,0.322108,0.41476
17/07/2014,17-Jul-14,0.004291,-0.02796,-0.031352,-0.010853,0.029213,0.085093,0.15354,0.231751,0.317318,0.408177
18/07/2014,18-Jul-14,0.021926,-0.015002,-0.022516,-0.005661,0.031175,0.084182,0.150063,0.225974,0.309469,0.398454
21/07/2014,21-Jul-14,0.01349,-0.018844,-0.023027,-0.003872,0.034429,0.088237,0.154395,0.230179,0.313242,0.401574
22/07/2014,22-Jul-14,0.014319,-0.016147,-0.018473,0.002498,0.042554,0.098033,0.165769,0.243028,0.327456,0.417041
23/07/2014,23-Jul-14,0.019962,-0.014158,-0.019946,-0.002231,0.034785,0.087448,0.15259,0.227476,0.309748,0.397387
24/07/2014,24-Jul-14,0.010566,-0.018477,-0.019477,0.002726,0.043922,0.100456,0.169164,0.247317,0.332566,0.4229
25/07/2014,25-Jul-14,0.003646,-0.025699,-0.02737,-0.00612,0.033908,0.089121,0.156402,0.233064,0.316792,0.405603
28/07/2014,28-Jul-14,0.010499,-0.019547,-0.022136,-0.001971,0.036847,0.09076,0.156681,0.231948,0.314266,0.40167
29/07/2014,29-Jul-14,0.008005,-0.021728,-0.024434,-0.004738,0.033329,0.086263,0.15103,0.225009,0.305942,0.391894
30/07/2014,30-Jul-14,0.003167,-0.022033,-0.020793,0.002331,0.043371,0.098879,0.165869,0.241764,0.324344,0.411708
31/07/2014,31-Jul-14,0.009522,-0.017955,-0.017645,0.005639,0.047708,0.104928,0.174156,0.252678,0.338164,0.428619
01/08/2014,01-Aug-14,0.002386,-0.026581,-0.027734,-0.005864,0.03486,0.090816,0.158868,0.23631,0.320815,0.410386
04/08/2014,04-Aug-14,0.015504,-0.017813,-0.023111,-0.005165,0.031863,0.084357,0.149183,0.223632,0.305372,0.392403
05/08/2014,05-Aug-14,0.015031,-0.01469,-0.016446,0.004931,0.045235,0.100819,0.168525,0.24563,0.329793,0.419011
06/08/2014,06-Aug-14,-0.004127,-0.03329,-0.035408,-0.01513,0.023496,0.076957,0.142207,0.216617,0.297927,0.3842
07/08/2014,07-Aug-14,0.011168,-0.02277,-0.029024,-0.012322,0.023221,0.07403,0.137006,0.209474,0.289131,0.374002
08/08/2014,08-Aug-14,0.004441,-0.02711,-0.032142,-0.015176,0.019849,0.069508,0.130835,0.201265,0.27859,0.360916
11/08/2014,11-Aug-14,0.00019,-0.031333,-0.036115,-0.01872,0.01688,0.067229,0.129334,0.200609,0.278826,0.362074
12/08/2014,12-Aug-14,-0.000963,-0.031032,-0.034804,-0.01674,0.019271,0.069845,0.132044,0.203331,0.281513,0.364713
13/08/2014,13-Aug-14,0.009727,-0.026674,-0.035643,-0.021793,0.010855,0.058799,0.118999,0.188825,0.266007,0.348594
14/08/2014,14-Aug-14,0.011989,-0.025314,-0.035599,-0.023387,0.007373,0.053243,0.111239,0.178776,0.253622,0.333858
15/08/2014,15-Aug-14,0.009645,-0.026669,-0.036355,-0.023867,0.006909,0.052586,0.110222,0.177269,0.251529,0.331107
18/08/2014,18-Aug-14,0.005469,-0.029895,-0.038342,-0.024417,0.007916,0.055208,0.114467,0.183106,0.258895,0.339916
19/08/2014,19-Aug-14,0.003258,-0.032905,-0.042205,-0.029169,0.002257,0.048638,0.106995,0.17475,0.249678,0.32987
20/08/2014,20-Aug-14,-0.004725,-0.039752,-0.04841,-0.035142,-0.003826,0.042164,0.099901,0.166853,0.240835,0.319971
21/08/2014,21-Aug-14,-0.002232,-0.036285,-0.044228,-0.03047,0.001141,0.04726,0.104984,0.1718,0.245544,0.324358
22/08/2014,22-Aug-14,0.002758,-0.030002,-0.037182,-0.023102,0.008473,0.054266,0.111433,0.177513,0.250384,0.328223
25/08/2014,25-Aug-14,-0.027468,-0.063507,-0.073453,-0.061678,-0.031996,0.012272,0.068241,0.133413,0.205632,0.283045
26/08/2014,26-Aug-14,-0.022605,-0.053161,-0.059574,-0.04584,-0.015454,0.028534,0.083467,0.14704,0.217255,0.292393
27/08/2014,27-Aug-14,-0.023536,-0.056919,-0.066646,-0.056542,-0.029961,0.01016,0.061256,0.121095,0.187738,0.259506
28/08/2014,28-Aug-14,-0.020287,-0.050136,-0.057381,-0.045687,-0.018267,0.022065,0.072849,0.131947,0.1975,0.267898
29/08/2014,29-Aug-14,-0.027133,-0.055359,-0.060875,-0.047397,-0.018181,0.023925,0.076436,0.13719,0.204314,0.276186
01/09/2014,01-Sept-14,-0.028544,-0.062481,-0.07218,-0.061599,-0.034206,0.006968,0.05928,0.120431,0.188429,0.261553
02/09/2014,02-Sept-14,-0.024598,-0.057943,-0.06623,-0.053602,-0.023683,0.020363,0.075784,0.140187,0.211507,0.287958
03/09/2014,03-Sept-14,-0.013197,-0.049061,-0.05909,-0.047552,-0.018179,0.025774,0.081472,0.146455,0.218594,0.296054
04/09/2014,04-Sept-14,-0.059246,-0.097432,-0.10882,-0.0978,-0.068218,-0.02343,0.033637,0.100442,0.174784,0.254762
05/09/2014,05-Sept-14,-0.060468,-0.099851,-0.112947,-0.103973,-0.076634,-0.034172,0.020576,0.085141,0.157376,0.235421
08/09/2014,08-Sept-14,-0.060826,-0.10041,-0.113603,-0.104668,-0.077344,-0.034903,0.019799,0.084274,0.156363,0.234198
09/09/2014,09-Sept-14,-0.06129,-0.099594,-0.110147,-0.09754,-0.065785,-0.018383,0.041617,0.111572,0.189194,0.272512
10/09/2014,10-Sept-14,-0.055624,-0.09367,-0.103652,-0.090247,-0.057542,-0.009097,0.051991,0.123039,0.201728,0.286063
11/09/2014,11-Sept-14,-0.059724,-0.096406,-0.105351,-0.091199,-0.058004,-0.009296,0.051858,0.122798,0.201229,0.285177
12/09/2014,12-Sept-14,-0.054582,-0.08645,-0.090908,-0.072597,-0.035562,0.016672,0.081049,0.154922,0.236011,0.322353
15/09/2014,15-Sept-14,-0.05875,-0.094391,-0.102256,-0.08701,-0.052724,-0.002946,0.059246,0.131184,0.210566,0.295412
16/09/2014,16-Sept-14,-0.047724,-0.084026,-0.092483,-0.07775,-0.043892,0.005548,0.067492,0.139273,0.218585,0.303447
17/09/2014,17-Sept-14,-0.059647,-0.096117,-0.104707,-0.090059,-0.056226,-0.006745,0.055309,0.127272,0.206837,0.292021
18/09/2014,18-Sept-14,-0.05272,-0.083064,-0.086273,-0.066929,-0.029033,0.023931,0.088938,0.16337,0.244965,0.331781
19/09/2014,19-Sept-14,-0.056915,-0.091515,-0.098949,-0.08373,-0.049802,-0.000607,0.06086,0.132001,0.210571,0.294632
22/09/2014,22-Sept-14,-0.057848,-0.093669,-0.102542,-0.088917,-0.05669,-0.009259,0.050417,0.119768,0.196571,0.278909
23/09/2014,23-Sept-14,-0.045452,-0.077006,-0.083001,-0.067663,-0.034691,0.012685,0.071654,0.139772,0.214926,0.29529
24/09/2014,24-Sept-14,-0.052178,-0.084355,-0.091246,-0.076994,-0.045228,0.00088,0.058562,0.125415,0.19935,0.278567
25/09/2014,25-Sept-14,-0.056354,-0.092072,-0.101942,-0.090171,-0.060446,-0.015991,0.040379,0.106217,0.179398,0.258089
26/09/2014,26-Sept-14,-0.057914,-0.094791,-0.105492,-0.094285,-0.06491,-0.020637,0.035682,0.101568,0.174871,0.253733
29/09/2014,29-Sept-14,-0.056648,-0.092815,-0.103275,-0.092222,-0.063327,-0.019804,0.035549,0.100293,0.172318,0.249798
30/09/2014,30-Sept-14,-0.057696,-0.094943,-0.106489,-0.096502,-0.068639,-0.026098,0.028331,0.092219,0.163459,0.240229
01/10/2014,01-Oct-14,-0.059509,-0.099017,-0.113147,-0.105963,-0.081032,-0.041482,0.009956,0.0709,0.139281,0.213306
02/10/2014,02-Oct-14,-0.056916,-0.094007,-0.105897,-0.09665,-0.069831,-0.028563,0.024428,0.086767,0.15639,0.231513
03/10/2014,03-Oct-14,-0.050834,-0.082864,-0.090593,-0.077979,-0.048491,-0.005165,0.04935,0.112747,0.183027,0.258457
06/10/2014,06-Oct-14,-0.053484,-0.0878,-0.097501,-0.086584,-0.058557,-0.016488,0.036946,0.099415,0.168896,0.243642
07/10/2014,07-Oct-14,-0.053642,-0.088234,-0.098287,-0.087769,-0.060161,-0.018509,0.034526,0.096624,0.165774,0.240234
08/10/2014,08-Oct-14,-0.052568,-0.086755,-0.096938,-0.08697,-0.060231,-0.019687,0.032071,0.092783,0.160483,0.233469
09/10/2014,09-Oct-14,-0.056847,-0.094449,-0.107301,-0.099362,-0.074106,-0.034579,0.016556,0.076975,0.144659,0.217858
10/10/2014,10-Oct-14,-0.051812,-0.085569,-0.095582,-0.085649,-0.059105,-0.018877,0.032478,0.092726,0.159926,0.232392
13/10/2014,13-Oct-14,-0.046814,-0.076665,-0.083686,-0.07152,-0.043371,-0.002048,0.049985,0.11058,0.177866,0.250218
14/10/2014,14-Oct-14,-0.049906,-0.083011,-0.093382,-0.084603,-0.059831,-0.021839,0.026943,0.08439,0.148649,0.218111
15/10/2014,15-Oct-14,-0.0514,-0.086767,-0.100027,-0.094644,-0.073668,-0.039781,0.004668,0.057623,0.117289,0.182109
16/10/2014,16-Oct-14,-0.044681,-0.074041,-0.081976,-0.071916,-0.046876,-0.0095,0.037898,0.093301,0.154951,0.221325
17/10/2014,17-Oct-14,-0.043691,-0.071037,-0.076145,-0.062627,-0.033655,0.007999,0.059911,0.11997,0.186343,0.257446
20/10/2014,20-Oct-14,-0.046418,-0.076448,-0.084137,-0.073047,-0.046316,-0.006693,0.043411,0.101894,0.166923,0.236908
21/10/2014,21-Oct-14,-0.044288,-0.072412,-0.078381,-0.06573,-0.037569,0.003372,0.054701,0.114331,0.180442,0.251455
22/10/2014,22-Oct-14,-0.043438,-0.070963,-0.076533,-0.063641,-0.035359,0.005615,0.056914,0.116472,0.182487,0.253394
23/10/2014,23-Oct-14,-0.044301,-0.072355,-0.078174,-0.065296,-0.036835,0.004474,0.056235,0.116355,0.183009,0.254613
24/10/2014,24-Oct-14,-0.044568,-0.072656,-0.078345,-0.065229,-0.036467,0.005169,0.057255,0.117673,0.184581,0.256383
27/10/2014,27-Oct-14,-0.042006,-0.068381,-0.073061,-0.059513,-0.030789,0.010432,0.061805,0.121282,0.187079,0.257646
28/10/2014,28-Oct-14,-0.044109,-0.071832,-0.077253,-0.063967,-0.035133,0.006481,0.058454,0.118672,0.1853,0.256746
29/10/2014,29-Oct-14,-0.042696,-0.069439,-0.074227,-0.060583,-0.031605,0.009992,0.061829,0.12183,0.188189,0.25934
30/10/2014,30-Oct-14,-0.047878,-0.079193,-0.088017,-0.077938,-0.05211,-0.013298,0.036074,0.093892,0.158316,0.227748
31/10/2014,31-Oct-14,-0.048971,-0.081477,-0.09153,-0.082669,-0.05801,-0.020292,0.028087,0.085027,0.148699,0.217512
03/11/2014,03-Nov-14,-0.047222,-0.078551,-0.087881,-0.078652,-0.053897,-0.016283,0.03185,0.088452,0.151732,0.220134
04/11/2014,04-Nov-14,-0.045638,-0.076397,-0.085983,-0.077669,-0.054348,-0.018565,0.02744,0.081704,0.142511,0.208363
05/11/2014,05-Nov-14,-0.047668,-0.079791,-0.090178,-0.082196,-0.058818,-0.02266,0.023979,0.079082,0.140888,0.207861
06/11/2014,06-Nov-14,-0.049487,-0.083034,-0.094495,-0.087277,-0.064387,-0.028476,0.018127,0.073379,0.135494,0.202913
07/11/2014,07-Nov-14,-0.049956,-0.083884,-0.095647,-0.088665,-0.065953,-0.03017,0.016349,0.071554,0.133653,0.201082
10/11/2014,10-Nov-14,-0.047693,-0.080006,-0.090708,-0.08313,-0.060215,-0.024557,0.021566,0.076154,0.137457,0.203949
11/11/2014,11-Nov-14,-0.046793,-0.078429,-0.088636,-0.080708,-0.057559,-0.021755,0.024445,0.079059,0.140352,0.206811
12/11/2014,12-Nov-14,-0.047308,-0.079698,-0.09085,-0.084021,-0.062088,-0.027588,0.017246,0.070453,0.130317,0.19534
13/11/2014,13-Nov-14,-0.046443,-0.078145,-0.08876,-0.081524,-0.059297,-0.0246,0.020348,0.073601,0.133452,0.198413
14/11/2014,14-Nov-14,-0.046875,-0.079054,-0.090179,-0.083474,-0.06179,-0.027639,0.016766,0.069483,0.128811,0.193265
17/11/2014,17-Nov-14,-0.043363,-0.072696,-0.081547,-0.073057,-0.050002,-0.014832,0.030296,0.083488,0.143086,0.20764
18/11/2014,18-Nov-14,-0.043887,-0.07376,-0.083161,-0.075225,-0.052724,-0.018104,0.026484,0.079149,0.138235,0.202295
19/11/2014,19-Nov-14,-0.034453,-0.056417,-0.059225,-0.045831,-0.018845,0.019426,0.066954,0.121956,0.182869,0.248328
20/11/2014,20-Nov-14,-0.036999,-0.061491,-0.066787,-0.055823,-0.031195,0.004803,0.050152,0.103073,0.16201,0.225599
21/11/2014,21-Nov-14,-0.040388,-0.068025,-0.076231,-0.067949,-0.045785,-0.012043,0.031248,0.082299,0.139542,0.201605
24/11/2014,24-Nov-14,-0.041403,-0.069769,-0.078457,-0.070448,-0.048379,-0.014584,0.028884,0.080215,0.137821,0.200313
25/11/2014,25-Nov-14,-0.041135,-0.069856,-0.079393,-0.072613,-0.052058,-0.019978,0.021639,0.071041,0.126688,0.18723
26/11/2014,26-Nov-14,-0.040123,-0.06828,-0.077634,-0.070992,-0.050843,-0.019393,0.021412,0.069854,0.124425,0.183801
27/11/2014,27-Nov-14,-0.040347,-0.069281,-0.07986,-0.074804,-0.056525,-0.027161,0.011399,0.057489,0.109643,0.166573
28/11/2014,28-Nov-14,-0.036785,-0.063317,-0.072442,-0.066701,-0.048349,-0.019393,0.018391,0.063431,0.114338,0.169892
01/12/2014,01-Dec-14,-0.033845,-0.058105,-0.065519,-0.058533,-0.039321,-0.009818,0.028259,0.07339,0.124233,0.179604
02/12/2014,02-Dec-14,-0.032962,-0.055646,-0.060953,-0.05146,-0.02946,0.003014,0.044165,0.092403,0.14633,0.204715
03/12/2014,03-Dec-14,-0.037059,-0.062722,-0.070058,-0.061796,-0.040359,-0.007893,0.033703,0.082754,0.137785,0.197503
04/12/2014,04-Dec-14,-0.036586,-0.061988,-0.069246,-0.06106,-0.039828,-0.007677,0.033516,0.08209,0.136587,0.195725
05/12/2014,05-Dec-14,-0.035477,-0.05971,-0.065763,-0.056358,-0.033911,-0.000563,0.041795,0.091494,0.147069,0.20723
08/12/2014,08-Dec-14,-0.036535,-0.062455,-0.070688,-0.063837,-0.044219,-0.013888,0.025338,0.071851,0.124234,0.181242
09/12/2014,09-Dec-14,-0.035313,-0.060483,-0.06838,-0.061556,-0.042281,-0.012565,0.025809,0.07127,0.122431,0.178075
10/12/2014,10-Dec-14,-0.034605,-0.059327,-0.066999,-0.060145,-0.041004,-0.011563,0.026417,0.071384,0.12197,0.17697
11/12/2014,11-Dec-14,-0.034833,-0.059889,-0.067996,-0.061672,-0.043153,-0.014418,0.02278,0.066894,0.116561,0.170587
12/12/2014,12-Dec-14,-0.0358,-0.062053,-0.071539,-0.066734,-0.049835,-0.022792,0.012669,0.055025,0.102933,0.155212
15/12/2014,15-Dec-14,-0.035189,-0.060934,-0.070002,-0.064856,-0.047682,-0.020421,0.015211,0.057697,0.105701,0.158048
16/12/2014,16-Dec-14,-0.035352,-0.062055,-0.072737,-0.069739,-0.055144,-0.0308,0.001657,0.040779,0.08529,0.134067
17/12/2014,17-Dec-14,-0.037386,-0.065572,-0.077271,-0.074895,-0.06059,-0.036258,-0.003587,0.035934,0.080992,0.130432
18/12/2014,18-Dec-14,-0.04041,-0.07034,-0.082705,-0.080096,-0.064815,-0.038902,-0.00416,0.037817,0.085628,0.138039
19/12/2014,19-Dec-14,-0.042598,-0.074444,-0.088475,-0.087306,-0.073258,-0.048391,-0.014526,0.026727,0.07395,0.125899
22/12/2014,22-Dec-14,-0.043294,-0.075852,-0.090591,-0.09011,-0.076717,-0.052461,-0.019156,0.021593,0.068374,0.119943
23/12/2014,23-Dec-14,-0.04428,-0.07768,-0.093138,-0.093266,-0.08039,-0.05657,-0.023632,0.01681,0.063335,0.114691
24/12/2014,24-Dec-14,-0.045278,-0.079399,-0.095346,-0.095775,-0.083045,-0.059247,-0.026235,0.014358,0.061088,0.11269
29/12/2014,29-Dec-14,-0.046874,-0.082859,-0.100895,-0.103595,-0.093281,-0.07201,-0.041602,-0.003666,0.040385,0.089305
30/12/2014,30-Dec-14,-0.050022,-0.088695,-0.109012,-0.113634,-0.104926,-0.084984,-0.055664,-0.018602,0.024757,0.073146
31/12/2014,31-Dec-14,-0.051063,-0.090489,-0.11132,-0.11626,-0.10771,-0.087797,-0.058404,-0.021191,0.022379,0.071021
02/01/2015,02-Jan-15,-0.049902,-0.088973,-0.110123,-0.115942,-0.10873,-0.090529,-0.063142,-0.028165,0.012996,0.059107
05/01/2015,05-Jan-15,-0.048564,-0.08687,-0.107741,-0.11369,-0.106952,-0.089507,-0.063109,-0.029307,0.010532,0.055208
06/01/2015,06-Jan-15,-0.045025,-0.081262,-0.101342,-0.107605,-0.102129,-0.086754,-0.063109,-0.032631,0.003411,0.043906
07/01/2015,07-Jan-15,-0.052263,-0.091803,-0.112258,-0.116792,-0.108146,-0.088694,-0.060484,-0.025279,0.015407,0.060279
08/01/2015,08-Jan-15,-0.054581,-0.094902,-0.114962,-0.118221,-0.107665,-0.085862,-0.055019,-0.017025,0.026507,0.074207
09/01/2015,09-Jan-15,-0.058265,-0.101037,-0.122546,-0.12645,-0.1159,-0.093605,-0.06189,-0.02274,0.02215,0.071343
12/01/2015,12-Jan-15,-0.056884,-0.099623,-0.122176,-0.127972,-0.119966,-0.100705,-0.072376,-0.036852,0.004269,0.049625
13/01/2015,13-Jan-15,-0.057947,-0.101523,-0.124727,-0.131016,-0.123373,-0.10437,-0.076211,-0.040788,0.000287,0.045641
14/01/2015,14-Jan-15,-0.057038,-0.101325,-0.126474,-0.135622,-0.13149,-0.116432,-0.09248,-0.061384,-0.024646,0.016449
15/01/2015,15-Jan-15,-0.067341,-0.118987,-0.149094,-0.161262,-0.158602,-0.143797,-0.119155,-0.086656,-0.047994,-0.004612
16/01/2015,16-Jan-15,-0.067826,-0.120271,-0.151368,-0.164625,-0.163079,-0.14936,-0.125738,-0.094164,-0.056315,-0.013624
19/01/2015,19-Jan-15,-0.069609,-0.122952,-0.154317,-0.16741,-0.165428,-0.151125,-0.126861,-0.094661,-0.056251,-0.013099
20/01/2015,20-Jan-15,-0.063739,-0.112374,-0.140017,-0.150224,-0.146061,-0.130167,-0.104806,-0.071919,-0.033159,0.010067
21/01/2015,21-Jan-15,-0.218263,-0.181616,-0.137007,-0.112239,-0.096665,-0.080168,-0.057754,-0.028004,0.008653,0.051013
22/01/2015,22-Jan-15,-0.205801,-0.189962,-0.165589,-0.15346,-0.143021,-0.125809,-0.098543,-0.061218,-0.015339,0.037098
23/01/2015,23-Jan-15,-0.199589,-0.186998,-0.158357,-0.143175,-0.135409,-0.12691,-0.11302,-0.092063,-0.064098,-0.030018
26/01/2015,26-Jan-15,-0.181342,-0.172409,-0.142727,-0.123167,-0.110801,-0.09895,-0.083292,-0.061989,-0.034798,-0.002313
27/01/2015,27-Jan-15,-0.185623,-0.168865,-0.136857,-0.118075,-0.106869,-0.09548,-0.079441,-0.057114,-0.028515,0.005546
28/01/2015,28-Jan-15,-0.198433,-0.178971,-0.145886,-0.127211,-0.116019,-0.104153,-0.08723,-0.063818,-0.03412,0.000923
29/01/2015,29-Jan-15,-0.189122,-0.184275,-0.160299,-0.145217,-0.134862,-0.12277,-0.105326,-0.081397,-0.051289,-0.015966
30/01/2015,30-Jan-15,-0.192738,-0.183657,-0.157564,-0.142098,-0.13216,-0.120855,-0.104431,-0.081721,-0.053008,-0.019233
02/02/2015,02-Feb-15,-0.211112,-0.190844,-0.164461,-0.15423,-0.150019,-0.143236,-0.130002,-0.109474,-0.082291,-0.049666
03/02/2015,03-Feb-15,-0.210679,-0.194893,-0.170141,-0.159357,-0.15336,-0.144098,-0.128001,-0.104424,-0.074147,-0.038482
04/02/2015,04-Feb-15,-0.230722,-0.204522,-0.17916,-0.170964,-0.166306,-0.156247,-0.13765,-0.11054,-0.076253,-0.036495
05/02/2015,05-Feb-15,-0.233583,-0.20362,-0.177131,-0.168558,-0.163223,-0.152114,-0.132288,-0.103958,-0.068584,-0.027939
06/02/2015,06-Feb-15,-0.232663,-0.20336,-0.181909,-0.177987,-0.175332,-0.165178,-0.14519,-0.11609,-0.07968,-0.037949
09/02/2015,09-Feb-15,-0.22163,-0.198934,-0.177013,-0.170895,-0.166332,-0.15492,-0.134227,-0.104809,-0.068338,-0.026705
10/02/2015,10-Feb-15,-0.247544,-0.20654,-0.181738,-0.176312,-0.171489,-0.158307,-0.134811,-0.102093,-0.062218,-0.017329
11/02/2015,11-Feb-15,-0.251226,-0.205209,-0.17885,-0.173561,-0.169499,-0.157349,-0.135024,-0.103546,-0.064928,-0.021277
12/02/2015,12-Feb-15,-0.239213,-0.211804,-0.187439,-0.181943,-0.178154,-0.166974,-0.146105,-0.116347,-0.079549,-0.037706
13/02/2015,13-Feb-15,-0.202993,-0.192399,-0.184579,-0.187457,-0.187885,-0.178969,-0.15929,-0.130027,-0.093234,-0.051038
16/02/2015,16-Feb-15,-0.22037,-0.198534,-0.186267,-0.188599,-0.189577,-0.181224,-0.161823,-0.132517,-0.0954,-0.052657
17/02/2015,17-Feb-15,-0.232282,-0.2026,-0.181325,-0.177589,-0.175264,-0.165492,-0.145817,-0.116882,-0.080463,-0.038548
18/02/2015,18-Feb-15,-0.222476,-0.201361,-0.185731,-0.185513,-0.184887,-0.175238,-0.154397,-0.123306,-0.084015,-0.038745
19/02/2015,19-Feb-15,-0.214303,-0.202836,-0.187245,-0.185174,-0.183788,-0.174661,-0.155112,-0.125595,-0.087827,-0.04384
20/02/2015,20-Feb-15,-0.219471,-0.20314,-0.188366,-0.188955,-0.191026,-0.18569,-0.169981,-0.144156,-0.109812,-0.068909
23/02/2015,23-Feb-15,-0.225652,-0.202266,-0.183367,-0.182788,-0.185107,-0.180428,-0.16528,-0.139709,-0.105246,-0.063855
24/02/2015,24-Feb-15,-0.269119,-0.218373,-0.17947,-0.17478,-0.177521,-0.173447,-0.158202,-0.131924,-0.096393,-0.053782
25/02/2015,25-Feb-15,-0.240431,-0.213613,-0.191004,-0.188516,-0.190514,-0.18669,-0.17322,-0.149869,-0.117952,-0.079271
26/02/2015,26-Feb-15,-0.250842,-0.231838,-0.210076,-0.206767,-0.208171,-0.204484,-0.191896,-0.170036,-0.140058,-0.103618
27/02/2015,27-Feb-15,-0.268366,-0.246645,-0.214267,-0.201012,-0.195244,-0.186924,-0.171537,-0.148098,-0.117312,-0.080536
02/03/2015,02-Mar-15,-0.246464,-0.225042,-0.195749,-0.186023,-0.183293,-0.177308,-0.163595,-0.141271,-0.111147,-0.074674
03/03/2015,03-Mar-15,-0.261289,-0.229186,-0.194114,-0.181566,-0.176375,-0.167542,-0.150642,-0.125021,-0.091698,-0.052263
04/03/2015,04-Mar-15,-0.238303,-0.212223,-0.182927,-0.174466,-0.171576,-0.163728,-0.14698,-0.121039,-0.087163,-0.047092
05/03/2015,05-Mar-15,-0.247285,-0.211682,-0.182454,-0.177421,-0.178077,-0.173166,-0.158797,-0.134844,-0.102697,-0.064182
06/03/2015,06-Mar-15,-0.261055,-0.226101,-0.194653,-0.186128,-0.182409,-0.172784,-0.153818,-0.125678,-0.089915,-0.04842
09/03/2015,09-Mar-15,-0.241828,-0.215871,-0.194478,-0.191952,-0.193071,-0.188321,-0.174416,-0.151363,-0.120527,-0.083655
10/03/2015,10-Mar-15,-0.239409,-0.221198,-0.208059,-0.210801,-0.215014,-0.212519,-0.200896,-0.180559,-0.152997,-0.119939
11/03/2015,11-Mar-15,-0.256977,-0.230668,-0.209096,-0.206722,-0.208302,-0.204963,-0.193825,-0.174955,-0.149562,-0.119152
12/03/2015,12-Mar-15,-0.254894,-0.234406,-0.215618,-0.212277,-0.210971,-0.203932,-0.188864,-0.166157,-0.137199,-0.103594
13/03/2015,13-Mar-15,-0.26438,-0.247559,-0.221891,-0.210487,-0.202168,-0.189422,-0.169794,-0.143479,-0.111704,-0.07594
16/03/2015,16-Mar-15,-0.263353,-0.237618,-0.211405,-0.200905,-0.192681,-0.179329,-0.158898,-0.131952,-0.09991,-0.064311
17/03/2015,17-Mar-15,-0.23079,-0.207834,-0.186278,-0.178131,-0.171107,-0.158421,-0.138334,-0.111488,-0.07935,-0.043498
18/03/2015,18-Mar-15,-0.248804,-0.226305,-0.208281,-0.205113,-0.203178,-0.195258,-0.179495,-0.156502,-0.127743,-0.09481
19/03/2015,19-Mar-15,-0.271102,-0.253505,-0.225975,-0.212619,-0.203707,-0.191979,-0.174713,-0.151725,-0.123894,-0.092414
20/03/2015,20-Mar-15,-0.237981,-0.238273,-0.222308,-0.21432,-0.207935,-0.197533,-0.181022,-0.158457,-0.130822,-0.099372
23/03/2015,23-Mar-15,-0.25328,-0.235225,-0.209742,-0.197261,-0.1878,-0.174564,-0.155293,-0.130131,-0.100168,-0.066723
24/03/2015,24-Mar-15,-0.268358,-0.238064,-0.208955,-0.195649,-0.185158,-0.170254,-0.148953,-0.121716,-0.089845,-0.054778
25/03/2015,25-Mar-15,-0.268836,-0.241578,-0.21465,-0.201751,-0.190258,-0.173569,-0.150182,-0.120863,-0.08709,-0.050387
26/03/2015,26-Mar-15,-0.260574,-0.249507,-0.232306,-0.224148,-0.214693,-0.198441,-0.174454,-0.143841,-0.108323,-0.069599
27/03/2015,27-Mar-15,-0.269367,-0.259004,-0.236622,-0.223847,-0.211857,-0.194835,-0.17123,-0.141655,-0.107489,-0.070217
30/03/2015,30-Mar-15,-0.265904,-0.246054,-0.225215,-0.216627,-0.208313,-0.194044,-0.172511,-0.144596,-0.111856,-0.07588
31/03/2015,31-Mar-15,-0.264735,-0.248743,-0.231213,-0.22437,-0.216656,-0.20236,-0.180522,-0.152228,-0.119146,-0.082917
01/04/2015,01-Apr-15,-0.28706,-0.248645,-0.231701,-0.230963,-0.228592,-0.218076,-0.19882,-0.172321,-0.140534,-0.105281
02/04/2015,02-Apr-15,-0.287846,-0.25413,-0.232789,-0.22716,-0.221172,-0.208065,-0.186838,-0.158718,-0.125514,-0.088969
07/04/2015,07-Apr-15,-0.285491,-0.260119,-0.236089,-0.227646,-0.221066,-0.208907,-0.189242,-0.162686,-0.130717,-0.094934
08/04/2015,08-Apr-15,-0.303628,-0.291163,-0.267608,-0.256233,-0.246682,-0.232176,-0.210735,-0.182815,-0.14977,-0.113111
09/04/2015,09-Apr-15,-0.306026,-0.269753,-0.246602,-0.242961,-0.241198,-0.232974,-0.216345,-0.19207,-0.161775,-0.127176
10/04/2015,10-Apr-15,-0.31993,-0.277668,-0.248942,-0.241898,-0.238324,-0.229298,-0.212487,-0.188404,-0.158516,-0.124439
13/04/2015,13-Apr-15,-0.301939,-0.263027,-0.241132,-0.238791,-0.237785,-0.230034,-0.213842,-0.1901,-0.160477,-0.126695
14/04/2015,14-Apr-15,-0.310841,-0.273773,-0.245566,-0.2377,-0.233773,-0.225252,-0.209714,-0.187474,-0.159809,-0.128179
15/04/2015,15-Apr-15,-0.318983,-0.282658,-0.250067,-0.238972,-0.233858,-0.225863,-0.21207,-0.192363,-0.167691,-0.139276
16/04/2015,16-Apr-15,-0.338501,-0.295467,-0.257644,-0.242619,-0.234795,-0.22521,-0.210789,-0.191238,-0.167331,-0.140138
17/04/2015,17-Apr-15,-0.336986,-0.291479,-0.253409,-0.239194,-0.232683,-0.224685,-0.211982,-0.194183,-0.171989,-0.14642
20/04/2015,20-Apr-15,-0.30698,-0.281621,-0.245769,-0.22771,-0.217571,-0.207536,-0.194264,-0.176965,-0.155984,-0.132073
21/04/2015,21-Apr-15,-0.31636,-0.289373,-0.251912,-0.233015,-0.222089,-0.210919,-0.196068,-0.176792,-0.153533,-0.127143
22/04/2015,22-Apr-15,-0.313431,-0.283918,-0.243875,-0.222157,-0.208306,-0.194216,-0.176533,-0.154586,-0.128861,-0.100242
23/04/2015,23-Apr-15,-0.281094,-0.276641,-0.267496,-0.253373,-0.234517,-0.211471,-0.18492,-0.155593,-0.124201,-0.091396
24/04/2015,24-Apr-15,-0.273216,-0.269415,-0.261183,-0.24806,-0.230179,-0.208016,-0.18222,-0.153505,-0.12258,-0.090106
27/04/2015,27-Apr-15,-0.286015,-0.274917,-0.262085,-0.246189,-0.226744,-0.203789,-0.177671,-0.148897,-0.118038,-0.085663
28/04/2015,28-Apr-15,-0.294633,-0.284592,-0.272988,-0.258318,-0.239989,-0.21798,-0.192609,-0.164378,-0.133862,-0.101648
29/04/2015,29-Apr-15,-0.287823,-0.271829,-0.252653,-0.229779,-0.203223,-0.173324,-0.140594,-0.105617,-0.068988,-0.031271
30/04/2015,30-Apr-15,-0.275841,-0.258792,-0.235436,-0.206605,-0.173231,-0.136258,-0.096588,-0.055038,-0.012333,0.030906
04/05/2015,04-May-15,-0.291262,-0.266267,-0.2356,-0.200063,-0.160548,-0.11795,-0.073117,-0.026822,0.020257,0.067538
05/05/2015,05-May-15,-0.299333,-0.275643,-0.24199,-0.200934,-0.154591,-0.104694,-0.052642,0.000445,0.053685,0.106396
06/05/2015,06-May-15,-0.293356,-0.271804,-0.242377,-0.20493,-0.160318,-0.109867,-0.055054,0.002687,0.06206,0.12196
07/05/2015,07-May-15,-0.293074,-0.271318,-0.242237,-0.204571,-0.158832,-0.106397,-0.048959,0.011783,0.074289,0.137255
08/05/2015,08-May-15,-0.281443,-0.26563,-0.243116,-0.211941,-0.172207,-0.125077,-0.072162,-0.015156,0.044357,0.105
11/05/2015,11-May-15,-0.275593,-0.260871,-0.23867,-0.207273,-0.166911,-0.118817,-0.064648,-0.006134,0.055106,0.11766
12/05/2015,12-May-15,-0.273363,-0.254246,-0.228694,-0.19327,-0.147631,-0.093022,-0.031368,0.035246,0.104862,0.17578
13/05/2015,13-May-15,-0.263654,-0.246343,-0.223447,-0.191457,-0.14979,-0.099417,-0.042021,0.020506,0.086336,0.153853
14/05/2015,14-May-15,-0.265205,-0.244603,-0.219162,-0.18503,-0.141367,-0.088968,-0.029407,0.035479,0.103881,0.174172
15/05/2015,15-May-15,-0.253154,-0.237638,-0.219579,-0.192456,-0.154466,-0.106292,-0.049767,0.012898,0.079535,0.148224
18/05/2015,18-May-15,-0.261734,-0.243889,-0.222295,-0.19207,-0.151954,-0.102642,-0.045754,0.016771,0.083016,0.151262
19/05/2015,19-May-15,-0.255474,-0.24602,-0.229806,-0.202976,-0.165029,-0.117195,-0.06146,0.000001,0.065129,0.13213
20/05/2015,20-May-15,-0.264417,-0.254276,-0.237563,-0.210339,-0.172068,-0.123972,-0.068037,-0.006438,0.058765,0.125781
21/05/2015,21-May-15,-0.269816,-0.259799,-0.244349,-0.218242,-0.180405,-0.131917,-0.074823,-0.01144,0.056008,0.125574
22/05/2015,22-May-15,-0.266622,-0.254506,-0.238509,-0.212943,-0.176358,-0.129547,-0.074342,-0.012914,0.052615,0.12036
25/05/2015,25-May-15,-0.268047,-0.255181,-0.238508,-0.212434,-0.175526,-0.128555,-0.073317,-0.011947,0.053463,0.121055
26/05/2015,26-May-15,-0.264391,-0.257193,-0.243944,-0.220332,-0.185546,-0.140622,-0.087434,-0.028108,0.035306,0.100994
27/05/2015,27-May-15,-0.242811,-0.238559,-0.232333,-0.216486,-0.18866,-0.149319,-0.100273,-0.043814,0.017757,0.08237
28/05/2015,28-May-15,-0.268472,-0.260867,-0.248663,-0.227273,-0.195551,-0.154214,-0.104869,-0.049433,0.010194,0.0723
29/05/2015,29-May-15,-0.242763,-0.245578,-0.241737,-0.226803,-0.19992,-0.162126,-0.115332,-0.061715,-0.003385,0.057783
01/06/2015,01-Jun-15,-0.259417,-0.252854,-0.244692,-0.2282,-0.201208,-0.164023,-0.118166,-0.065617,-0.008395,0.051661
02/06/2015,02-Jun-15,-0.260498,-0.245186,-0.227432,-0.200037,-0.161064,-0.111307,-0.052788,0.012089,0.080992,0.151883
03/06/2015,03-Jun-15,-0.229007,-0.222506,-0.206527,-0.175593,-0.129313,-0.069754,0.000062,0.076984,0.158142,0.241121
04/06/2015,04-Jun-15,-0.261015,-0.250112,-0.231359,-0.198005,-0.149226,-0.087045,-0.014588,0.06486,0.148318,0.233298
05/06/2015,05-Jun-15,-0.259196,-0.242546,-0.220956,-0.186026,-0.136125,-0.072915,0.000609,0.081185,0.165809,0.251957
08/06/2015,08-Jun-15,-0.24531,-0.23498,-0.216064,-0.181888,-0.131744,-0.067781,0.006762,0.088501,0.17437,0.261814
09/06/2015,09-Jun-15,-0.242803,-0.224499,-0.201138,-0.163301,-0.109212,-0.040762,0.038715,0.125627,0.216697,0.309195
10/06/2015,10-Jun-15,-0.232178,-0.225621,-0.211336,-0.179183,-0.127693,-0.059417,0.021609,0.111184,0.205551,0.301634
11/06/2015,11-Jun-15,-0.252011,-0.239865,-0.220874,-0.186623,-0.13572,-0.070162,0.006724,0.091374,0.180535,0.271484
12/06/2015,12-Jun-15,-0.244971,-0.238458,-0.22575,-0.19686,-0.150011,-0.087324,-0.012422,0.070828,0.158918,0.248938
15/06/2015,15-Jun-15,-0.250443,-0.23935,-0.22232,-0.190341,-0.141912,-0.079087,-0.005276,0.075909,0.161209,0.247932
16/06/2015,16-Jun-15,-0.239805,-0.236227,-0.224804,-0.196385,-0.149727,-0.087263,-0.012785,0.069767,0.156874,0.245651
17/06/2015,17-Jun-15,-0.228897,-0.227584,-0.21922,-0.194021,-0.150347,-0.090418,-0.017928,0.063197,0.149406,0.237755
18/06/2015,18-Jun-15,-0.255962,-0.250478,-0.236519,-0.206556,-0.159648,-0.097991,-0.024988,0.055792,0.141115,0.228291
19/06/2015,19-Jun-15,-0.245309,-0.242277,-0.232096,-0.206236,-0.163273,-0.105203,-0.035372,0.042638,0.125551,0.210625
22/06/2015,22-Jun-15,-0.233544,-0.232477,-0.22207,-0.193521,-0.145769,-0.081374,-0.004241,0.081576,0.172442,0.265355
23/06/2015,23-Jun-15,-0.241624,-0.23992,-0.230009,-0.202382,-0.15556,-0.091879,-0.01514,0.070633,0.161787,0.255284
24/06/2015,24-Jun-15,-0.246545,-0.244859,-0.234981,-0.208748,-0.16483,-0.105234,-0.033305,0.047351,0.133411,0.222064
25/06/2015,25-Jun-15,-0.240155,-0.240944,-0.234571,-0.210862,-0.167896,-0.107735,-0.034034,0.049239,0.138433,0.230475
26/06/2015,26-Jun-15,-0.246257,-0.246092,-0.237095,-0.209539,-0.161908,-0.096598,-0.01752,0.071171,0.165694,0.262885
29/06/2015,29-Jun-15,-0.254139,-0.25072,-0.240784,-0.215043,-0.171571,-0.112088,-0.039832,0.041599,0.128838,0.219007
30/06/2015,30-Jun-15,-0.260679,-0.258849,-0.251256,-0.228291,-0.187751,-0.131148,-0.061578,0.017444,0.102592,0.190996
01/07/2015,01-Jul-15,-0.253747,-0.256514,-0.253651,-0.233466,-0.193293,-0.134894,-0.061869,0.021738,0.112142,0.206114
02/07/2015,02-Jul-15,-0.261765,-0.270539,-0.27285,-0.255417,-0.215467,-0.155234,-0.078935,0.008821,0.103794,0.202425
03/07/2015,03-Jul-15,-0.257572,-0.271,-0.279048,-0.26692,-0.231402,-0.17475,-0.101359,-0.016043,0.076787,0.173445
06/07/2015,06-Jul-15,-0.282909,-0.284066,-0.283477,-0.266849,-0.230357,-0.17533,-0.105269,-0.024258,0.063834,0.155693
07/07/2015,07-Jul-15,-0.259006,-0.270342,-0.277646,-0.268312,-0.239196,-0.19181,-0.129617,-0.05658,0.023566,0.107627
08/07/2015,08-Jul-15,-0.278319,-0.281412,-0.281759,-0.266678,-0.232959,-0.182036,-0.117273,-0.042523,0.038597,0.12301
09/07/2015,09-Jul-15,-0.254085,-0.265307,-0.273319,-0.263672,-0.232842,-0.182562,-0.116697,-0.039604,0.044667,0.132702
10/07/2015,10-Jul-15,-0.282118,-0.286247,-0.266095,-0.226504,-0.171598,-0.104879,-0.029313,0.052604,0.138779,0.227468
13/07/2015,13-Jul-15,-0.277993,-0.283043,-0.264162,-0.226033,-0.172658,-0.107446,-0.03329,0.047362,0.132455,0.220268
14/07/2015,14-Jul-15,-0.279176,-0.286857,-0.27057,-0.234962,-0.184012,-0.121112,-0.049143,0.029457,0.112636,0.198674
15/07/2015,15-Jul-15,-0.272967,-0.288702,-0.280046,-0.251639,-0.207456,-0.150894,-0.084839,-0.011742,0.066331,0.147646
16/07/2015,16-Jul-15,-0.279076,-0.284214,-0.267351,-0.232692,-0.183843,-0.123888,-0.055458,0.019215,0.098245,0.180046
17/07/2015,17-Jul-15,-0.285243,-0.290028,-0.27457,-0.242682,-0.197642,-0.14226,-0.078941,-0.009728,0.063643,0.139712
20/07/2015,20-Jul-15,-0.267478,-0.276962,-0.265924,-0.238169,-0.196975,-0.145157,-0.085125,-0.018931,0.051681,0.125235
21/07/2015,21-Jul-15,-0.271314,-0.278527,-0.265351,-0.235586,-0.192505,-0.138917,-0.077225,-0.009477,0.062588,0.137501
22/07/2015,22-Jul-15,-0.270007,-0.278697,-0.267037,-0.238804,-0.197251,-0.145171,-0.084955,-0.01864,0.052041,0.125625
23/07/2015,23-Jul-15,-0.260225,-0.273431,-0.265283,-0.239741,-0.200213,-0.149622,-0.090468,-0.024881,0.045332,0.118643
24/07/2015,24-Jul-15,-0.264821,-0.27895,-0.272443,-0.249086,-0.212138,-0.164401,-0.108276,-0.045811,0.021254,0.091444
27/07/2015,27-Jul-15,-0.262816,-0.275956,-0.269306,-0.246463,-0.210529,-0.164175,-0.109693,-0.049042,0.016108,0.084343
28/07/2015,28-Jul-15,-0.275917,-0.284939,-0.274395,-0.247886,-0.208514,-0.158951,-0.101482,-0.038063,0.029645,0.100235
29/07/2015,29-Jul-15,-0.271507,-0.284086,-0.276165,-0.251505,-0.213353,-0.164496,-0.107322,-0.043872,0.024122,0.095192
30/07/2015,30-Jul-15,-0.273659,-0.289,-0.28402,-0.26239,-0.227282,-0.181423,-0.127159,-0.066493,-0.001133,0.06747
31/07/2015,31-Jul-15,-0.281642,-0.290629,-0.280935,-0.255975,-0.218698,-0.171642,-0.116984,-0.056587,0.007965,0.075328
03/08/2015,03-Aug-15,-0.269826,-0.284081,-0.279074,-0.258279,-0.224698,-0.180917,-0.129156,-0.071316,-0.009018,0.056363
04/08/2015,04-Aug-15,-0.26861,-0.284263,-0.279941,-0.259244,-0.225284,-0.180738,-0.127907,-0.068761,-0.004975,0.062024
05/08/2015,05-Aug-15,-0.267922,-0.281442,-0.273641,-0.248428,-0.209171,-0.158767,-0.099697,-0.034081,0.03628,0.109861
06/08/2015,06-Aug-15,-0.267717,-0.283667,-0.278239,-0.255321,-0.218269,-0.169968,-0.112892,-0.049157,0.019438,0.091369
07/08/2015,07-Aug-15,-0.284636,-0.300096,-0.295081,-0.273256,-0.237791,-0.191416,-0.136484,-0.075006,-0.008703,0.060964
10/08/2015,10-Aug-15,-0.281727,-0.298127,-0.293567,-0.271828,-0.236175,-0.18942,-0.133977,-0.071914,-0.004991,0.065296
11/08/2015,11-Aug-15,-0.273734,-0.293838,-0.293035,-0.275064,-0.243154,-0.200088,-0.148257,-0.089706,-0.026182,0.040835
12/08/2015,12-Aug-15,-0.279592,-0.299461,-0.298632,-0.2808,-0.24916,-0.206464,-0.155078,-0.097029,-0.034046,0.032399
13/08/2015,13-Aug-15,-0.277571,-0.295861,-0.293428,-0.273993,-0.240772,-0.196534,-0.143659,-0.084183,-0.019843,0.047885
14/08/2015,14-Aug-15,-0.273787,-0.292429,-0.289967,-0.27022,-0.236484,-0.191595,-0.137986,-0.077736,-0.012618,0.055869
17/08/2015,17-Aug-15,-0.277423,-0.291928,-0.286933,-0.265944,-0.231994,-0.187696,-0.135298,-0.076723,-0.013614,0.052635
18/08/2015,18-Aug-15,-0.265678,-0.279151,-0.273337,-0.251688,-0.217193,-0.172429,-0.119614,-0.060651,0.002834,0.069461
19/08/2015,19-Aug-15,-0.260331,-0.275252,-0.270363,-0.249205,-0.214846,-0.16993,-0.116733,-0.057206,0.006985,0.074422
20/08/2015,20-Aug-15,-0.26807,-0.284626,-0.282204,-0.264143,-0.233338,-0.192291,-0.143161,-0.087801,-0.027799,0.03549
21/08/2015,21-Aug-15,-0.264046,-0.280048,-0.276881,-0.257961,-0.226243,-0.184281,-0.13427,-0.078093,-0.017361,0.046558
24/08/2015,24-Aug-15,-0.255683,-0.275292,-0.275479,-0.259714,-0.230999,-0.191918,-0.144697,-0.09124,-0.033171,0.028127
25/08/2015,25-Aug-15,-0.268551,-0.275647,-0.263079,-0.234507,-0.193083,-0.141517,-0.082129,-0.016899,0.052488,0.124612
26/08/2015,26-Aug-15,-0.255574,-0.265171,-0.254907,-0.228432,-0.188896,-0.139007,-0.08109,-0.017133,0.051174,0.122397
27/08/2015,27-Aug-15,-0.261293,-0.269274,-0.257479,-0.229535,-0.188574,-0.137291,-0.078002,-0.012688,0.056965,0.129527
28/08/2015,28-Aug-15,-0.26412,-0.270264,-0.257797,-0.23012,-0.190173,-0.14049,-0.083248,-0.020313,0.046726,0.116517
31/08/2015,31-Aug-15,-0.262957,-0.26515,-0.249351,-0.218853,-0.176503,-0.124758,-0.065732,-0.001234,0.067188,0.138223
01/09/2015,01-Sept-15,-0.278224,-0.271593,-0.247374,-0.208892,-0.15902,-0.100227,-0.034631,0.035959,0.110005,0.186205
02/09/2015,02-Sept-15,-0.279527,-0.27589,-0.253627,-0.216279,-0.1669,-0.108109,-0.04215,0.029065,0.103913,0.181024
03/09/2015,03-Sept-15,-0.273377,-0.283637,-0.273051,-0.245445,-0.204124,-0.15193,-0.091302,-0.024322,0.047234,0.121863
04/09/2015,04-Sept-15,-0.281734,-0.288641,-0.276722,-0.249396,-0.209618,-0.15994,-0.102555,-0.039345,0.028086,0.098373
07/09/2015,07-Sept-15,-0.263562,-0.276097,-0.269199,-0.246318,-0.210446,-0.164167,-0.109711,-0.048993,0.016348,0.084914
08/09/2015,08-Sept-15,-0.262082,-0.271956,-0.263003,-0.238556,-0.20151,-0.154369,-0.099296,-0.038148,0.027482,0.096235
09/09/2015,09-Sept-15,-0.257339,-0.272225,-0.266268,-0.243183,-0.206188,-0.158061,-0.101196,-0.037647,0.03083,0.102741
10/09/2015,10-Sept-15,-0.264838,-0.276942,-0.269435,-0.245787,-0.20901,-0.161706,-0.106123,-0.044192,0.022431,0.092334
11/09/2015,11-Sept-15,-0.26182,-0.276514,-0.271621,-0.250547,-0.216252,-0.171303,-0.117918,-0.05801,0.006779,0.075044
14/09/2015,14-Sept-15,-0.255461,-0.273042,-0.270816,-0.252201,-0.220171,-0.177303,-0.125828,-0.06767,-0.004483,0.06232
15/09/2015,15-Sept-15,-0.270525,-0.280303,-0.270408,-0.244334,-0.205112,-0.155364,-0.097352,-0.03302,0.035964,0.10818
16/09/2015,16-Sept-15,-0.270128,-0.278347,-0.2664,-0.237926,-0.196075,-0.143567,-0.082744,-0.015613,0.056108,0.13096
17/09/2015,17-Sept-15,-0.262689,-0.266476,-0.25109,-0.220019,-0.176281,-0.122484,-0.060869,0.006638,0.078394,0.153003
18/09/2015,18-Sept-15,-0.280092,-0.287944,-0.277757,-0.252729,-0.215637,-0.168884,-0.114545,-0.054407,0.010001,0.077371
21/09/2015,21-Sept-15,-0.272738,-0.280617,-0.269944,-0.24402,-0.205705,-0.157479,-0.101479,-0.039543,0.026753,0.096065
22/09/2015,22-Sept-15,-0.27911,-0.295029,-0.291499,-0.2719,-0.239166,-0.195843,-0.144131,-0.085926,-0.022856,0.043686
23/09/2015,23-Sept-15,-0.28025,-0.291731,-0.285053,-0.26338,-0.229465,-0.185694,-0.134132,-0.076557,-0.014499,0.050735
24/09/2015,24-Sept-15,-0.266188,-0.280463,-0.276441,-0.25732,-0.225877,-0.184518,-0.135324,-0.080084,-0.020335,0.042609
25/09/2015,25-Sept-15,-0.280765,-0.288351,-0.277822,-0.252385,-0.214825,-0.167557,-0.112663,-0.051936,0.013084,0.081085
28/09/2015,28-Sept-15,-0.290818,-0.297619,-0.287197,-0.262563,-0.226339,-0.1808,-0.127916,-0.069385,-0.006668,0.058984
29/09/2015,29-Sept-15,-0.320977,-0.318722,-0.3014,-0.271646,-0.231761,-0.183746,-0.129336,-0.070035,-0.007135,0.05825
30/09/2015,30-Sept-15,-0.315036,-0.270506,-0.251591,-0.236904,-0.215814,-0.184073,-0.14103,-0.087901,-0.026727,0.040239
01/10/2015,01-Oct-15,-0.306829,-0.284793,-0.276429,-0.266356,-0.247269,-0.21665,-0.174663,-0.122834,-0.063255,0.001884
02/10/2015,02-Oct-15,-0.299576,-0.29141,-0.286802,-0.276816,-0.257391,-0.227407,-0.187423,-0.138855,-0.083474,-0.023096
05/10/2015,05-Oct-15,-0.29078,-0.280206,-0.274223,-0.262738,-0.241222,-0.208468,-0.165128,-0.112792,-0.053414,0.011025
06/10/2015,06-Oct-15,-0.272958,-0.26543,-0.259697,-0.246618,-0.222342,-0.186136,-0.138984,-0.0827,-0.019389,0.048871
07/10/2015,07-Oct-15,-0.289093,-0.275152,-0.26492,-0.248816,-0.222636,-0.185365,-0.137765,-0.08148,-0.018481,0.049251
08/10/2015,08-Oct-15,-0.295644,-0.283413,-0.273728,-0.257908,-0.232176,-0.195678,-0.149192,-0.094305,-0.032908,0.033102
09/10/2015,09-Oct-15,-0.295016,-0.282489,-0.271504,-0.253815,-0.22593,-0.187175,-0.138441,-0.081382,-0.017928,0.050008
12/10/2015,12-Oct-15,-0.297026,-0.285224,-0.276029,-0.26074,-0.235545,-0.199558,-0.153529,-0.099029,-0.037937,0.027853
13/10/2015,13-Oct-15,-0.291234,-0.280369,-0.272247,-0.257851,-0.233233,-0.197466,-0.15132,-0.096411,-0.034675,0.031939
14/10/2015,14-Oct-15,-0.28143,-0.27473,-0.271576,-0.262257,-0.24243,-0.210973,-0.16858,-0.11686,-0.057785,0.006641
15/10/2015,15-Oct-15,-0.308771,-0.295262,-0.286092,-0.271922,-0.248468,-0.214502,-0.17054,-0.117997,-0.058662,0.005622
16/10/2015,16-Oct-15,-0.316785,-0.299142,-0.286696,-0.270041,-0.244788,-0.209593,-0.164862,-0.11191,-0.05244,0.011777
19/10/2015,19-Oct-15,-0.294017,-0.28762,-0.282522,-0.270307,-0.247378,-0.21301,-0.168084,-0.114272,-0.053536,0.012161
20/10/2015,20-Oct-15,-0.283745,-0.271443,-0.260714,-0.243097,-0.215031,-0.175846,-0.126475,-0.068626,-0.004283,0.064593
21/10/2015,21-Oct-15,-0.302323,-0.286188,-0.273903,-0.256546,-0.23007,-0.193367,-0.147003,-0.092398,-0.031324,0.034409
22/10/2015,22-Oct-15,-0.338577,-0.345102,-0.34721,-0.339283,-0.319275,-0.287268,-0.244508,-0.192796,-0.134105,-0.070351
23/10/2015,23-Oct-15,-0.326989,-0.325847,-0.326515,-0.319592,-0.301046,-0.270034,-0.227482,-0.175191,-0.115282,-0.049871
26/10/2015,26-Oct-15,-0.341307,-0.338304,-0.336451,-0.327152,-0.306742,-0.274499,-0.231332,-0.178962,-0.119402,-0.054661
27/10/2015,27-Oct-15,-0.357405,-0.351439,-0.348398,-0.339378,-0.320366,-0.290308,-0.249829,-0.200418,-0.14391,-0.082186
28/10/2015,28-Oct-15,-0.348592,-0.344862,-0.344267,-0.337057,-0.318939,-0.288874,-0.247642,-0.19693,-0.138773,-0.07522
29/10/2015,29-Oct-15,-0.342177,-0.337877,-0.335512,-0.325569,-0.304083,-0.270342,-0.225399,-0.171151,-0.109773,-0.043403
30/10/2015,30-Oct-15,-0.337137,-0.329809,-0.325148,-0.313431,-0.290542,-0.255658,-0.209755,-0.154674,-0.092555,-0.025507
02/11/2015,02-Nov-15,-0.326423,-0.319086,-0.313897,-0.301108,-0.276674,-0.23988,-0.191818,-0.134434,-0.069956,-0.000564
03/11/2015,03-Nov-15,-0.333236,-0.326178,-0.321506,-0.309291,-0.285362,-0.248924,-0.201024,-0.143593,-0.078862,-0.009026
04/11/2015,04-Nov-15,-0.342081,-0.335509,-0.332064,-0.321248,-0.298552,-0.262998,-0.215554,-0.15814,-0.093013,-0.022417
05/11/2015,05-Nov-15,-0.33566,-0.330286,-0.326644,-0.314832,-0.290697,-0.253469,-0.204238,-0.144989,-0.078017,-0.005591
06/11/2015,06-Nov-15,-0.342847,-0.326376,-0.312786,-0.292301,-0.260722,-0.217153,-0.162529,-0.098681,-0.027763,0.048082
09/11/2015,09-Nov-15,-0.340272,-0.330455,-0.324174,-0.31023,-0.283728,-0.243526,-0.190575,-0.126861,-0.054764,0.023332
10/11/2015,10-Nov-15,-0.33421,-0.338375,-0.343233,-0.33789,-0.31784,-0.282334,-0.232683,-0.17119,-0.100495,-0.023198
11/11/2015,11-Nov-15,-0.3425,-0.34667,-0.350617,-0.344207,-0.323317,-0.287357,-0.237672,-0.17653,-0.106507,-0.030129
12/11/2015,12-Nov-15,-0.336622,-0.345371,-0.351868,-0.346544,-0.325789,-0.289433,-0.239142,-0.17741,-0.106964,-0.030415
13/11/2015,13-Nov-15,-0.373657,-0.369608,-0.368184,-0.359051,-0.337686,-0.303036,-0.256001,-0.198451,-0.132631,-0.060802
16/11/2015,16-Nov-15,-0.362489,-0.362863,-0.365641,-0.360335,-0.34235,-0.310618,-0.266048,-0.210545,-0.146395,-0.075905
17/11/2015,17-Nov-15,-0.36631,-0.368832,-0.372221,-0.366634,-0.347891,-0.31519,-0.269603,-0.213131,-0.14811,-0.076871
18/11/2015,18-Nov-15,-0.359177,-0.362952,-0.368427,-0.365206,-0.348804,-0.318256,-0.274567,-0.219722,-0.15607,-0.085968
19/11/2015,19-Nov-15,-0.349337,-0.356231,-0.364614,-0.364084,-0.350211,-0.322107,-0.280846,-0.228459,-0.167328,-0.099819
20/11/2015,20-Nov-15,-0.37191,-0.375007,-0.380552,-0.377802,-0.362173,-0.332707,-0.290448,-0.237413,-0.175963,-0.108445
23/11/2015,23-Nov-15,-0.374779,-0.3789,-0.384556,-0.380325,-0.361646,-0.327901,-0.280567,-0.22207,-0.155116,-0.082308
24/11/2015,24-Nov-15,-0.365592,-0.367619,-0.372576,-0.369285,-0.352929,-0.322453,-0.278881,-0.224252,-0.160973,-0.091445
25/11/2015,25-Nov-15,-0.400501,-0.403151,-0.407517,-0.403475,-0.386671,-0.356188,-0.313022,-0.259113,-0.196755,-0.128237
26/11/2015,26-Nov-15,-0.403482,-0.403354,-0.406679,-0.402421,-0.3857,-0.355311,-0.312113,-0.257995,-0.195246,-0.126179
27/11/2015,27-Nov-15,-0.398769,-0.402203,-0.409155,-0.408428,-0.395031,-0.367685,-0.327209,-0.275479,-0.214788,-0.147466
30/11/2015,30-Nov-15,-0.40263,-0.403232,-0.406864,-0.402938,-0.386723,-0.357015,-0.314605,-0.261298,-0.199308,-0.130889
01/12/2015,01-Dec-15,-0.42637,-0.42298,-0.422529,-0.415153,-0.396335,-0.36482,-0.321236,-0.267194,-0.204727,-0.135935
02/12/2015,02-Dec-15,-0.415805,-0.417867,-0.424589,-0.423895,-0.410289,-0.382245,-0.340487,-0.286894,-0.223816,-0.153668
03/12/2015,03-Dec-15,-0.337593,-0.324892,-0.320104,-0.310749,-0.290861,-0.258447,-0.213808,-0.158462,-0.094463,-0.023985
04/12/2015,04-Dec-15,-0.328261,-0.314571,-0.30577,-0.289897,-0.261824,-0.220419,-0.16672,-0.10281,-0.03113,0.045912
07/12/2015,07-Dec-15,-0.328414,-0.316162,-0.311408,-0.301399,-0.280264,-0.246252,-0.199929,-0.14304,-0.07781,-0.006524
08/12/2015,08-Dec-15,-0.343199,-0.329388,-0.322648,-0.310765,-0.288159,-0.253204,-0.206497,-0.149754,-0.085135,-0.014853
09/12/2015,09-Dec-15,-0.351287,-0.337676,-0.332944,-0.323168,-0.301996,-0.267554,-0.220466,-0.162598,-0.096304,-0.023984
10/12/2015,10-Dec-15,-0.352933,-0.344165,-0.342899,-0.33552,-0.315906,-0.282363,-0.235653,-0.177757,-0.111121,-0.038219
11/12/2015,11-Dec-15,-0.365971,-0.356973,-0.356829,-0.351533,-0.334612,-0.304086,-0.260497,-0.205667,-0.141934,-0.071708
14/12/2015,14-Dec-15,-0.359547,-0.347371,-0.345011,-0.337442,-0.317863,-0.284301,-0.23745,-0.179318,-0.112412,-0.039269
15/12/2015,15-Dec-15,-0.364884,-0.352012,-0.346349,-0.333187,-0.306387,-0.264687,-0.209403,-0.143027,-0.068406,0.011709
16/12/2015,16-Dec-15,-0.376843,-0.359697,-0.351167,-0.335828,-0.307182,-0.26381,-0.206975,-0.13916,-0.063221,0.018079
17/12/2015,17-Dec-15,-0.401151,-0.378311,-0.365056,-0.346694,-0.31681,-0.27376,-0.218465,-0.153057,-0.08008,-0.002042
18/12/2015,18-Dec-15,-0.395754,-0.380793,-0.373374,-0.359767,-0.334078,-0.294926,-0.24335,-0.181523,-0.111992,-0.037252
21/12/2015,21-Dec-15,-0.396644,-0.383082,-0.376757,-0.364031,-0.339053,-0.300466,-0.24932,-0.1878,-0.118462,-0.043811
22/12/2015,22-Dec-15,-0.397171,-0.377962,-0.365651,-0.347481,-0.317943,-0.275729,-0.221801,-0.158197,-0.087322,-0.01154
23/12/2015,23-Dec-15,-0.406118,-0.382248,-0.363796,-0.339548,-0.304649,-0.257961,-0.200385,-0.133803,-0.06044,0.017497
28/12/2015,28-Dec-15,-0.401552,-0.379299,-0.362388,-0.339524,-0.305848,-0.260259,-0.203701,-0.138092,-0.065689,0.011282
29/12/2015,29-Dec-15,-0.417826,-0.387029,-0.362348,-0.333093,-0.294489,-0.245264,-0.186097,-0.118635,-0.04489,0.03311
30/12/2015,30-Dec-15,-0.427565,-0.396811,-0.373635,-0.346279,-0.309383,-0.261397,-0.202903,-0.135553,-0.061418,0.017391
04/01/2016,04-Jan-16,-0.441621,-0.410613,-0.389917,-0.366505,-0.334214,-0.290997,-0.237145,-0.174151,-0.104009,-0.028807
05/01/2016,05-Jan-16,-0.442777,-0.414486,-0.396467,-0.375382,-0.344934,-0.303054,-0.250063,-0.187512,-0.117469,-0.042088
06/01/2016,06-Jan-16,-0.452734,-0.424328,-0.406629,-0.386432,-0.357387,-0.31729,-0.266313,-0.205869,-0.137915,-0.064523
07/01/2016,07-Jan-16,-0.449985,-0.425467,-0.407423,-0.38462,-0.351919,-0.307835,-0.252944,-0.188871,-0.11766,-0.041406
08/01/2016,08-Jan-16,-0.461937,-0.43544,-0.416361,-0.393292,-0.36092,-0.317598,-0.263764,-0.200932,-0.131059,-0.056175
11/01/2016,11-Jan-16,-0.452719,-0.428018,-0.409052,-0.384841,-0.350494,-0.304736,-0.248299,-0.182912,-0.110681,-0.033726
12/01/2016,12-Jan-16,-0.457026,-0.427354,-0.404125,-0.375955,-0.337863,-0.288614,-0.229027,-0.160908,-0.086419,-0.007701
13/01/2016,13-Jan-16,-0.440794,-0.42111,-0.405532,-0.383545,-0.35068,-0.306002,-0.2505,-0.186077,-0.114948,-0.039292
14/01/2016,14-Jan-16,-0.434149,-0.421408,-0.410846,-0.392778,-0.363183,-0.321352,-0.268376,-0.206205,-0.137069,-0.063155
15/01/2016,15-Jan-16,-0.431112,-0.419042,-0.410611,-0.395331,-0.368676,-0.329638,-0.279149,-0.219085,-0.151659,-0.079074
18/01/2016,18-Jan-16,-0.430872,-0.415988,-0.405987,-0.390101,-0.36352,-0.32498,-0.275209,-0.215926,-0.149239,-0.077281
19/01/2016,19-Jan-16,-0.415467,-0.398912,-0.392401,-0.381713,-0.360206,-0.325766,-0.278825,-0.221116,-0.154905,-0.082538
20/01/2016,20-Jan-16,-0.418354,-0.411889,-0.409465,-0.400046,-0.378824,-0.344666,-0.298472,-0.242141,-0.177936,-0.10812
21/01/2016,21-Jan-16,-0.442418,-0.442598,-0.445533,-0.440355,-0.422426,-0.390774,-0.346447,-0.291468,-0.228209,-0.159021
22/01/2016,22-Jan-16,-0.43043,-0.432537,-0.4375,-0.433573,-0.415795,-0.383174,-0.33689,-0.279162,-0.21257,-0.139655
25/01/2016,25-Jan-16,-0.431078,-0.431902,-0.435632,-0.43097,-0.413095,-0.380997,-0.335759,-0.279479,-0.214613,-0.143597
26/01/2016,26-Jan-16,-0.431732,-0.435537,-0.44253,-0.440903,-0.425636,-0.395681,-0.352168,-0.297269,-0.233524,-0.163439
27/01/2016,27-Jan-16,-0.421468,-0.423305,-0.429669,-0.428154,-0.413372,-0.384061,-0.341223,-0.286968,-0.223803,-0.154225
28/01/2016,28-Jan-16,-0.426254,-0.428203,-0.435498,-0.435816,-0.423649,-0.397538,-0.358275,-0.307782,-0.248411,-0.182542
29/01/2016,29-Jan-16,-0.445753,-0.450797,-0.461866,-0.466102,-0.457703,-0.435058,-0.398905,-0.351155,-0.294182,-0.2304
01/02/2016,01-Feb-16,-0.439578,-0.439866,-0.449259,-0.453757,-0.446768,-0.426149,-0.392282,-0.346854,-0.292101,-0.230361
02/02/2016,02-Feb-16,-0.437874,-0.44413,-0.456332,-0.462137,-0.455873,-0.435869,-0.402722,-0.358188,-0.304495,-0.24394
03/02/2016,03-Feb-16,-0.444326,-0.452116,-0.463967,-0.468536,-0.460734,-0.439213,-0.404729,-0.3591,-0.304564,-0.243399
04/02/2016,04-Feb-16,-0.44977,-0.458484,-0.469004,-0.471347,-0.461201,-0.43763,-0.401574,-0.354901,-0.299827,-0.238568
05/02/2016,05-Feb-16,-0.449888,-0.459241,-0.469898,-0.471947,-0.461185,-0.436785,-0.399785,-0.352133,-0.296101,-0.233946
08/02/2016,08-Feb-16,-0.464567,-0.477497,-0.490193,-0.493682,-0.484291,-0.461466,-0.426357,-0.380931,-0.327426,-0.268044
09/02/2016,09-Feb-16,-0.475037,-0.485457,-0.493874,-0.492617,-0.478737,-0.452035,-0.413799,-0.366004,-0.310829,-0.250383
10/02/2016,10-Feb-16,-0.46839,-0.480706,-0.491799,-0.49346,-0.48238,-0.458139,-0.421903,-0.375598,-0.321402,-0.261454
11/02/2016,11-Feb-16,-0.494951,-0.502297,-0.509491,-0.508533,-0.496095,-0.471626,-0.436108,-0.391271,-0.339112,-0.281607
12/02/2016,12-Feb-16,-0.47287,-0.485421,-0.496458,-0.497867,-0.486477,-0.462,-0.425703,-0.379578,-0.32584,-0.266634
15/02/2016,15-Feb-16,-0.464551,-0.477785,-0.48977,-0.491985,-0.481059,-0.45663,-0.419967,-0.373103,-0.318312,-0.257807
16/02/2016,16-Feb-16,-0.457238,-0.470233,-0.482481,-0.485093,-0.474469,-0.450122,-0.413264,-0.365917,-0.310371,-0.24887
17/02/2016,17-Feb-16,-0.460498,-0.472371,-0.483612,-0.485541,-0.474611,-0.450304,-0.413767,-0.366946,-0.312062,-0.251297
18/02/2016,18-Feb-16,-0.468404,-0.479227,-0.489849,-0.492124,-0.482578,-0.460543,-0.426927,-0.383431,-0.332051,-0.274794
19/02/2016,19-Feb-16,-0.479143,-0.490351,-0.500986,-0.503398,-0.494324,-0.473141,-0.440724,-0.398698,-0.348976,-0.293485
22/02/2016,22-Feb-16,-0.475204,-0.488115,-0.500592,-0.504719,-0.49711,-0.477106,-0.445587,-0.404212,-0.354934,-0.299721
23/02/2016,23-Feb-16,-0.472385,-0.480984,-0.489415,-0.48971,-0.478516,-0.455236,-0.420805,-0.376917,-0.325547,-0.268658
24/02/2016,24-Feb-16,-0.473586,-0.482882,-0.494553,-0.499815,-0.49465,-0.477944,-0.450247,-0.412981,-0.367934,-0.316957
25/02/2016,25-Feb-16,-0.483016,-0.489518,-0.499408,-0.503417,-0.49723,-0.47956,-0.450866,-0.412528,-0.366323,-0.314107
26/02/2016,26-Feb-16,-0.49805,-0.503962,-0.514741,-0.520034,-0.514956,-0.497956,-0.469415,-0.430734,-0.383759,-0.330435
29/02/2016,29-Feb-16,-0.500682,-0.510551,-0.525824,-0.535649,-0.534839,-0.521682,-0.496484,-0.460629,-0.415986,-0.364537
01/03/2016,01-Mar-16,-0.509795,-0.515471,-0.527403,-0.53465,-0.531839,-0.517054,-0.490416,-0.453165,-0.407064,-0.35403
02/03/2016,02-Mar-16,-0.494495,-0.503896,-0.517259,-0.524221,-0.519878,-0.502687,-0.473065,-0.432479,-0.38286,-0.326254
03/03/2016,03-Mar-16,-0.505044,-0.518564,-0.536322,-0.546468,-0.543638,-0.526358,-0.495352,-0.45247,-0.400012,-0.340334
04/03/2016,04-Mar-16,-0.498325,-0.509017,-0.523362,-0.530314,-0.524869,-0.505666,-0.473409,-0.429858,-0.377201,-0.317685
07/03/2016,07-Mar-16,-0.488269,-0.496088,-0.511643,-0.521627,-0.519723,-0.503851,-0.474368,-0.432907,-0.381657,-0.322929
08/03/2016,08-Mar-16,-0.494412,-0.511662,-0.531802,-0.54409,-0.543599,-0.528938,-0.50075,-0.460743,-0.411073,-0.353977
09/03/2016,09-Mar-16,-0.485979,-0.497253,-0.511218,-0.517436,-0.51122,-0.491346,-0.458562,-0.414621,-0.361685,-0.301966
10/03/2016,10-Mar-16,-0.474079,-0.485286,-0.503149,-0.514539,-0.513393,-0.497883,-0.468576,-0.427269,-0.376264,-0.317941
11/03/2016,11-Mar-16,-0.448481,-0.451413,-0.457707,-0.458061,-0.448122,-0.426572,-0.393861,-0.351371,-0.300898,-0.244325
14/03/2016,14-Mar-16,-0.456734,-0.457164,-0.461961,-0.461594,-0.451514,-0.430237,-0.398078,-0.356316,-0.306667,-0.250957
15/03/2016,15-Mar-16,-0.460037,-0.457263,-0.456734,-0.450338,-0.434321,-0.40761,-0.370689,-0.324875,-0.271841,-0.213337
16/03/2016,16-Mar-16,-0.458556,-0.456715,-0.458757,-0.455538,-0.442741,-0.41901,-0.384719,-0.341166,-0.290054,-0.233185
17/03/2016,17-Mar-16,-0.463069,-0.462999,-0.466976,-0.465805,-0.455135,-0.433594,-0.40154,-0.360252,-0.311422,-0.256835
18/03/2016,18-Mar-16,-0.479073,-0.479809,-0.48318,-0.481011,-0.469489,-0.447484,-0.415428,-0.374581,-0.326568,-0.273091
21/03/2016,21-Mar-16,-0.471922,-0.472499,-0.476872,-0.475869,-0.465194,-0.443531,-0.411295,-0.369809,-0.320799,-0.266072
22/03/2016,22-Mar-16,-0.4735,-0.475403,-0.481004,-0.48079,-0.470402,-0.448591,-0.415893,-0.373761,-0.324033,-0.268607
23/03/2016,23-Mar-16,-0.476285,-0.478729,-0.483988,-0.482845,-0.471171,-0.447895,-0.413677,-0.370057,-0.318931,-0.26223
24/03/2016,24-Mar-16,-0.473227,-0.477216,-0.483764,-0.484194,-0.474572,-0.453831,-0.422546,-0.382141,-0.334387,-0.281107
29/03/2016,29-Mar-16,-0.484583,-0.488539,-0.495643,-0.497131,-0.488954,-0.469932,-0.440538,-0.402106,-0.356341,-0.305017
30/03/2016,30-Mar-16,-0.483991,-0.484104,-0.489332,-0.489875,-0.481112,-0.46157,-0.431594,-0.392484,-0.345954,-0.293804
31/03/2016,31-Mar-16,-0.486548,-0.485655,-0.490248,-0.490455,-0.481582,-0.462096,-0.432287,-0.393416,-0.347165,-0.295311
01/04/2016,01-Apr-16,-0.485737,-0.483781,-0.48906,-0.491032,-0.484556,-0.467802,-0.440873,-0.404902,-0.361497,-0.312388
04/04/2016,04-Apr-16,-0.483381,-0.479808,-0.482508,-0.481772,-0.472918,-0.454333,-0.426188,-0.389601,-0.346119,-0.297392
05/04/2016,05-Apr-16,-0.48336,-0.482601,-0.489535,-0.493525,-0.489351,-0.475115,-0.450856,-0.417658,-0.37708,-0.330815
06/04/2016,06-Apr-16,-0.541574,-0.489456,-0.47649,-0.481099,-0.483279,-0.474302,-0.452379,-0.418846,-0.376105,-0.326672
07/04/2016,07-Apr-16,-0.52057,-0.497821,-0.495319,-0.503008,-0.505762,-0.496621,-0.474392,-0.440598,-0.397691,-0.348194
08/04/2016,08-Apr-16,-0.547434,-0.507525,-0.49976,-0.50654,-0.509565,-0.500749,-0.478563,-0.444476,-0.400977,-0.350649
11/04/2016,11-Apr-16,-0.529099,-0.50084,-0.496252,-0.50307,-0.505118,-0.494896,-0.470998,-0.43493,-0.389218,-0.336497
12/04/2016,12-Apr-16,-0.558173,-0.508391,-0.498212,-0.506718,-0.513438,-0.508814,-0.490448,-0.459364,-0.417875,-0.368548
13/04/2016,13-Apr-16,-0.559509,-0.512722,-0.5016,-0.507961,-0.512663,-0.506511,-0.487101,-0.455361,-0.413505,-0.364018
14/04/2016,14-Apr-16,-0.562819,-0.508988,-0.495458,-0.501369,-0.506116,-0.50005,-0.480697,-0.449015,-0.407256,-0.357924
15/04/2016,15-Apr-16,-0.544072,-0.519251,-0.511102,-0.514879,-0.51663,-0.508595,-0.488481,-0.456966,-0.415977,-0.367762
18/04/2016,18-Apr-16,-0.565597,-0.52012,-0.504304,-0.505951,-0.507233,-0.498969,-0.478485,-0.446432,-0.404798,-0.355898
19/04/2016,19-Apr-16,-0.56617,-0.52569,-0.509904,-0.509715,-0.508757,-0.498262,-0.475612,-0.441432,-0.397693,-0.346706
20/04/2016,20-Apr-16,-0.555957,-0.521539,-0.507456,-0.50839,-0.508922,-0.500386,-0.480029,-0.448321,-0.407096,-0.358567
21/04/2016,21-Apr-16,-0.550755,-0.514791,-0.497733,-0.494756,-0.490786,-0.477462,-0.452292,-0.415937,-0.370368,-0.317878
22/04/2016,22-Apr-16,-0.556163,-0.520165,-0.501132,-0.49568,-0.489478,-0.474242,-0.44735,-0.409337,-0.362094,-0.30788
25/04/2016,25-Apr-16,-0.55355,-0.522389,-0.503736,-0.496642,-0.488101,-0.470294,-0.440729,-0.399977,-0.349952,-0.292942
26/04/2016,26-Apr-16,-0.554948,-0.520353,-0.499124,-0.490306,-0.480214,-0.460795,-0.429575,-0.387218,-0.335721,-0.277429
27/04/2016,27-Apr-16,-0.5672,-0.525261,-0.501274,-0.491676,-0.481541,-0.46223,-0.431011,-0.388445,-0.336512,-0.277569
28/04/2016,28-Apr-16,-0.568572,-0.53082,-0.510009,-0.502461,-0.494272,-0.4772,-0.448505,-0.408608,-0.359336,-0.302932
29/04/2016,29-Apr-16,-0.530197,-0.518085,-0.511943,-0.502437,-0.484969,-0.457888,-0.421287,-0.376212,-0.324159,-0.266758
02/05/2016,02-May-16,-0.522789,-0.509217,-0.502013,-0.492023,-0.474679,-0.448272,-0.412802,-0.369212,-0.318897,-0.2634
03/05/2016,03-May-16,-0.525263,-0.517171,-0.51671,-0.513714,-0.503068,-0.482805,-0.452832,-0.414094,-0.368038,-0.316276
04/05/2016,04-May-16,-0.531635,-0.521078,-0.518295,-0.513108,-0.500387,-0.478158,-0.446321,-0.405815,-0.358085,-0.30474
05/05/2016,05-May-16,-0.524576,-0.521752,-0.526223,-0.527248,-0.519542,-0.501187,-0.472241,-0.433837,-0.387605,-0.33532
06/05/2016,06-May-16,-0.527396,-0.525526,-0.530237,-0.531399,-0.524015,-0.506263,-0.478202,-0.440913,-0.39596,-0.345051
09/05/2016,09-May-16,-0.527237,-0.524216,-0.528766,-0.530609,-0.524552,-0.508577,-0.482566,-0.447455,-0.404696,-0.355915
10/05/2016,10-May-16,-0.529764,-0.524496,-0.52712,-0.527835,-0.52157,-0.506243,-0.481582,-0.448346,-0.407813,-0.361458
11/05/2016,11-May-16,-0.531119,-0.526856,-0.529959,-0.531032,-0.525166,-0.510314,-0.486178,-0.453465,-0.4134,-0.367414
12/05/2016,12-May-16,-0.535392,-0.532201,-0.535345,-0.535626,-0.528334,-0.511597,-0.48527,-0.450184,-0.407662,-0.359211
13/05/2016,13-May-16,-0.53878,-0.533063,-0.534105,-0.532839,-0.524569,-0.507372,-0.481021,-0.446261,-0.40433,-0.356658
16/05/2016,16-May-16,-0.538503,-0.532754,-0.532803,-0.530097,-0.520254,-0.501541,-0.473834,-0.437924,-0.395062,-0.34667
17/05/2016,17-May-16,-0.539913,-0.532608,-0.531963,-0.52924,-0.519887,-0.502021,-0.475393,-0.440694,-0.399101,-0.35198
18/05/2016,18-May-16,-0.550155,-0.538724,-0.533323,-0.52567,-0.511487,-0.489042,-0.458162,-0.419565,-0.374424,-0.324087
19/05/2016,19-May-16,-0.549055,-0.537515,-0.532788,-0.526392,-0.513871,-0.493344,-0.464517,-0.428016,-0.384946,-0.336605
20/05/2016,20-May-16,-0.55079,-0.53818,-0.531929,-0.523791,-0.509464,-0.487164,-0.456654,-0.418592,-0.374096,-0.324468
23/05/2016,23-May-16,-0.553222,-0.5396,-0.532732,-0.524249,-0.509754,-0.487398,-0.456893,-0.418865,-0.374407,-0.324807
24/05/2016,24-May-16,-0.560959,-0.544198,-0.53564,-0.526429,-0.511822,-0.489724,-0.459682,-0.422205,-0.378314,-0.32925
25/05/2016,25-May-16,-0.564309,-0.550372,-0.544089,-0.536745,-0.523691,-0.502895,-0.473949,-0.437393,-0.394274,-0.345852
26/05/2016,26-May-16,-0.567095,-0.554809,-0.548552,-0.540424,-0.526285,-0.504399,-0.474523,-0.437274,-0.393722,-0.345117
27/05/2016,27-May-16,-0.563474,-0.551166,-0.546893,-0.541836,-0.531237,-0.512968,-0.48654,-0.452434,-0.411648,-0.365414
30/05/2016,30-May-16,-0.553,-0.541394,-0.536808,-0.530369,-0.517462,-0.496186,-0.466289,-0.428473,-0.383922,-0.334012
31/05/2016,31-May-16,-0.549973,-0.538703,-0.533207,-0.525443,-0.511259,-0.48898,-0.45845,-0.420376,-0.375909,-0.326369
01/06/2016,01-Jun-16,-0.558319,-0.550175,-0.546782,-0.540772,-0.528338,-0.507956,-0.479505,-0.443667,-0.401544,-0.354397
02/06/2016,02-Jun-16,-0.558908,-0.549601,-0.544343,-0.536377,-0.522228,-0.500524,-0.471188,-0.434889,-0.392678,-0.345754
03/06/2016,03-Jun-16,-0.558623,-0.553725,-0.553053,-0.549559,-0.539619,-0.5218,-0.496014,-0.462946,-0.423676,-0.379438
06/06/2016,06-Jun-16,-0.560508,-0.559712,-0.560955,-0.557753,-0.546982,-0.527617,-0.499895,-0.464743,-0.423419,-0.377276
07/06/2016,07-Jun-16,-0.554881,-0.554021,-0.555843,-0.553817,-0.544709,-0.527366,-0.501898,-0.469123,-0.430208,-0.386434
08/06/2016,08-Jun-16,-0.554047,-0.554622,-0.556393,-0.553626,-0.543578,-0.525386,-0.499311,-0.466239,-0.427348,-0.3839
09/06/2016,09-Jun-16,-0.565248,-0.564638,-0.565744,-0.562777,-0.552951,-0.535366,-0.510247,-0.478437,-0.441074,-0.399379
10/06/2016,10-Jun-16,-0.561483,-0.562957,-0.565688,-0.563836,-0.55469,-0.537475,-0.512547,-0.480866,-0.443661,-0.402218
13/06/2016,13-Jun-16,-0.563438,-0.560223,-0.560386,-0.557257,-0.547579,-0.530221,-0.505319,-0.473699,-0.436517,-0.395022
14/06/2016,14-Jun-16,-0.570045,-0.574616,-0.58158,-0.583428,-0.576787,-0.560769,-0.535891,-0.503385,-0.464768,-0.421588
15/06/2016,15-Jun-16,-0.568136,-0.577278,-0.58799,-0.592688,-0.588055,-0.573312,-0.549109,-0.516806,-0.478038,-0.434454
16/06/2016,16-Jun-16,-0.570907,-0.584158,-0.597936,-0.604292,-0.60003,-0.584701,-0.55932,-0.52558,-0.485375,-0.440542
17/06/2016,17-Jun-16,-0.567738,-0.583089,-0.599076,-0.607144,-0.603835,-0.588636,-0.562615,-0.527568,-0.485517,-0.438425
20/06/2016,20-Jun-16,-0.558378,-0.570248,-0.584588,-0.592062,-0.58866,-0.573496,-0.547402,-0.512042,-0.469376,-0.421353
21/06/2016,21-Jun-16,-0.560722,-0.571812,-0.586484,-0.594891,-0.592689,-0.578783,-0.553879,-0.519572,-0.477794,-0.430487
22/06/2016,22-Jun-16,-0.5639,-0.571434,-0.582632,-0.58802,-0.583376,-0.567595,-0.541309,-0.506023,-0.463572,-0.415814
23/06/2016,23-Jun-16,-0.562912,-0.568002,-0.576132,-0.578702,-0.57182,-0.554428,-0.527071,-0.491111,-0.448247,-0.400213
24/06/2016,24-Jun-16,-0.625103,-0.636974,-0.652112,-0.660915,-0.659224,-0.646064,-0.622207,-0.589269,-0.549172,-0.503826
27/06/2016,27-Jun-16,-0.611821,-0.625443,-0.642859,-0.653896,-0.654281,-0.643121,-0.621324,-0.59063,-0.553046,-0.510525
28/06/2016,28-Jun-16,-0.621273,-0.628501,-0.641931,-0.651064,-0.651088,-0.640561,-0.619919,-0.590535,-0.554159,-0.512579
29/06/2016,29-Jun-16,-0.636088,-0.640866,-0.65158,-0.658655,-0.657602,-0.646981,-0.627079,-0.599074,-0.564511,-0.525006
30/06/2016,30-Jun-16,-0.645648,-0.649074,-0.656925,-0.660945,-0.657301,-0.644819,-0.623834,-0.595455,-0.561112,-0.522291
01/07/2016,01-Jul-16,-0.655375,-0.65201,-0.657757,-0.662412,-0.660821,-0.650939,-0.632554,-0.606453,-0.5739,-0.536312
04/07/2016,04-Jul-16,-0.657581,-0.656272,-0.664147,-0.670604,-0.670318,-0.661209,-0.643101,-0.61685,-0.583802,-0.545454
05/07/2016,05-Jul-16,-0.643736,-0.650635,-0.666287,-0.679434,-0.684566,-0.679661,-0.66471,-0.640776,-0.609401,-0.57226
06/07/2016,06-Jul-16,-0.674621,-0.676654,-0.686516,-0.694376,-0.695328,-0.687494,-0.670776,-0.646043,-0.614614,-0.577953
07/07/2016,07-Jul-16,-0.671445,-0.67425,-0.684578,-0.6925,-0.6931,-0.68454,-0.666783,-0.640765,-0.607873,-0.569628
08/07/2016,08-Jul-16,-0.668367,-0.673689,-0.687361,-0.698937,-0.703172,-0.698024,-0.683344,-0.660017,-0.629419,-0.593086
11/07/2016,11-Jul-16,-0.666981,-0.671815,-0.685523,-0.69742,-0.702105,-0.697445,-0.683234,-0.660329,-0.630094,-0.594061
12/07/2016,12-Jul-16,-0.654177,-0.65823,-0.670564,-0.680315,-0.682133,-0.674037,-0.656008,-0.629078,-0.594761,-0.554708
13/07/2016,13-Jul-16,-0.660411,-0.666224,-0.67891,-0.688704,-0.690777,-0.683342,-0.666394,-0.640894,-0.608257,-0.570031
14/07/2016,14-Jul-16,-0.653096,-0.65675,-0.666657,-0.673248,-0.671865,-0.660852,-0.640309,-0.611275,-0.575221,-0.533729
15/07/2016,15-Jul-16,-0.653583,-0.655173,-0.663902,-0.669834,-0.668073,-0.656817,-0.636079,-0.606849,-0.57057,-0.528818
18/07/2016,18-Jul-16,-0.648675,-0.653492,-0.664667,-0.672788,-0.673165,-0.664039,-0.645387,-0.618139,-0.58368,-0.543539
19/07/2016,19-Jul-16,-0.646228,-0.648511,-0.657039,-0.662878,-0.661523,-0.651239,-0.631942,-0.604468,-0.570101,-0.530276
20/07/2016,20-Jul-16,-0.642583,-0.64038,-0.646093,-0.650363,-0.648337,-0.638001,-0.619055,-0.592173,-0.558519,-0.519446
21/07/2016,21-Jul-16,-0.637981,-0.636035,-0.640259,-0.642191,-0.637532,-0.624601,-0.60328,-0.574332,-0.538951,-0.49848
22/07/2016,22-Jul-16,-0.631157,-0.631379,-0.638002,-0.642194,-0.63951,-0.628239,-0.6083,-0.580513,-0.546132,-0.506558
25/07/2016,25-Jul-16,-0.634751,-0.631629,-0.635778,-0.638664,-0.635852,-0.625497,-0.607321,-0.581932,-0.550391,-0.513928
26/07/2016,26-Jul-16,-0.627707,-0.625886,-0.63231,-0.637274,-0.635872,-0.626166,-0.607974,-0.582077,-0.549721,-0.5123
27/07/2016,27-Jul-16,-0.650465,-0.643529,-0.646679,-0.649852,-0.647788,-0.638233,-0.620739,-0.595879,-0.564736,-0.528589
28/07/2016,28-Jul-16,-0.652095,-0.644523,-0.645736,-0.646781,-0.642971,-0.632298,-0.614373,-0.58972,-0.559329,-0.524368
29/07/2016,29-Jul-16,-0.638246,-0.638916,-0.646814,-0.653282,-0.653872,-0.646772,-0.631752,-0.609469,-0.581015,-0.547644
01/08/2016,01-Aug-16,-0.635622,-0.635314,-0.643161,-0.650093,-0.651398,-0.645101,-0.630873,-0.609315,-0.581493,-0.548652
02/08/2016,02-Aug-16,-0.642679,-0.634353,-0.635618,-0.636587,-0.632173,-0.620274,-0.600561,-0.573687,-0.540784,-0.503157
03/08/2016,03-Aug-16,-0.65035,-0.636598,-0.634715,-0.634245,-0.629622,-0.618353,-0.599804,-0.574396,-0.543097,-0.507091
04/08/2016,04-Aug-16,-0.645733,-0.638646,-0.643615,-0.649664,-0.65094,-0.644813,-0.630611,-0.608782,-0.580349,-0.546576
05/08/2016,05-Aug-16,-0.644271,-0.641076,-0.647596,-0.653627,-0.653868,-0.646079,-0.629862,-0.605849,-0.575193,-0.539236
08/08/2016,08-Aug-16,-0.644101,-0.641331,-0.647353,-0.652292,-0.65107,-0.641602,-0.623591,-0.597742,-0.565253,-0.527499
09/08/2016,09-Aug-16,-0.641324,-0.640569,-0.648624,-0.655683,-0.656654,-0.649403,-0.633579,-0.609834,-0.579325,-0.5434
10/08/2016,10-Aug-16,-0.640583,-0.643647,-0.654745,-0.664439,-0.667824,-0.662853,-0.649204,-0.62753,-0.598979,-0.564886
11/08/2016,11-Aug-16,-0.627313,-0.636495,-0.651765,-0.664199,-0.669293,-0.665302,-0.652129,-0.630597,-0.601973,-0.567679
12/08/2016,12-Aug-16,-0.643259,-0.644039,-0.653354,-0.661908,-0.664771,-0.659792,-0.646517,-0.625472,-0.597691,-0.564419
15/08/2016,15-Aug-16,-0.636296,-0.633385,-0.638921,-0.64395,-0.643699,-0.636062,-0.620571,-0.597708,-0.568451,-0.533985
16/08/2016,16-Aug-16,-0.633831,-0.631902,-0.637397,-0.641734,-0.640405,-0.631487,-0.614636,-0.590414,-0.55985,-0.52416
17/08/2016,17-Aug-16,-0.642343,-0.639861,-0.643764,-0.646107,-0.642757,-0.632001,-0.613594,-0.588132,-0.556638,-0.5203
18/08/2016,18-Aug-16,-0.632152,-0.633965,-0.643106,-0.650758,-0.65233,-0.645904,-0.631183,-0.60879,-0.579817,-0.545537
19/08/2016,19-Aug-16,-0.629494,-0.629172,-0.636067,-0.641564,-0.64118,-0.633041,-0.616855,-0.593234,-0.563243,-0.52813
22/08/2016,22-Aug-16,-0.636261,-0.637951,-0.645813,-0.651695,-0.651401,-0.643236,-0.627009,-0.603387,-0.57346,-0.538482
23/08/2016,23-Aug-16,-0.645312,-0.643045,-0.64808,-0.652214,-0.651109,-0.64289,-0.627191,-0.604513,-0.575811,-0.542224
24/08/2016,24-Aug-16,-0.640539,-0.639261,-0.645023,-0.649624,-0.648745,-0.640538,-0.624667,-0.601665,-0.572518,-0.53839
25/08/2016,25-Aug-16,-0.637699,-0.635439,-0.639597,-0.642294,-0.639408,-0.629208,-0.611419,-0.586607,-0.555767,-0.520067
26/08/2016,26-Aug-16,-0.631869,-0.629813,-0.635702,-0.640749,-0.640315,-0.632391,-0.61658,-0.593411,-0.563891,-0.529224
29/08/2016,29-Aug-16,-0.6428,-0.637468,-0.640891,-0.644183,-0.642557,-0.633852,-0.617531,-0.594007,-0.5642,-0.529249
30/08/2016,30-Aug-16,-0.643687,-0.639549,-0.644177,-0.648567,-0.647911,-0.64007,-0.62455,-0.601806,-0.572791,-0.538671
31/08/2016,31-Aug-16,-0.645929,-0.643433,-0.648598,-0.652791,-0.651475,-0.642707,-0.626132,-0.602298,-0.572223,-0.537109
01/09/2016,01-Sept-16,-0.643402,-0.640324,-0.644477,-0.647106,-0.643685,-0.632358,-0.612877,-0.585904,-0.552561,-0.514137
02/09/2016,02-Sept-16,-0.647722,-0.646188,-0.651835,-0.655753,-0.653346,-0.642737,-0.623687,-0.596887,-0.56349,-0.524826
05/09/2016,05-Sept-16,-0.644006,-0.643977,-0.651169,-0.65654,-0.655413,-0.645861,-0.627623,-0.601389,-0.568324,-0.529776
06/09/2016,06-Sept-16,-0.650935,-0.655338,-0.665944,-0.674032,-0.675129,-0.667446,-0.650814,-0.625979,-0.594148,-0.556696
07/09/2016,07-Sept-16,-0.658006,-0.663734,-0.676696,-0.687511,-0.69138,-0.686374,-0.67229,-0.649886,-0.620398,-0.585237
08/09/2016,08-Sept-16,-0.644668,-0.647721,-0.656904,-0.664011,-0.664784,-0.65747,-0.641841,-0.618542,-0.588661,-0.553458
09/09/2016,09-Sept-16,-0.634737,-0.637629,-0.645767,-0.650708,-0.648197,-0.636612,-0.615912,-0.586943,-0.550985,-0.50947
12/09/2016,12-Sept-16,-0.62462,-0.629546,-0.638546,-0.643232,-0.639574,-0.626227,-0.603418,-0.572223,-0.534098,-0.490603
13/09/2016,13-Sept-16,-0.631799,-0.633677,-0.639989,-0.642578,-0.63745,-0.623201,-0.599953,-0.568666,-0.530694,-0.487503
14/09/2016,14-Sept-16,-0.637802,-0.644139,-0.653976,-0.659048,-0.655406,-0.641767,-0.618405,-0.586437,-0.547357,-0.502758
15/09/2016,15-Sept-16,-0.63781,-0.643954,-0.652824,-0.656438,-0.651039,-0.635469,-0.61009,-0.576074,-0.534956,-0.488352
16/09/2016,16-Sept-16,-0.642298,-0.648231,-0.658483,-0.664504,-0.662095,-0.649771,-0.627658,-0.596768,-0.558535,-0.514518
19/09/2016,19-Sept-16,-0.639615,-0.644268,-0.654457,-0.660966,-0.65921,-0.647496,-0.625852,-0.595258,-0.557149,-0.513106
20/09/2016,20-Sept-16,-0.636687,-0.647061,-0.660772,-0.669412,-0.668984,-0.658211,-0.6374,-0.607708,-0.570673,-0.527925
21/09/2016,21-Sept-16,-0.646806,-0.65372,-0.663449,-0.668186,-0.664254,-0.650512,-0.627299,-0.595745,-0.557328,-0.51361
22/09/2016,22-Sept-16,-0.656434,-0.661597,-0.673411,-0.682298,-0.683485,-0.67517,-0.657314,-0.630846,-0.597152,-0.557762
23/09/2016,23-Sept-16,-0.67663,-0.675909,-0.682526,-0.687223,-0.685284,-0.674831,-0.655685,-0.628613,-0.594845,-0.555775
26/09/2016,26-Sept-16,-0.687464,-0.684602,-0.690583,-0.69571,-0.694907,-0.686018,-0.668651,-0.643422,-0.611455,-0.574074
27/09/2016,27-Sept-16,-0.711799,-0.70778,-0.714167,-0.720594,-0.721527,-0.714501,-0.69893,-0.675312,-0.644709,-0.608423
28/09/2016,28-Sept-16,-0.725957,-0.721464,-0.72406,-0.725813,-0.722452,-0.712067,-0.694222,-0.669347,-0.638336,-0.602288
29/09/2016,29-Sept-16,-0.735931,-0.72605,-0.723408,-0.72036,-0.712773,-0.698786,-0.677951,-0.650653,-0.617727,-0.580207
30/09/2016,30-Sept-16,-0.732112,-0.72178,-0.720495,-0.719785,-0.71497,-0.703841,-0.685737,-0.660923,-0.630178,-0.594515
03/10/2016,03-Oct-16,-0.739975,-0.724805,-0.719648,-0.715654,-0.707945,-0.694212,-0.673751,-0.646814,-0.614175,-0.576847
04/10/2016,04-Oct-16,-0.738936,-0.725634,-0.721371,-0.717453,-0.709167,-0.694358,-0.67246,-0.643842,-0.60937,-0.570134
05/10/2016,05-Oct-16,-0.747099,-0.729276,-0.719297,-0.709355,-0.695229,-0.675015,-0.648245,-0.6153,-0.577013,-0.534419
06/10/2016,06-Oct-16,-0.753936,-0.733582,-0.718681,-0.703151,-0.683704,-0.658875,-0.628344,-0.592473,-0.551996,-0.507812
07/10/2016,07-Oct-16,-0.762065,-0.738684,-0.722472,-0.706597,-0.687286,-0.662765,-0.632532,-0.596848,-0.556399,-0.51207
10/10/2016,10-Oct-16,-0.750723,-0.729482,-0.713068,-0.695485,-0.673547,-0.645888,-0.612285,-0.573186,-0.529395,-0.481874
11/10/2016,11-Oct-16,-0.744164,-0.721751,-0.706748,-0.691528,-0.672012,-0.646408,-0.614332,-0.576227,-0.532972,-0.485629
12/10/2016,12-Oct-16,-0.751941,-0.728407,-0.710419,-0.69157,-0.668471,-0.639682,-0.604969,-0.564798,-0.520009,-0.471592
13/10/2016,13-Oct-16,-0.761853,-0.736762,-0.717891,-0.698837,-0.676148,-0.648284,-0.614901,-0.576361,-0.533407,-0.486951
14/10/2016,14-Oct-16,-0.752182,-0.732629,-0.716111,-0.697345,-0.673654,-0.644029,-0.608484,-0.567615,-0.522318,-0.473595
17/10/2016,17-Oct-16,-0.74768,-0.726688,-0.711225,-0.694475,-0.672898,-0.645044,-0.610742,-0.570557,-0.52543,-0.47645
18/10/2016,18-Oct-16,-0.768727,-0.744734,-0.726598,-0.707669,-0.684446,-0.655446,-0.620433,-0.579893,-0.534691,-0.485843
19/10/2016,19-Oct-16,-0.762015,-0.736552,-0.719875,-0.704052,-0.684723,-0.659852,-0.628857,-0.592024,-0.550113,-0.5041
20/10/2016,20-Oct-16,-0.780628,-0.752107,-0.73001,-0.708155,-0.68319,-0.653598,-0.619009,-0.579738,-0.536466,-0.490039
21/10/2016,21-Oct-16,-0.772587,-0.741193,-0.719307,-0.699469,-0.677464,-0.65121,-0.619981,-0.583874,-0.543455,-0.499513
24/10/2016,24-Oct-16,-0.761331,-0.735268,-0.716046,-0.697212,-0.675209,-0.648371,-0.616233,-0.579052,-0.537486,-0.492378
25/10/2016,25-Oct-16,-0.771942,-0.740956,-0.717373,-0.694769,-0.669565,-0.640054,-0.605715,-0.566746,-0.523746,-0.477505
26/10/2016,26-Oct-16,-0.774156,-0.737049,-0.707396,-0.679002,-0.648412,-0.613976,-0.575184,-0.532221,-0.485656,-0.43624
27/10/2016,27-Oct-16,-0.7781,-0.736092,-0.701881,-0.668866,-0.633445,-0.593955,-0.549948,-0.501699,-0.44987,-0.395301
28/10/2016,28-Oct-16,-0.785078,-0.73982,-0.701949,-0.665367,-0.626753,-0.584584,-0.538462,-0.488653,-0.435777,-0.380615
31/10/2016,31-Oct-16,-0.789826,-0.740973,-0.70082,-0.66298,-0.623893,-0.581842,-0.536272,-0.487324,-0.435521,-0.381569
01/11/2016,01-Nov-16,-0.731521,-0.702304,-0.676082,-0.647545,-0.614124,-0.574963,-0.530227,-0.480647,-0.427215,-0.370997
02/11/2016,02-Nov-16,-0.725199,-0.703752,-0.685136,-0.663118,-0.634825,-0.599432,-0.557301,-0.509414,-0.457017,-0.401401
03/11/2016,03-Nov-16,-0.772136,-0.735226,-0.704727,-0.6736,-0.63833,-0.597594,-0.551364,-0.500323,-0.445485,-0.387965
04/11/2016,04-Nov-16,-0.778798,-0.745698,-0.718002,-0.689167,-0.655962,-0.617208,-0.572943,-0.523865,-0.470986,-0.415404
07/11/2016,07-Nov-16,-0.777037,-0.741747,-0.711731,-0.680628,-0.645304,-0.604627,-0.558651,-0.508072,-0.453887,-0.397175
08/11/2016,08-Nov-16,-0.781405,-0.743635,-0.711971,-0.679806,-0.64382,-0.602749,-0.556547,-0.505841,-0.451581,-0.394814
09/11/2016,09-Nov-16,-0.792449,-0.757883,-0.728632,-0.697724,-0.66181,-0.619761,-0.57174,-0.518595,-0.461481,-0.401625
10/11/2016,10-Nov-16,-0.798923,-0.753707,-0.712224,-0.668543,-0.619997,-0.565882,-0.506608,-0.443147,-0.376691,-0.308451
11/11/2016,11-Nov-16,-0.792041,-0.744166,-0.701307,-0.657032,-0.608348,-0.554345,-0.495305,-0.432122,-0.365948,-0.297969
14/11/2016,14-Nov-16,-0.78768,-0.743417,-0.700566,-0.653807,-0.601065,-0.542149,-0.477876,-0.40952,-0.338484,-0.26611
15/11/2016,15-Nov-16,-0.769047,-0.741206,-0.709125,-0.669218,-0.620693,-0.56429,-0.501484,-0.434008,-0.363568,-0.291704
16/11/2016,16-Nov-16,-0.766813,-0.740696,-0.708706,-0.667959,-0.618123,-0.560232,-0.495942,-0.427087,-0.355429,-0.282526
17/11/2016,17-Nov-16,-0.749812,-0.731366,-0.70754,-0.673715,-0.628983,-0.574396,-0.511896,-0.443689,-0.371899,-0.298394
18/11/2016,18-Nov-16,-0.7653,-0.751928,-0.730727,-0.698246,-0.654252,-0.600165,-0.538118,-0.470399,-0.399159,-0.326262
21/11/2016,21-Nov-16,-0.768484,-0.756082,-0.737163,-0.706606,-0.66352,-0.609207,-0.545933,-0.476225,-0.402479,-0.326782
22/11/2016,22-Nov-16,-0.782643,-0.77904,-0.770026,-0.748319,-0.712189,-0.662808,-0.602648,-0.534569,-0.461325,-0.385324
23/11/2016,23-Nov-16,-0.77454,-0.762316,-0.746167,-0.71864,-0.677781,-0.624537,-0.561183,-0.490416,-0.414864,-0.336839
24/11/2016,24-Nov-16,-0.787358,-0.785543,-0.77911,-0.759277,-0.723791,-0.673791,-0.611948,-0.54139,-0.465139,-0.385832
25/11/2016,25-Nov-16,-0.793269,-0.795976,-0.79289,-0.775099,-0.74052,-0.690565,-0.62818,-0.55673,-0.479419,-0.399018
28/11/2016,28-Nov-16,-0.792539,-0.798652,-0.799622,-0.78584,-0.754947,-0.708292,-0.648845,-0.580034,-0.505126,-0.426946
29/11/2016,29-Nov-16,-0.805244,-0.802319,-0.797407,-0.779917,-0.746703,-0.698527,-0.637952,-0.568139,-0.492194,-0.412859
30/11/2016,30-Nov-16,-0.794218,-0.795554,-0.794053,-0.77914,-0.747759,-0.700787,-0.640912,-0.571403,-0.495467,-0.415925
01/12/2016,01-Dec-16,-0.798865,-0.797584,-0.79231,-0.772416,-0.735144,-0.681766,-0.615329,-0.539395,-0.457372,-0.372208
02/12/2016,02-Dec-16,-0.804832,-0.797736,-0.784075,-0.756187,-0.7125,-0.654549,-0.585214,-0.507726,-0.425135,-0.340072
05/12/2016,05-Dec-16,-0.79318,-0.779228,-0.762284,-0.733263,-0.689689,-0.632533,-0.56433,-0.488103,-0.406784,-0.322937
06/12/2016,06-Dec-16,-0.798176,-0.778754,-0.758659,-0.728002,-0.683777,-0.626604,-0.558784,-0.483187,-0.40264,-0.319642
07/12/2016,07-Dec-16,-0.790443,-0.767006,-0.745322,-0.71455,-0.671011,-0.61487,-0.54814,-0.473515,-0.393734,-0.311258
08/12/2016,08-Dec-16,-0.798148,-0.77372,-0.75201,-0.720715,-0.67569,-0.617117,-0.547222,-0.468969,-0.385344,-0.299007
09/12/2016,09-Dec-16,-0.8086,-0.797781,-0.793423,-0.779058,-0.748419,-0.700815,-0.638329,-0.564175,-0.481783,-0.394318
12/12/2016,12-Dec-16,-0.801648,-0.791022,-0.784344,-0.7661,-0.730687,-0.677872,-0.610045,-0.530623,-0.443159,-0.350892
13/12/2016,13-Dec-16,-0.788554,-0.762237,-0.761453,-0.756701,-0.735632,-0.695188,-0.636959,-0.5645,-0.481871,-0.392889
14/12/2016,14-Dec-16,-0.736761,-0.742535,-0.756925,-0.758973,-0.740963,-0.702225,-0.645472,-0.574715,-0.494124,-0.407476
15/12/2016,15-Dec-16,-0.763523,-0.770923,-0.782719,-0.779873,-0.755897,-0.710883,-0.648001,-0.571508,-0.485695,-0.394377
16/12/2016,16-Dec-16,-0.795753,-0.796256,-0.805874,-0.802362,-0.778013,-0.732625,-0.669438,-0.592879,-0.507385,-0.416856
19/12/2016,19-Dec-16,-0.780982,-0.78089,-0.797262,-0.802096,-0.785193,-0.745528,-0.686308,-0.612244,-0.528144,-0.438253
20/12/2016,20-Dec-16,-0.804442,-0.798267,-0.805437,-0.802117,-0.779553,-0.73686,-0.676835,-0.60362,-0.521475,-0.434196
21/12/2016,21-Dec-16,-0.815377,-0.798751,-0.801949,-0.798107,-0.776721,-0.735923,-0.677981,-0.60677,-0.526436,-0.440733
22/12/2016,22-Dec-16,-0.839267,-0.819984,-0.818317,-0.809162,-0.782874,-0.737931,-0.676679,-0.602942,-0.520752,-0.433743
23/12/2016,23-Dec-16,-0.867869,-0.836306,-0.826665,-0.813228,-0.78549,-0.741095,-0.681683,-0.610535,-0.531288,-0.447306
27/12/2016,27-Dec-16,-0.86679,-0.836961,-0.831648,-0.821831,-0.796091,-0.752193,-0.692256,-0.620067,-0.539675,-0.454727
28/12/2016,28-Dec-16,-0.877231,-0.846919,-0.840972,-0.831543,-0.80724,-0.765447,-0.707841,-0.637848,-0.559277,-0.475644
29/12/2016,29-Dec-16,-0.879916,-0.834485,-0.818675,-0.803855,-0.777601,-0.736307,-0.680815,-0.613905,-0.53891,-0.459018
30/12/2016,30-Dec-16,-0.871451,-0.822444,-0.80949,-0.800098,-0.779657,-0.74342,-0.691726,-0.627223,-0.553318,-0.473372
02/01/2017,02-Jan-17,-0.780195,-0.79053,-0.81025,-0.818167,-0.806391,-0.774115,-0.723933,-0.659756,-0.585668,-0.505375
03/01/2017,03-Jan-17,-0.769149,-0.778623,-0.795427,-0.798726,-0.781173,-0.742486,-0.685694,-0.615024,-0.534778,-0.448786
04/01/2017,04-Jan-17,-0.794128,-0.792114,-0.79967,-0.796286,-0.77432,-0.73299,-0.674813,-0.60358,-0.52325,-0.437412
05/01/2017,05-Jan-17,-0.7796,-0.770749,-0.772636,-0.765219,-0.740827,-0.698431,-0.640243,-0.569758,-0.490683,-0.406408
06/01/2017,06-Jan-17,-0.764435,-0.748755,-0.747528,-0.73934,-0.715611,-0.674712,-0.618466,-0.550119,-0.473224,-0.391077
09/01/2017,09-Jan-17,-0.75222,-0.751347,-0.757347,-0.752512,-0.730203,-0.68976,-0.633458,-0.564738,-0.48723,-0.40426
10/01/2017,10-Jan-17,-0.780347,-0.772781,-0.771182,-0.759632,-0.732127,-0.688058,-0.629495,-0.559584,-0.481665,-0.398812
11/01/2017,11-Jan-17,-0.778584,-0.762972,-0.755951,-0.741953,-0.714603,-0.672671,-0.617576,-0.551906,-0.478556,-0.40028
12/01/2017,12-Jan-17,-0.784189,-0.767203,-0.759358,-0.745147,-0.71806,-0.676677,-0.622237,-0.557186,-0.484322,-0.406343
13/01/2017,13-Jan-17,-0.788983,-0.775024,-0.766558,-0.750644,-0.721914,-0.679333,-0.624162,-0.558715,-0.485627,-0.407443
16/01/2017,16-Jan-17,-0.746787,-0.754413,-0.761844,-0.756514,-0.733965,-0.694202,-0.639459,-0.572868,-0.497703,-0.416984
17/01/2017,17-Jan-17,-0.744477,-0.751563,-0.762591,-0.762581,-0.74575,-0.711428,-0.661549,-0.599157,-0.527543,-0.449798
18/01/2017,18-Jan-17,-0.740375,-0.739688,-0.743543,-0.737066,-0.714483,-0.675088,-0.620752,-0.554446,-0.479396,-0.398627
19/01/2017,19-Jan-17,-0.74819,-0.746078,-0.745596,-0.733393,-0.704664,-0.65928,-0.599441,-0.528273,-0.449049,-0.364781
20/01/2017,20-Jan-17,-0.731792,-0.723828,-0.721505,-0.709773,-0.68271,-0.639483,-0.581862,-0.512729,-0.435237,-0.352349
23/01/2017,23-Jan-17,-0.622981,-0.652406,-0.677742,-0.685565,-0.671663,-0.636756,-0.583923,-0.517095,-0.440229,-0.356889
24/01/2017,24-Jan-17,-0.643104,-0.660539,-0.680348,-0.685997,-0.671543,-0.636786,-0.584345,-0.517942,-0.44146,-0.358448
25/01/2017,25-Jan-17,-0.630175,-0.64568,-0.663061,-0.665369,-0.646748,-0.607274,-0.549869,-0.478519,-0.397303,-0.309903
26/01/2017,26-Jan-17,-0.6454,-0.661498,-0.674883,-0.671203,-0.646192,-0.600835,-0.538514,-0.463392,-0.379552,-0.290584
27/01/2017,27-Jan-17,-0.641187,-0.660174,-0.675462,-0.672522,-0.647297,-0.601094,-0.537607,-0.461245,-0.376262,-0.286354
30/01/2017,30-Jan-17,-0.68301,-0.686601,-0.689665,-0.677531,-0.645757,-0.595187,-0.52906,-0.451382,-0.366066,-0.276533
31/01/2017,31-Jan-17,-0.695869,-0.70255,-0.70566,-0.692097,-0.658299,-0.605578,-0.537404,-0.45788,-0.370947,-0.280017
01/02/2017,01-Feb-17,-0.710893,-0.722582,-0.727909,-0.714637,-0.679814,-0.62519,-0.554551,-0.472223,-0.382311,-0.288338
02/02/2017,02-Feb-17,-0.743334,-0.758098,-0.763859,-0.750593,-0.71622,-0.662695,-0.593708,-0.513392,-0.425648,-0.333837
03/02/2017,03-Feb-17,-0.751498,-0.768006,-0.773394,-0.758842,-0.72286,-0.667663,-0.597037,-0.515134,-0.425845,-0.332514
06/02/2017,06-Feb-17,-0.74272,-0.768145,-0.783235,-0.777772,-0.749709,-0.701145,-0.63596,-0.558481,-0.472795,-0.382422
07/02/2017,07-Feb-17,-0.734252,-0.761953,-0.782663,-0.782262,-0.757226,-0.709403,-0.642974,-0.562759,-0.473345,-0.378684
08/02/2017,08-Feb-17,-0.766086,-0.793733,-0.813674,-0.813128,-0.788967,-0.742987,-0.679137,-0.601973,-0.515842,-0.424506
09/02/2017,09-Feb-17,-0.76128,-0.786509,-0.805518,-0.805308,-0.782433,-0.73837,-0.676801,-0.602071,-0.518378,-0.429385
10/02/2017,10-Feb-17,-0.75246,-0.776355,-0.794402,-0.793104,-0.768845,-0.723097,-0.659606,-0.582804,-0.49697,-0.405838
13/02/2017,13-Feb-17,-0.771757,-0.793563,-0.807368,-0.802043,-0.77482,-0.72728,-0.662965,-0.586006,-0.500399,-0.409647
14/02/2017,14-Feb-17,-0.77666,-0.797054,-0.809984,-0.804167,-0.776706,-0.72908,-0.664755,-0.587813,-0.502216,-0.411449
15/02/2017,15-Feb-17,-0.778425,-0.793474,-0.803554,-0.79598,-0.767079,-0.717935,-0.651844,-0.572846,-0.484929,-0.391634
16/02/2017,16-Feb-17,-0.793584,-0.799675,-0.80169,-0.78849,-0.756665,-0.706973,-0.642168,-0.56573,-0.481152,-0.391583
17/02/2017,17-Feb-17,-0.798063,-0.814013,-0.823789,-0.816394,-0.788803,-0.742202,-0.679731,-0.605176,-0.522255,-0.434267
20/02/2017,20-Feb-17,-0.806848,-0.833805,-0.847577,-0.840094,-0.810176,-0.76015,-0.693842,-0.615435,-0.528861,-0.437524
21/02/2017,21-Feb-17,-0.819769,-0.842497,-0.854815,-0.846978,-0.816921,-0.766551,-0.699537,-0.620045,-0.532057,-0.439055
22/02/2017,22-Feb-17,-0.841336,-0.874594,-0.896184,-0.89602,-0.872074,-0.826458,-0.763097,-0.686402,-0.600571,-0.509258
23/02/2017,23-Feb-17,-0.84474,-0.871394,-0.894348,-0.898282,-0.878659,-0.836567,-0.775665,-0.70045,-0.615342,-0.524232
24/02/2017,24-Feb-17,-0.875253,-0.904369,-0.927345,-0.930353,-0.909661,-0.86675,-0.805435,-0.730242,-0.645548,-0.555178
27/02/2017,27-Feb-17,-0.883588,-0.902865,-0.918856,-0.917714,-0.895252,-0.852365,-0.792309,-0.719141,-0.636877,-0.549081
28/02/2017,28-Feb-17,-0.866983,-0.881034,-0.895517,-0.895217,-0.8749,-0.834714,-0.777415,-0.706752,-0.626572,-0.540368
01/03/2017,01-Mar-17,-0.854618,-0.858996,-0.865,-0.858238,-0.833478,-0.79052,-0.731675,-0.660275,-0.579823,-0.493555
02/03/2017,02-Mar-17,-0.869755,-0.871371,-0.872149,-0.85919,-0.828133,-0.77926,-0.715118,-0.639122,-0.554772,-0.465256
03/03/2017,03-Mar-17,-0.864676,-0.860956,-0.85459,-0.834505,-0.79721,-0.743307,-0.675369,-0.596693,-0.510603,-0.4201
06/03/2017,06-Mar-17,-0.86279,-0.863521,-0.856646,-0.834253,-0.794485,-0.738697,-0.669718,-0.590847,-0.505291,-0.415888
07/03/2017,07-Mar-17,-0.89145,-0.895546,-0.893863,-0.876078,-0.839339,-0.784762,-0.715326,-0.634632,-0.546231,-0.453284
08/03/2017,08-Mar-17,-0.89706,-0.89175,-0.881594,-0.856283,-0.812984,-0.752806,-0.678691,-0.594176,-0.502733,-0.407431
09/03/2017,09-Mar-17,-0.908441,-0.901264,-0.884892,-0.852592,-0.803184,-0.738378,-0.661168,-0.574895,-0.482743,-0.387497
10/03/2017,10-Mar-17,-0.914679,-0.907851,-0.886275,-0.846008,-0.787617,-0.713857,-0.628308,-0.534599,-0.436019,-0.335344
13/03/2017,13-Mar-17,-0.906138,-0.891805,-0.863828,-0.818361,-0.756021,-0.679556,-0.592475,-0.4983,-0.400185,-0.300759
14/03/2017,14-Mar-17,-0.885759,-0.87236,-0.847942,-0.806737,-0.748454,-0.67548,-0.591253,-0.499355,-0.403049,-0.305079
15/03/2017,15-Mar-17,-0.892544,-0.881208,-0.859564,-0.82141,-0.766146,-0.695961,-0.614183,-0.524342,-0.429693,-0.333001
16/03/2017,16-Mar-17,-0.868372,-0.858116,-0.835286,-0.795086,-0.737668,-0.665591,-0.582323,-0.491419,-0.396096,-0.299058
17/03/2017,17-Mar-17,-0.86933,-0.855004,-0.829651,-0.788115,-0.730255,-0.658388,-0.575795,-0.485884,-0.391761,-0.296045
20/03/2017,20-Mar-17,-0.827726,-0.820857,-0.804259,-0.770921,-0.719928,-0.653407,-0.574735,-0.487537,-0.395168,-0.30048
21/03/2017,21-Mar-17,-0.827271,-0.806974,-0.777945,-0.735123,-0.677967,-0.608241,-0.528687,-0.442261,-0.351723,-0.259452
22/03/2017,22-Mar-17,-0.837219,-0.827612,-0.807174,-0.771164,-0.719398,-0.65397,-0.5779,-0.494366,-0.406298,-0.316197
23/03/2017,23-Mar-17,-0.82976,-0.815327,-0.793592,-0.758346,-0.708413,-0.64524,-0.571443,-0.489965,-0.403617,-0.314855
24/03/2017,24-Mar-17,-0.818889,-0.800076,-0.774711,-0.73702,-0.685828,-0.622397,-0.549097,-0.468625,-0.383587,-0.296274
27/03/2017,27-Mar-17,-0.808216,-0.783802,-0.754478,-0.714924,-0.663857,-0.602179,-0.531831,-0.455107,-0.374263,-0.291321
28/03/2017,28-Mar-17,-0.804679,-0.781527,-0.754803,-0.717906,-0.668969,-0.608702,-0.539054,-0.46242,-0.381194,-0.29753
29/03/2017,29-Mar-17,-0.813302,-0.803288,-0.788632,-0.761241,-0.718892,-0.662509,-0.594498,-0.517771,-0.435204,-0.349368
30/03/2017,30-Mar-17,-0.765398,-0.768063,-0.763336,-0.743679,-0.707331,-0.655586,-0.591147,-0.517165,-0.436704,-0.352478
31/03/2017,31-Mar-17,-0.744901,-0.743541,-0.74194,-0.728354,-0.698717,-0.653168,-0.593914,-0.523978,-0.446485,-0.364296
03/04/2017,03-Apr-17,-0.757651,-0.780192,-0.793335,-0.787373,-0.760175,-0.713526,-0.650938,-0.576415,-0.493781,-0.406373
04/04/2017,04-Apr-17,-0.778152,-0.79964,-0.812787,-0.808288,-0.783857,-0.740909,-0.682559,-0.612462,-0.534177,-0.450859
05/04/2017,05-Apr-17,-0.800188,-0.813854,-0.817922,-0.805242,-0.774326,-0.726688,-0.665223,-0.593248,-0.513983,-0.430282
06/04/2017,06-Apr-17,-0.793189,-0.798507,-0.803971,-0.796478,-0.771502,-0.729176,-0.671907,-0.602983,-0.525793,-0.443425
07/04/2017,07-Apr-17,-0.800331,-0.809507,-0.81929,-0.815596,-0.79359,-0.753421,-0.697644,-0.629732,-0.55324,-0.471391
10/04/2017,10-Apr-17,-0.79743,-0.816822,-0.833055,-0.832678,-0.811632,-0.770791,-0.713322,-0.643159,-0.564197,-0.479886
11/04/2017,11-Apr-17,-0.807237,-0.827701,-0.844313,-0.843448,-0.821207,-0.778732,-0.719444,-0.647484,-0.566888,-0.481191
12/04/2017,12-Apr-17,-0.798655,-0.823738,-0.842275,-0.842007,-0.819815,-0.777263,-0.717985,-0.646208,-0.565985,-0.480835
13/04/2017,13-Apr-17,-0.802729,-0.834835,-0.85624,-0.857224,-0.835893,-0.794325,-0.7363,-0.666025,-0.587466,-0.504048
18/04/2017,18-Apr-17,-0.800386,-0.826643,-0.845947,-0.846178,-0.824394,-0.782306,-0.723645,-0.652692,-0.573516,-0.489622
19/04/2017,19-Apr-17,-0.807088,-0.815472,-0.818075,-0.805792,-0.776271,-0.730699,-0.671875,-0.603106,-0.527603,-0.448196
20/04/2017,20-Apr-17,-0.776408,-0.791467,-0.797426,-0.785877,-0.755226,-0.707335,-0.645547,-0.573569,-0.494889,-0.412513
21/04/2017,21-Apr-17,-0.808283,-0.808445,-0.804142,-0.785727,-0.750661,-0.700098,-0.636853,-0.564248,-0.485496,-0.403404
24/04/2017,24-Apr-17,-0.753309,-0.742047,-0.726506,-0.699276,-0.65831,-0.604437,-0.539857,-0.467241,-0.389239,-0.308221
25/04/2017,25-Apr-17,-0.766099,-0.75177,-0.73248,-0.701831,-0.658141,-0.60228,-0.536337,-0.462828,-0.384244,-0.302823
26/04/2017,26-Apr-17,-0.767058,-0.754992,-0.736739,-0.706275,-0.662203,-0.605607,-0.538733,-0.464204,-0.384586,-0.302165
27/04/2017,27-Apr-17,-0.781783,-0.771133,-0.754891,-0.726834,-0.685355,-0.631357,-0.566944,-0.494648,-0.41698,-0.336203
28/04/2017,28-Apr-17,-0.775843,-0.767143,-0.755391,-0.73208,-0.69454,-0.643291,-0.580422,-0.50862,-0.430611,-0.34888
02/05/2017,02-May-17,-0.780443,-0.77349,-0.762038,-0.738389,-0.700313,-0.648554,-0.585299,-0.513259,-0.435156,-0.353449
03/05/2017,03-May-17,-0.782062,-0.771993,-0.757845,-0.732349,-0.693319,-0.641371,-0.5785,-0.507226,-0.430105,-0.349465
04/05/2017,04-May-17,-0.783315,-0.770977,-0.752106,-0.720751,-0.675547,-0.617595,-0.549157,-0.472877,-0.39135,-0.306892
05/05/2017,05-May-17,-0.741482,-0.736603,-0.724165,-0.697762,-0.656024,-0.600251,-0.532978,-0.45712,-0.375509,-0.290654
08/05/2017,08-May-17,-0.733409,-0.729529,-0.716629,-0.689148,-0.646178,-0.589254,-0.52101,-0.444391,-0.362215,-0.276966
09/05/2017,09-May-17,-0.72443,-0.716217,-0.702565,-0.675678,-0.633502,-0.577053,-0.508792,-0.431669,-0.348589,-0.262143
10/05/2017,10-May-17,-0.756565,-0.742006,-0.720938,-0.688034,-0.642085,-0.584121,-0.516237,-0.440895,-0.36052,-0.277294
11/05/2017,11-May-17,-0.749546,-0.730906,-0.707245,-0.672446,-0.624889,-0.565416,-0.496054,-0.419256,-0.337466,-0.252889
12/05/2017,12-May-17,-0.766365,-0.747144,-0.723192,-0.688624,-0.641822,-0.583524,-0.51562,-0.440432,-0.360291,-0.277319
15/05/2017,15-May-17,-0.741099,-0.723831,-0.704515,-0.674869,-0.632147,-0.576676,-0.510324,-0.435572,-0.35498,-0.270906
16/05/2017,16-May-17,-0.725338,-0.699359,-0.684113,-0.662513,-0.627568,-0.577899,-0.514989,-0.441562,-0.360662,-0.275163
17/05/2017,17-May-17,-0.713969,-0.71389,-0.707993,-0.688364,-0.65281,-0.602241,-0.539059,-0.4662,-0.386596,-0.30289
18/05/2017,18-May-17,-0.715027,-0.715465,-0.711136,-0.694148,-0.66207,-0.615502,-0.556548,-0.487901,-0.41231,-0.3323
19/05/2017,19-May-17,-0.687716,-0.694222,-0.693815,-0.679065,-0.647953,-0.601421,-0.541854,-0.472161,-0.395256,-0.313787
22/05/2017,22-May-17,-0.707459,-0.706539,-0.697816,-0.675465,-0.638116,-0.586841,-0.523895,-0.451951,-0.373665,-0.291447
23/05/2017,23-May-17,-0.698672,-0.685971,-0.678694,-0.662698,-0.632362,-0.586847,-0.527784,-0.457876,-0.3801,-0.29727
24/05/2017,24-May-17,-0.707623,-0.703714,-0.697901,-0.679828,-0.646031,-0.596836,-0.534447,-0.4618,-0.381916,-0.297563
25/05/2017,25-May-17,-0.710685,-0.714986,-0.7116,-0.693828,-0.660001,-0.611192,-0.549799,-0.478688,-0.400713,-0.318451
26/05/2017,26-May-17,-0.714139,-0.718198,-0.717824,-0.704111,-0.674275,-0.628905,-0.570257,-0.50123,-0.424784,-0.343624
29/05/2017,29-May-17,-0.726836,-0.735765,-0.739433,-0.728979,-0.70169,-0.65824,-0.600974,-0.532879,-0.456993,-0.376094
30/05/2017,30-May-17,-0.734613,-0.743661,-0.746817,-0.735737,-0.707933,-0.664149,-0.606722,-0.5386,-0.462773,-0.381977
31/05/2017,31-May-17,-0.732627,-0.740429,-0.744764,-0.735902,-0.710568,-0.669083,-0.613589,-0.546967,-0.472216,-0.392116
01/06/2017,01-Jun-17,-0.739455,-0.743474,-0.744653,-0.73291,-0.704833,-0.660713,-0.602712,-0.533743,-0.456832,-0.374779
02/06/2017,02-Jun-17,-0.746848,-0.755807,-0.758933,-0.748013,-0.720565,-0.677284,-0.620443,-0.552926,-0.477677,-0.397397
05/06/2017,05-Jun-17,-0.728305,-0.737524,-0.741424,-0.731555,-0.70525,-0.663076,-0.607221,-0.540523,-0.465905,-0.386063
06/06/2017,06-Jun-17,-0.734478,-0.750941,-0.758345,-0.749902,-0.723955,-0.681659,-0.625534,-0.558587,-0.483817,-0.403945
07/06/2017,07-Jun-17,-0.739769,-0.758923,-0.76599,-0.755979,-0.728208,-0.684313,-0.627007,-0.559339,-0.484264,-0.40443
08/06/2017,08-Jun-17,-0.730425,-0.748708,-0.755905,-0.746443,-0.719334,-0.676066,-0.619294,-0.552056,-0.47732,-0.397755
09/06/2017,09-Jun-17,-0.73263,-0.755009,-0.763995,-0.754913,-0.727344,-0.683141,-0.625184,-0.55665,-0.480588,-0.399716
12/06/2017,12-Jun-17,-0.737512,-0.754032,-0.760745,-0.751538,-0.725068,-0.682597,-0.626642,-0.560162,-0.486084,-0.407059
13/06/2017,13-Jun-17,-0.711408,-0.724097,-0.729824,-0.72123,-0.6962,-0.655535,-0.601483,-0.536856,-0.464508,-0.387061
14/06/2017,14-Jun-17,-0.716512,-0.724486,-0.726906,-0.716371,-0.6906,-0.650176,-0.597127,-0.534063,-0.463663,-0.388409
15/06/2017,15-Jun-17,-0.67287,-0.67459,-0.672639,-0.659198,-0.631642,-0.590279,-0.536919,-0.473998,-0.404066,-0.3295
16/06/2017,16-Jun-17,-0.707385,-0.704961,-0.699322,-0.683052,-0.653561,-0.611017,-0.557034,-0.493854,-0.423858,-0.349294
19/06/2017,19-Jun-17,-0.693404,-0.689756,-0.684662,-0.66968,-0.641653,-0.600462,-0.547599,-0.485273,-0.415883,-0.341716
20/06/2017,20-Jun-17,-0.687292,-0.687997,-0.685361,-0.671838,-0.644813,-0.604487,-0.552522,-0.491207,-0.422967,-0.350081
21/06/2017,21-Jun-17,-0.688299,-0.684455,-0.677265,-0.65994,-0.63016,-0.588152,-0.535476,-0.474261,-0.406755,-0.335075
22/06/2017,22-Jun-17,-0.693407,-0.688571,-0.681586,-0.665172,-0.636671,-0.596092,-0.544849,-0.484986,-0.418705,-0.348099
23/06/2017,23-Jun-17,-0.688114,-0.679051,-0.668799,-0.650328,-0.620901,-0.580302,-0.529685,-0.470848,-0.405787,-0.33644
26/06/2017,26-Jun-17,-0.694224,-0.684275,-0.673873,-0.655762,-0.627022,-0.587296,-0.537635,-0.479764,-0.415629,-0.347137
27/06/2017,27-Jun-17,-0.678961,-0.660377,-0.639366,-0.610613,-0.572221,-0.524291,-0.467991,-0.404979,-0.337039,-0.265879
28/06/2017,28-Jun-17,-0.679246,-0.663433,-0.642134,-0.610739,-0.568088,-0.514943,-0.453015,-0.38437,-0.311084,-0.235053
29/06/2017,29-Jun-17,-0.687252,-0.663909,-0.635873,-0.598227,-0.549699,-0.49103,-0.423949,-0.350549,-0.272925,-0.19298
30/06/2017,30-Jun-17,-0.67575,-0.652626,-0.624363,-0.586036,-0.536441,-0.476417,-0.407791,-0.332743,-0.253438,-0.171833
03/07/2017,03-Jul-17,-0.679516,-0.664346,-0.641344,-0.606365,-0.558756,-0.499746,-0.431442,-0.356224,-0.276405,-0.194049
04/07/2017,04-Jul-17,-0.688065,-0.674353,-0.651459,-0.615726,-0.566822,-0.506186,-0.436063,-0.358927,-0.277152,-0.192842
05/07/2017,05-Jul-17,-0.674129,-0.653008,-0.632475,-0.602352,-0.559053,-0.502628,-0.434949,-0.358617,-0.276341,-0.190612
06/07/2017,06-Jul-17,-0.667671,-0.659296,-0.634446,-0.592398,-0.534912,-0.464867,-0.385453,-0.299723,-0.210372,-0.119644
07/07/2017,07-Jul-17,-0.670392,-0.665656,-0.644979,-0.606109,-0.550296,-0.480436,-0.399969,-0.312276,-0.220366,-0.126756
10/07/2017,10-Jul-17,-0.661586,-0.663471,-0.649756,-0.616812,-0.56544,-0.498558,-0.419836,-0.332943,-0.241169,-0.14727
11/07/2017,11-Jul-17,-0.67142,-0.665831,-0.645013,-0.606435,-0.55116,-0.48196,-0.402195,-0.315195,-0.223942,-0.130937
12/07/2017,12-Jul-17,-0.680118,-0.675504,-0.656,-0.619018,-0.565519,-0.49817,-0.420245,-0.335005,-0.245388,-0.153868
13/07/2017,13-Jul-17,-0.699641,-0.690928,-0.666594,-0.625384,-0.568741,-0.499364,-0.420358,-0.334753,-0.245251,-0.154126
14/07/2017,14-Jul-17,-0.69529,-0.693302,-0.672278,-0.632513,-0.576383,-0.507134,-0.428171,-0.342673,-0.253406,-0.162657
17/07/2017,17-Jul-17,-0.692639,-0.692422,-0.672094,-0.632391,-0.575969,-0.506247,-0.426737,-0.340679,-0.250872,-0.15962
18/07/2017,18-Jul-17,-0.697413,-0.698156,-0.67843,-0.639214,-0.583276,-0.514077,-0.435132,-0.349667,-0.260465,-0.169812
19/07/2017,19-Jul-17,-0.702227,-0.69854,-0.678094,-0.640253,-0.58675,-0.520402,-0.44434,-0.361574,-0.274778,-0.186199
20/07/2017,20-Jul-17,-0.707918,-0.701759,-0.680895,-0.643699,-0.591287,-0.526108,-0.451086,-0.369132,-0.282881,-0.194584
21/07/2017,21-Jul-17,-0.705705,-0.698686,-0.678772,-0.643773,-0.594304,-0.53241,-0.46071,-0.381905,-0.298497,-0.21266
24/07/2017,24-Jul-17,-0.690834,-0.698285,-0.686487,-0.655685,-0.608064,-0.546665,-0.474728,-0.39533,-0.311195,-0.22462
25/07/2017,25-Jul-17,-0.693455,-0.700868,-0.684707,-0.647571,-0.593052,-0.524979,-0.446999,-0.362356,-0.273804,-0.183594
26/07/2017,26-Jul-17,-0.703071,-0.703875,-0.687624,-0.652824,-0.600959,-0.534913,-0.458026,-0.37357,-0.284467,-0.193185
27/07/2017,27-Jul-17,-0.698712,-0.706834,-0.695612,-0.664467,-0.615403,-0.55159,-0.476527,-0.393569,-0.305689,-0.215385
28/07/2017,28-Jul-17,-0.697829,-0.701455,-0.689514,-0.658819,-0.610117,-0.546082,-0.470115,-0.385664,-0.295868,-0.203398
31/07/2017,31-Jul-17,-0.710414,-0.709923,-0.697579,-0.667788,-0.620137,-0.556829,-0.481153,-0.396612,-0.306459,-0.213489
01/08/2017,01-Aug-17,-0.666967,-0.687928,-0.690528,-0.670855,-0.629884,-0.570903,-0.498012,-0.415302,-0.326433,-0.234471
02/08/2017,02-Aug-17,-0.69393,-0.703521,-0.702048,-0.68217,-0.642846,-0.586215,-0.515765,-0.435282,-0.348306,-0.257879
03/08/2017,03-Aug-17,-0.709083,-0.709976,-0.701269,-0.676401,-0.634326,-0.576838,-0.506967,-0.428057,-0.34327,-0.25535
04/08/2017,04-Aug-17,-0.721494,-0.717076,-0.702598,-0.672945,-0.627532,-0.568119,-0.49749,-0.418683,-0.334566,-0.247642
07/08/2017,07-Aug-17,-0.703877,-0.707318,-0.699686,-0.675331,-0.633632,-0.576548,-0.507144,-0.428742,-0.344464,-0.257017
08/08/2017,08-Aug-17,-0.700609,-0.701547,-0.692262,-0.667021,-0.625053,-0.568154,-0.499243,-0.42152,-0.338014,-0.251364
09/08/2017,09-Aug-17,-0.706373,-0.709688,-0.703355,-0.681468,-0.643057,-0.589737,-0.524285,-0.449802,-0.369255,-0.285252
10/08/2017,10-Aug-17,-0.703902,-0.707242,-0.70132,-0.680121,-0.642574,-0.590216,-0.52576,-0.452264,-0.372665,-0.289552
11/08/2017,11-Aug-17,-0.71871,-0.726905,-0.723329,-0.70318,-0.666077,-0.613932,-0.549647,-0.476359,-0.39703,-0.314245
14/08/2017,14-Aug-17,-0.722289,-0.733191,-0.72857,-0.705532,-0.66481,-0.608933,-0.541118,-0.464644,-0.382513,-0.297297
15/08/2017,15-Aug-17,-0.725431,-0.726713,-0.716029,-0.689051,-0.645654,-0.587861,-0.518601,-0.440985,-0.357925,-0.271942
16/08/2017,16-Aug-17,-0.71682,-0.722361,-0.714132,-0.688472,-0.645673,-0.588015,-0.518591,-0.440616,-0.357066,-0.270507
17/08/2017,17-Aug-17,-0.708144,-0.712694,-0.704926,-0.680527,-0.639373,-0.583489,-0.515814,-0.439479,-0.357422,-0.272191
18/08/2017,18-Aug-17,-0.721315,-0.728753,-0.722892,-0.700098,-0.660563,-0.606426,-0.540636,-0.466288,-0.386264,-0.303062
21/08/2017,21-Aug-17,-0.723602,-0.731747,-0.725629,-0.702094,-0.661627,-0.606539,-0.539871,-0.464763,-0.38411,-0.300409
22/08/2017,22-Aug-17,-0.721925,-0.731537,-0.726298,-0.703214,-0.662869,-0.607645,-0.540634,-0.465017,-0.383724,-0.29928
23/08/2017,23-Aug-17,-0.735838,-0.746325,-0.741398,-0.718516,-0.678463,-0.623676,-0.557235,-0.482279,-0.401692,-0.31796
24/08/2017,24-Aug-17,-0.746463,-0.749711,-0.743921,-0.722974,-0.685723,-0.633653,-0.569443,-0.496131,-0.416647,-0.333579
25/08/2017,25-Aug-17,-0.750185,-0.748932,-0.737542,-0.711414,-0.67001,-0.614932,-0.548748,-0.474289,-0.394262,-0.311058
28/08/2017,28-Aug-17,-0.73873,-0.753966,-0.75297,-0.733282,-0.695744,-0.642848,-0.577734,-0.503603,-0.423406,-0.339692
29/08/2017,29-Aug-17,-0.745686,-0.759834,-0.759939,-0.742498,-0.707711,-0.657692,-0.595368,-0.523832,-0.445987,-0.364371
30/08/2017,30-Aug-17,-0.75635,-0.754572,-0.746318,-0.724449,-0.687145,-0.635455,-0.571791,-0.49903,-0.420016,-0.337295
31/08/2017,31-Aug-17,-0.771735,-0.766048,-0.756218,-0.734166,-0.697449,-0.646708,-0.584102,-0.512358,-0.434236,-0.352246
01/09/2017,01-Sept-17,-0.742312,-0.748843,-0.745624,-0.726487,-0.690305,-0.638622,-0.574203,-0.500178,-0.419572,-0.335064
04/09/2017,04-Sept-17,-0.753464,-0.760967,-0.75907,-0.741305,-0.706363,-0.65569,-0.592011,-0.518453,-0.438057,-0.353532
05/09/2017,05-Sept-17,-0.771761,-0.778813,-0.777138,-0.759554,-0.7245,-0.673402,-0.609063,-0.534719,-0.45351,-0.368226
06/09/2017,06-Sept-17,-0.7619,-0.76659,-0.764256,-0.747147,-0.713303,-0.66387,-0.601455,-0.529158,-0.45003,-0.366797
07/09/2017,07-Sept-17,-0.773617,-0.779253,-0.777265,-0.760447,-0.727039,-0.678219,-0.616549,-0.545059,-0.466734,-0.384249
08/09/2017,08-Sept-17,-0.777434,-0.783275,-0.780812,-0.763313,-0.729235,-0.679831,-0.617673,-0.545769,-0.467076,-0.384241
11/09/2017,11-Sept-17,-0.769474,-0.778495,-0.777499,-0.760467,-0.726292,-0.676486,-0.613774,-0.541253,-0.461925,-0.378463
12/09/2017,12-Sept-17,-0.759341,-0.765689,-0.760947,-0.739926,-0.701962,-0.648775,-0.583157,-0.508201,-0.426869,-0.341772
13/09/2017,13-Sept-17,-0.74222,-0.754685,-0.751614,-0.729945,-0.690254,-0.634955,-0.567203,-0.490264,-0.407159,-0.320509
14/09/2017,14-Sept-17,-0.761958,-0.75879,-0.746906,-0.72062,-0.678821,-0.622854,-0.555213,-0.47876,-0.396282,-0.310271
15/09/2017,15-Sept-17,-0.731081,-0.739234,-0.731575,-0.705645,-0.662314,-0.604106,-0.534181,-0.455741,-0.371724,-0.284654
18/09/2017,18-Sept-17,-0.756151,-0.749184,-0.731764,-0.699523,-0.652071,-0.591109,-0.519263,-0.439402,-0.354253,-0.266212
19/09/2017,19-Sept-17,-0.749261,-0.742657,-0.726792,-0.696657,-0.651483,-0.592759,-0.523003,-0.445033,-0.361568,-0.275012
20/09/2017,20-Sept-17,-0.75682,-0.747253,-0.729633,-0.698671,-0.653346,-0.594937,-0.525794,-0.448611,-0.366009,-0.280331
21/09/2017,21-Sept-17,-0.764347,-0.752025,-0.730675,-0.695782,-0.646761,-0.585109,-0.513259,-0.433909,-0.349646,-0.26275
22/09/2017,22-Sept-17,-0.77146,-0.754317,-0.729254,-0.691673,-0.640851,-0.578126,-0.50578,-0.426378,-0.342388,-0.255999
25/09/2017,25-Sept-17,-0.755054,-0.733234,-0.710124,-0.677888,-0.633792,-0.577982,-0.512075,-0.438307,-0.359028,-0.276426
26/09/2017,26-Sept-17,-0.778294,-0.768193,-0.750299,-0.719005,-0.673193,-0.614151,-0.544283,-0.466345,-0.383017,-0.29668
27/09/2017,27-Sept-17,-0.769095,-0.757494,-0.737037,-0.702422,-0.65283,-0.5898,-0.515933,-0.434127,-0.347156,-0.25746
28/09/2017,28-Sept-17,-0.773176,-0.765734,-0.745976,-0.710164,-0.65845,-0.592959,-0.516629,-0.432539,-0.343545,-0.252112
29/09/2017,29-Sept-17,-0.758836,-0.750836,-0.732915,-0.699958,-0.651359,-0.588858,-0.515222,-0.433478,-0.346493,-0.256772
02/10/2017,02-Oct-17,-0.762563,-0.761406,-0.746924,-0.715533,-0.66755,-0.605252,-0.5317,-0.450073,-0.363303,-0.27391
03/10/2017,03-Oct-17,-0.761555,-0.75739,-0.742871,-0.712292,-0.664952,-0.602734,-0.52863,-0.445906,-0.357633,-0.266483
04/10/2017,04-Oct-17,-0.7558,-0.755724,-0.744284,-0.716343,-0.671457,-0.611596,-0.539763,-0.459197,-0.372943,-0.283647
05/10/2017,05-Oct-17,-0.744764,-0.748013,-0.734763,-0.703396,-0.655212,-0.592917,-0.5197,-0.438719,-0.352825,-0.26444
06/10/2017,06-Oct-17,-0.732543,-0.735618,-0.718833,-0.682473,-0.628948,-0.561563,-0.483801,-0.398927,-0.309797,-0.218781
09/10/2017,09-Oct-17,-0.73449,-0.748262,-0.73811,-0.706331,-0.656413,-0.5922,-0.517409,-0.435377,-0.348953,-0.260477
10/10/2017,10-Oct-17,-0.763516,-0.755407,-0.736033,-0.701527,-0.651839,-0.588882,-0.515401,-0.434317,-0.34836,-0.259906
11/10/2017,11-Oct-17,-0.756496,-0.748876,-0.729736,-0.69534,-0.645704,-0.582775,-0.509309,-0.428231,-0.342272,-0.253805
12/10/2017,12-Oct-17,-0.77218,-0.765988,-0.747105,-0.712404,-0.662231,-0.598694,-0.524623,-0.442965,-0.356453,-0.267452
13/10/2017,13-Oct-17,-0.78073,-0.77715,-0.760731,-0.728628,-0.681216,-0.620519,-0.549254,-0.470259,-0.386186,-0.299344
16/10/2017,16-Oct-17,-0.789599,-0.790239,-0.776514,-0.74624,-0.700168,-0.640529,-0.570148,-0.491918,-0.408513,-0.322253
17/10/2017,17-Oct-17,-0.790372,-0.787778,-0.772415,-0.741723,-0.696117,-0.637553,-0.568637,-0.49209,-0.410466,-0.325994
18/10/2017,18-Oct-17,-0.782086,-0.779914,-0.763229,-0.730429,-0.682505,-0.621736,-0.55089,-0.472758,-0.389899,-0.304522
19/10/2017,19-Oct-17,-0.793228,-0.789702,-0.771519,-0.737267,-0.688025,-0.626102,-0.554266,-0.475294,-0.391723,-0.305739
20/10/2017,20-Oct-17,-0.77668,-0.774451,-0.755269,-0.718453,-0.665672,-0.599689,-0.523609,-0.440438,-0.35287,-0.263186
23/10/2017,23-Oct-17,-0.783818,-0.782637,-0.765022,-0.730015,-0.679092,-0.614891,-0.540439,-0.458703,-0.37236,-0.283693
24/10/2017,24-Oct-17,-0.761994,-0.759917,-0.741479,-0.705379,-0.653029,-0.587132,-0.510823,-0.427186,-0.338994,-0.248602
25/10/2017,25-Oct-17,-0.764726,-0.758527,-0.73646,-0.697344,-0.642587,-0.574823,-0.4971,-0.412411,-0.323446,-0.23249
26/10/2017,26-Oct-17,-0.779703,-0.782323,-0.765356,-0.729297,-0.67651,-0.610152,-0.53354,-0.449791,-0.361646,-0.271402
27/10/2017,27-Oct-17,-0.796837,-0.796159,-0.780769,-0.748589,-0.70042,-0.638524,-0.565747,-0.485004,-0.398993,-0.31006
30/10/2017,30-Oct-17,-0.802297,-0.803173,-0.788698,-0.757491,-0.71063,-0.650424,-0.579659,-0.501143,-0.417465,-0.330873
31/10/2017,31-Oct-17,-0.788018,-0.787721,-0.774364,-0.744983,-0.699892,-0.641106,-0.571354,-0.493509,-0.410262,-0.323969
01/11/2017,01-Nov-17,-0.776584,-0.786149,-0.778166,-0.751392,-0.707261,-0.648499,-0.578285,-0.499764,-0.415786,-0.328795
02/11/2017,02-Nov-17,-0.783754,-0.785128,-0.772703,-0.743747,-0.698738,-0.639804,-0.569757,-0.491524,-0.407837,-0.321078
03/11/2017,03-Nov-17,-0.795039,-0.797681,-0.785603,-0.756692,-0.711748,-0.653047,-0.583445,-0.505863,-0.422997,-0.337185
06/11/2017,06-Nov-17,-0.782912,-0.781843,-0.770841,-0.745508,-0.70522,-0.651387,-0.586379,-0.512862,-0.433434,-0.350421
07/11/2017,07-Nov-17,-0.785189,-0.795053,-0.788128,-0.762951,-0.720751,-0.66408,-0.59598,-0.519497,-0.437417,-0.352143
08/11/2017,08-Nov-17,-0.782538,-0.794182,-0.789062,-0.765825,-0.725693,-0.67117,-0.605233,-0.530867,-0.450808,-0.367423
09/11/2017,09-Nov-17,-0.783688,-0.785622,-0.774045,-0.746025,-0.701933,-0.643844,-0.574547,-0.496969,-0.413845,-0.327569
10/11/2017,10-Nov-17,-0.785216,-0.789651,-0.777639,-0.747695,-0.701043,-0.640241,-0.568336,-0.488371,-0.403124,-0.314985
13/11/2017,13-Nov-17,-0.777139,-0.783052,-0.771237,-0.740762,-0.69321,-0.631361,-0.558393,-0.477426,-0.391275,-0.302345
14/11/2017,14-Nov-17,-0.77756,-0.777656,-0.763753,-0.733112,-0.686258,-0.625384,-0.553364,-0.473181,-0.38761,-0.299061
15/11/2017,15-Nov-17,-0.782358,-0.787631,-0.777001,-0.749058,-0.704935,-0.647031,-0.578222,-0.501405,-0.419237,-0.334021
16/11/2017,16-Nov-17,-0.770127,-0.776196,-0.765557,-0.737136,-0.692292,-0.633576,-0.56396,-0.486398,-0.403577,-0.317815
17/11/2017,17-Nov-17,-0.771686,-0.777432,-0.76647,-0.737763,-0.692691,-0.63381,-0.564095,-0.486493,-0.403687,-0.317985
20/11/2017,20-Nov-17,-0.769219,-0.777944,-0.768389,-0.740238,-0.695321,-0.636466,-0.566796,-0.489337,-0.406799,-0.321495
21/11/2017,21-Nov-17,-0.780319,-0.780149,-0.767692,-0.739479,-0.695626,-0.63809,-0.569616,-0.493109,-0.411291,-0.326536
22/11/2017,22-Nov-17,-0.780812,-0.770672,-0.751145,-0.718181,-0.671388,-0.612301,-0.543314,-0.467053,-0.38602,-0.302418
23/11/2017,23-Nov-17,-0.789914,-0.776053,-0.752309,-0.715761,-0.666449,-0.605966,-0.536581,-0.460719,-0.380672,-0.29845
24/11/2017,24-Nov-17,-0.78071,-0.767914,-0.746319,-0.711883,-0.664153,-0.604573,-0.535445,-0.459306,-0.378584,-0.295421
27/11/2017,27-Nov-17,-0.773999,-0.757876,-0.74066,-0.71289,-0.671456,-0.616717,-0.550723,-0.476169,-0.395802,-0.312116
28/11/2017,28-Nov-17,-0.783114,-0.774263,-0.755149,-0.722328,-0.675699,-0.616913,-0.548385,-0.472715,-0.392365,-0.309496
29/11/2017,29-Nov-17,-0.784491,-0.770753,-0.745036,-0.705349,-0.652357,-0.58806,-0.514979,-0.435686,-0.352545,-0.267596
30/11/2017,30-Nov-17,-0.777751,-0.764806,-0.740304,-0.702145,-0.650895,-0.588468,-0.517317,-0.439961,-0.358725,-0.275618
01/12/2017,01-Dec-17,-0.79535,-0.781438,-0.755113,-0.715563,-0.66384,-0.60191,-0.532076,-0.456629,-0.377664,-0.296988
04/12/2017,04-Dec-17,-0.797714,-0.785179,-0.760086,-0.721549,-0.670591,-0.609184,-0.539651,-0.464312,-0.385292,-0.304429
05/12/2017,05-Dec-17,-0.80681,-0.795474,-0.770973,-0.732621,-0.681584,-0.619931,-0.55005,-0.474309,-0.394863,-0.313571
06/12/2017,06-Dec-17,-0.805899,-0.802069,-0.785961,-0.755159,-0.710139,-0.652851,-0.58585,-0.511783,-0.433109,-0.351964
07/12/2017,07-Dec-17,-0.826419,-0.820062,-0.801085,-0.767451,-0.719816,-0.6602,-0.591164,-0.515331,-0.435125,-0.352644
08/12/2017,08-Dec-17,-0.828523,-0.820284,-0.798544,-0.762304,-0.712655,-0.651713,-0.581972,-0.505921,-0.425834,-0.343674
11/12/2017,11-Dec-17,-0.833401,-0.815269,-0.78745,-0.74788,-0.696847,-0.635873,-0.567011,-0.492429,-0.414169,-0.33403
12/12/2017,12-Dec-17,-0.836977,-0.816801,-0.786281,-0.743907,-0.69026,-0.626998,-0.556215,-0.480071,-0.400571,-0.319469
13/12/2017,13-Dec-17,-0.836673,-0.818551,-0.78901,-0.746918,-0.693108,-0.629406,-0.558017,-0.481172,-0.400925,-0.319058
14/12/2017,14-Dec-17,-0.853327,-0.826882,-0.788576,-0.738588,-0.678321,-0.609738,-0.534953,-0.455997,-0.374684,-0.292562
15/12/2017,15-Dec-17,-0.852269,-0.82513,-0.787167,-0.738283,-0.679654,-0.613065,-0.54049,-0.463853,-0.384889,-0.305088
18/12/2017,18-Dec-17,-0.853215,-0.820556,-0.777261,-0.724026,-0.662309,-0.593893,-0.520604,-0.444158,-0.366072,-0.287636
19/12/2017,19-Dec-17,-0.869627,-0.824989,-0.771873,-0.71057,-0.642192,-0.568228,-0.490267,-0.409831,-0.32829,-0.246813
20/12/2017,20-Dec-17,-0.855549,-0.811416,-0.756199,-0.691395,-0.618904,-0.540711,-0.458702,-0.374566,-0.289748,-0.20544
21/12/2017,21-Dec-17,-0.83073,-0.788454,-0.734238,-0.669911,-0.597598,-0.519435,-0.437407,-0.353262,-0.268482,-0.184274
22/12/2017,22-Dec-17,-0.813788,-0.777337,-0.726867,-0.664987,-0.594339,-0.5174,-0.436368,-0.353124,-0.269222,-0.185911
27/12/2017,27-Dec-17,-0.825995,-0.78274,-0.732044,-0.673152,-0.606696,-0.534009,-0.4567,-0.376399,-0.294605,-0.212622
28/12/2017,28-Dec-17,-0.746003,-0.726626,-0.689461,-0.637618,-0.574307,-0.502549,-0.425037,-0.34407,-0.261547,-0.178989
29/12/2017,29-Dec-17,-0.769592,-0.737874,-0.692491,-0.635217,-0.568319,-0.494164,-0.414996,-0.332811,-0.249311,-0.165891
02/01/2018,02-Jan-18,-0.738445,-0.712228,-0.671683,-0.618449,-0.554768,-0.48305,-0.405612,-0.324544,-0.241642,-0.158394
03/01/2018,03-Jan-18,-0.69919,-0.69693,-0.670811,-0.62585,-0.566568,-0.496899,-0.420157,-0.339074,-0.255844,-0.172192
04/01/2018,04-Jan-18,-0.67709,-0.678375,-0.653786,-0.609208,-0.549732,-0.479648,-0.402486,-0.321098,-0.237737,-0.154146
05/01/2018,05-Jan-18,-0.672334,-0.675266,-0.652799,-0.610466,-0.553143,-0.484993,-0.409486,-0.329451,-0.247147,-0.164337
08/01/2018,08-Jan-18,-0.664524,-0.675209,-0.658423,-0.620244,-0.565937,-0.499954,-0.425977,-0.346989,-0.265366,-0.182959
09/01/2018,09-Jan-18,-0.677836,-0.681156,-0.658581,-0.61583,-0.557899,-0.489033,-0.412753,-0.331922,-0.248819,-0.165223
10/01/2018,10-Jan-18,-0.655863,-0.672545,-0.656183,-0.61514,-0.556189,-0.484755,-0.405127,-0.320651,-0.233903,-0.14683
11/01/2018,11-Jan-18,-0.617068,-0.63088,-0.610289,-0.564662,-0.501383,-0.426216,-0.343609,-0.256956,-0.168806,-0.081041
12/01/2018,12-Jan-18,-0.642391,-0.643394,-0.612882,-0.559778,-0.491065,-0.412158,-0.327199,-0.239318,-0.15084,-0.063458
15/01/2018,15-Jan-18,-0.653828,-0.659004,-0.630334,-0.577806,-0.509036,-0.42979,-0.344393,-0.256055,-0.167126,-0.079295
16/01/2018,16-Jan-18,-0.643362,-0.65132,-0.625149,-0.574934,-0.508352,-0.431205,-0.34784,-0.261478,-0.174473,-0.088514
17/01/2018,17-Jan-18,-0.647924,-0.651773,-0.622752,-0.57064,-0.502877,-0.425083,-0.341465,-0.255138,-0.168374,-0.0828
18/01/2018,18-Jan-18,-0.646701,-0.655532,-0.628463,-0.576272,-0.50712,-0.42714,-0.3409,-0.251762,-0.162166,-0.073847
19/01/2018,19-Jan-18,-0.650908,-0.662531,-0.637017,-0.585491,-0.516377,-0.436003,-0.349079,-0.259076,-0.16851,-0.079169
22/01/2018,22-Jan-18,-0.642884,-0.66185,-0.640742,-0.59158,-0.523441,-0.443124,-0.355681,-0.264819,-0.17322,-0.082786
23/01/2018,23-Jan-18,-0.633112,-0.651204,-0.630792,-0.583326,-0.517475,-0.439755,-0.355019,-0.266843,-0.177824,-0.089814
24/01/2018,24-Jan-18,-0.639093,-0.655322,-0.631878,-0.580793,-0.51113,-0.429657,-0.341388,-0.249986,-0.158093,-0.067571
25/01/2018,25-Jan-18,-0.632695,-0.639297,-0.605743,-0.545143,-0.467167,-0.378875,-0.285367,-0.190262,-0.096081,-0.004528
26/01/2018,26-Jan-18,-0.63076,-0.635813,-0.600675,-0.538704,-0.459695,-0.370759,-0.276994,-0.181993,-0.088233,0.002633
29/01/2018,29-Jan-18,-0.620167,-0.618942,-0.576695,-0.507576,-0.421862,-0.326928,-0.227991,-0.128674,-0.031421,0.062178
30/01/2018,30-Jan-18,-0.643033,-0.634641,-0.588586,-0.517658,-0.431222,-0.336063,-0.237029,-0.137522,-0.039873,0.05438
31/01/2018,31-Jan-18,-0.643844,-0.639447,-0.595142,-0.524732,-0.438242,-0.342869,-0.243706,-0.144288,-0.047003,0.046598
01/02/2018,01-Feb-18,-0.650656,-0.649746,-0.605415,-0.53276,-0.442716,-0.343113,-0.23947,-0.135604,-0.034077,0.063457
02/02/2018,02-Feb-18,-0.654168,-0.648974,-0.599606,-0.521751,-0.426708,-0.322513,-0.214791,-0.107392,-0.002873,0.097146
05/02/2018,05-Feb-18,-0.663512,-0.662064,-0.616955,-0.543226,-0.451813,-0.350577,-0.245086,-0.139206,-0.035553,0.064174
06/02/2018,06-Feb-18,-0.658455,-0.660002,-0.617981,-0.547236,-0.458585,-0.359832,-0.25652,-0.152519,-0.050461,0.047932
07/02/2018,07-Feb-18,-0.660799,-0.66182,-0.617985,-0.544847,-0.453678,-0.352554,-0.247171,-0.14147,-0.038101,0.061226
08/02/2018,08-Feb-18,-0.647155,-0.64408,-0.594389,-0.514603,-0.416635,-0.308968,-0.197543,-0.086431,0.021669,0.125044
09/02/2018,09-Feb-18,-0.664349,-0.666875,-0.621747,-0.545636,-0.450596,-0.345235,-0.235605,-0.125872,-0.018816,0.083782
12/02/2018,12-Feb-18,-0.663503,-0.673638,-0.633055,-0.559283,-0.465025,-0.359377,-0.248754,-0.137585,-0.028848,0.075543
13/02/2018,13-Feb-18,-0.665766,-0.674382,-0.634458,-0.562476,-0.470458,-0.367075,-0.25849,-0.149001,-0.041528,0.062016
14/02/2018,14-Feb-18,-0.654238,-0.662334,-0.621288,-0.547918,-0.454464,-0.349725,-0.239939,-0.129438,-0.021153,0.083013
15/02/2018,15-Feb-18,-0.644058,-0.652912,-0.612487,-0.53962,-0.446568,-0.342149,-0.232613,-0.122305,-0.014168,0.089887
16/02/2018,16-Feb-18,-0.651558,-0.661385,-0.624012,-0.555295,-0.46683,-0.36701,-0.261823,-0.155466,-0.050808,0.050258
19/02/2018,19-Feb-18,-0.662157,-0.665947,-0.623114,-0.549556,-0.456869,-0.353412,-0.245125,-0.136149,-0.029298,0.073594
20/02/2018,20-Feb-18,-0.658272,-0.666179,-0.626997,-0.556577,-0.466511,-0.36519,-0.258599,-0.150932,-0.045054,0.057147
21/02/2018,21-Feb-18,-0.657617,-0.660773,-0.619392,-0.548484,-0.45904,-0.359014,-0.254089,-0.14825,-0.044223,0.056195
22/02/2018,22-Feb-18,-0.666961,-0.669295,-0.627361,-0.556095,-0.466428,-0.366277,-0.261292,-0.155434,-0.051414,0.048981
23/02/2018,23-Feb-18,-0.660046,-0.670312,-0.635338,-0.570142,-0.485745,-0.390149,-0.289094,-0.186622,-0.085516,0.012372
26/02/2018,26-Feb-18,-0.670179,-0.676937,-0.639452,-0.57259,-0.487226,-0.391231,-0.290225,-0.188146,-0.087691,0.009359
27/02/2018,27-Feb-18,-0.68918,-0.68379,-0.637479,-0.564293,-0.474478,-0.37542,-0.27237,-0.16899,-0.067763,0.029685
28/02/2018,28-Feb-18,-0.678324,-0.681066,-0.641085,-0.572716,-0.486465,-0.389948,-0.288616,-0.186297,-0.085618,0.011679
01/03/2018,01-Mar-18,-0.67507,-0.682654,-0.646717,-0.581706,-0.498227,-0.403989,-0.304521,-0.203721,-0.104275,-0.007975
02/03/2018,02-Mar-18,-0.685887,-0.686607,-0.647015,-0.580496,-0.496895,-0.403382,-0.305114,-0.205733,-0.107758,-0.012871
05/03/2018,05-Mar-18,-0.697087,-0.692454,-0.649258,-0.580353,-0.495201,-0.400697,-0.301803,-0.202024,-0.103787,-0.00871
06/03/2018,06-Mar-18,-0.704694,-0.69025,-0.638506,-0.562285,-0.47097,-0.37135,-0.26827,-0.16512,-0.064211,0.032943
07/03/2018,07-Mar-18,-0.683652,-0.676799,-0.630626,-0.55852,-0.470279,-0.372993,-0.271726,-0.170023,-0.070305,0.025832
08/03/2018,08-Mar-18,-0.686116,-0.682677,-0.638367,-0.567156,-0.479239,-0.381977,-0.280606,-0.178779,-0.078985,0.017148
09/03/2018,09-Mar-18,-0.694873,-0.689511,-0.643797,-0.571542,-0.482828,-0.384934,-0.283041,-0.180767,-0.080572,0.015932
12/03/2018,12-Mar-18,-0.689867,-0.689366,-0.648198,-0.580002,-0.494785,-0.399812,-0.30029,-0.19988,-0.1011,-0.005622
13/03/2018,13-Mar-18,-0.700385,-0.700009,-0.658262,-0.589063,-0.502619,-0.406328,-0.305484,-0.203808,-0.10385,-0.0073
14/03/2018,14-Mar-18,-0.696036,-0.690417,-0.647376,-0.579348,-0.495503,-0.402533,-0.30526,-0.207101,-0.110422,-0.016809
15/03/2018,15-Mar-18,-0.698574,-0.693485,-0.652055,-0.586298,-0.505084,-0.414898,-0.320421,-0.224977,-0.130874,-0.039666
16/03/2018,16-Mar-18,-0.70174,-0.698511,-0.657422,-0.591062,-0.508699,-0.417094,-0.321109,-0.224185,-0.128703,-0.036255
19/03/2018,19-Mar-18,-0.692884,-0.691335,-0.651252,-0.585488,-0.50349,-0.412134,-0.316357,-0.219647,-0.124407,-0.032243
20/03/2018,20-Mar-18,-0.674098,-0.683033,-0.649544,-0.58764,-0.507618,-0.416971,-0.321084,-0.22376,-0.127625,-0.034437
21/03/2018,21-Mar-18,-0.68909,-0.69123,-0.652566,-0.586759,-0.503829,-0.411047,-0.31362,-0.215213,-0.118344,-0.024684
22/03/2018,22-Mar-18,-0.703343,-0.70846,-0.674506,-0.614248,-0.537113,-0.449994,-0.357868,-0.264276,-0.171678,-0.081739
23/03/2018,23-Mar-18,-0.709763,-0.705379,-0.66548,-0.601729,-0.522756,-0.434883,-0.342684,-0.249414,-0.157344,-0.068008
26/03/2018,26-Mar-18,-0.698578,-0.697686,-0.660306,-0.598379,-0.520734,-0.433841,-0.34238,-0.249683,-0.158073,-0.069122
27/03/2018,27-Mar-18,-0.703787,-0.703261,-0.667292,-0.607307,-0.531799,-0.44702,-0.357517,-0.266552,-0.176416,-0.088674
28/03/2018,28-Mar-18,-0.698126,-0.70003,-0.666297,-0.608321,-0.534585,-0.451344,-0.363161,-0.273315,-0.184118,-0.097158
29/03/2018,29-Mar-18,-0.693472,-0.697544,-0.665964,-0.609956,-0.537908,-0.456037,-0.368898,-0.279788,-0.191045,-0.104291
03/04/2018,03-Apr-18,-0.681278,-0.687276,-0.656889,-0.601602,-0.529988,-0.448385,-0.361435,-0.272484,-0.183907,-0.097342
04/04/2018,04-Apr-18,-0.68473,-0.689405,-0.658514,-0.603233,-0.531922,-0.450775,-0.364334,-0.275886,-0.187766,-0.101593
05/04/2018,05-Apr-18,-0.677051,-0.677706,-0.644236,-0.587339,-0.515032,-0.433271,-0.346438,-0.257711,-0.169353,-0.08294
06/04/2018,06-Apr-18,-0.681267,-0.680928,-0.647175,-0.590454,-0.518606,-0.437465,-0.351323,-0.263303,-0.175631,-0.089859
09/04/2018,09-Apr-18,-0.6738,-0.673529,-0.64003,-0.583682,-0.512275,-0.431607,-0.345948,-0.258401,-0.171184,-0.085842
10/04/2018,10-Apr-18,-0.667162,-0.663962,-0.628234,-0.570293,-0.497853,-0.41663,-0.330819,-0.243451,-0.156677,-0.071987
11/04/2018,11-Apr-18,-0.670332,-0.665351,-0.62909,-0.571419,-0.499738,-0.419544,-0.334881,-0.248681,-0.163032,-0.079386
12/04/2018,12-Apr-18,-0.680683,-0.672974,-0.634722,-0.575512,-0.50255,-0.42121,-0.335457,-0.248176,-0.161433,-0.076669
13/04/2018,13-Apr-18,-0.679194,-0.675527,-0.639302,-0.580739,-0.507511,-0.425324,-0.338382,-0.249737,-0.161567,-0.07539
16/04/2018,16-Apr-18,-0.677843,-0.673924,-0.637669,-0.579218,-0.506181,-0.424227,-0.337532,-0.249129,-0.161186,-0.075215
17/04/2018,17-Apr-18,-0.668026,-0.671855,-0.640639,-0.58532,-0.514098,-0.433069,-0.346716,-0.258293,-0.17012,-0.083812
18/04/2018,18-Apr-18,-0.661994,-0.663997,-0.631506,-0.575376,-0.503727,-0.42258,-0.336356,-0.248255,-0.16055,-0.074819
19/04/2018,19-Apr-18,-0.658683,-0.656826,-0.618755,-0.556253,-0.478061,-0.390601,-0.298533,-0.205187,-0.112892,-0.02323
20/04/2018,20-Apr-18,-0.658559,-0.657938,-0.620062,-0.557012,-0.477758,-0.388895,-0.295215,-0.200145,-0.106084,-0.014668
23/04/2018,23-Apr-18,-0.655845,-0.653983,-0.614546,-0.549813,-0.468879,-0.378422,-0.283278,-0.1869,-0.091694,0.000709
24/04/2018,24-Apr-18,-0.654705,-0.652183,-0.611751,-0.545824,-0.4636,-0.371824,-0.275383,-0.177759,-0.081378,0.012117
25/04/2018,25-Apr-18,-0.652354,-0.653543,-0.615294,-0.550529,-0.468806,-0.377127,-0.280552,-0.182683,-0.086027,0.007725
26/04/2018,26-Apr-18,-0.663152,-0.659838,-0.61901,-0.553057,-0.471132,-0.379928,-0.284281,-0.187622,-0.092336,-0.000024
27/04/2018,27-Apr-18,-0.664409,-0.66699,-0.632133,-0.571884,-0.495193,-0.408655,-0.317067,-0.22387,-0.131479,-0.041546
30/04/2018,30-Apr-18,-0.651352,-0.65942,-0.628507,-0.570984,-0.496069,-0.410573,-0.319468,-0.226333,-0.133694,-0.04329
02/05/2018,02-May-18,-0.665921,-0.667665,-0.63231,-0.571719,-0.494734,-0.407881,-0.315921,-0.222278,-0.129366,-0.038841
03/05/2018,03-May-18,-0.654149,-0.662349,-0.633001,-0.577805,-0.505528,-0.422683,-0.33406,-0.243133,-0.152379,-0.063519
04/05/2018,04-May-18,-0.639291,-0.651842,-0.625583,-0.572585,-0.501884,-0.420192,-0.332435,-0.242187,-0.151992,-0.06362
07/05/2018,07-May-18,-0.643115,-0.655199,-0.629215,-0.576956,-0.507265,-0.426713,-0.340136,-0.251043,-0.161941,-0.074577
08/05/2018,08-May-18,-0.640819,-0.65257,-0.625426,-0.571515,-0.499915,-0.41736,-0.328794,-0.237799,-0.146921,-0.05793
09/05/2018,09-May-18,-0.638581,-0.648508,-0.619809,-0.564552,-0.491768,-0.408159,-0.318646,-0.22679,-0.135125,-0.04541
10/05/2018,10-May-18,-0.652461,-0.662346,-0.633979,-0.579311,-0.507288,-0.424544,-0.33595,-0.245032,-0.154298,-0.065488
11/05/2018,11-May-18,-0.642967,-0.653163,-0.624011,-0.567963,-0.494299,-0.409876,-0.319702,-0.227382,-0.135464,-0.045701
14/05/2018,14-May-18,-0.637009,-0.642374,-0.608135,-0.547099,-0.468768,-0.38012,-0.286218,-0.190683,-0.096046,-0.004027
15/05/2018,15-May-18,-0.633693,-0.63756,-0.601285,-0.537955,-0.457259,-0.3663,-0.270219,-0.172677,-0.076229,0.0174
16/05/2018,16-May-18,-0.634625,-0.646528,-0.616592,-0.558199,-0.48129,-0.393183,-0.299199,-0.203153,-0.107722,-0.014735
17/05/2018,17-May-18,-0.646451,-0.654213,-0.620826,-0.559547,-0.480217,-0.390067,-0.294354,-0.196835,-0.100142,-0.006068
18/05/2018,18-May-18,-0.633048,-0.648662,-0.621089,-0.564012,-0.487619,-0.399426,-0.304913,-0.208021,-0.111526,-0.017335
21/05/2018,21-May-18,-0.644702,-0.664673,-0.642412,-0.590929,-0.519979,-0.436816,-0.346779,-0.253746,-0.160485,-0.068929
22/05/2018,22-May-18,-0.6442,-0.66338,-0.640054,-0.587483,-0.515571,-0.431654,-0.341108,-0.247815,-0.154532,-0.063166
23/05/2018,23-May-18,-0.64242,-0.668259,-0.651324,-0.604587,-0.537806,-0.458261,-0.371329,-0.280936,-0.189902,-0.100206
24/05/2018,24-May-18,-0.63347,-0.667393,-0.657259,-0.616252,-0.554309,-0.478856,-0.395398,-0.307961,-0.219451,-0.13192
25/05/2018,25-May-18,-0.649417,-0.690233,-0.687159,-0.65292,-0.597181,-0.52723,-0.448518,-0.36508,-0.279859,-0.19497
28/05/2018,28-May-18,-0.670117,-0.719471,-0.722523,-0.692574,-0.63974,-0.571658,-0.494051,-0.41116,-0.32609,-0.241075
29/05/2018,29-May-18,-0.666411,-0.722636,-0.731365,-0.706022,-0.656849,-0.591612,-0.516154,-0.434826,-0.350833,-0.266496
30/05/2018,30-May-18,-0.673167,-0.724922,-0.731158,-0.704693,-0.655323,-0.59049,-0.515799,-0.435437,-0.352491,-0.269203
31/05/2018,31-May-18,-0.672376,-0.719417,-0.721402,-0.691357,-0.639169,-0.57229,-0.496291,-0.415295,-0.332308,-0.249491
01/06/2018,01-Jun-18,-0.637292,-0.676069,-0.671619,-0.636657,-0.580802,-0.511278,-0.433461,-0.351308,-0.26769,-0.184653
04/06/2018,04-Jun-18,-0.637189,-0.674684,-0.668595,-0.63184,-0.574175,-0.502913,-0.423484,-0.339875,-0.25497,-0.170815
05/06/2018,05-Jun-18,-0.648519,-0.691534,-0.689772,-0.656304,-0.601037,-0.531424,-0.453024,-0.369939,-0.285153,-0.200798
06/06/2018,06-Jun-18,-0.637814,-0.673362,-0.663739,-0.622563,-0.560079,-0.483938,-0.399794,-0.311774,-0.222843,-0.135087
07/06/2018,07-Jun-18,-0.651245,-0.680709,-0.664987,-0.617963,-0.550048,-0.468981,-0.380454,-0.2886,-0.196364,-0.105797
08/06/2018,08-Jun-18,-0.667263,-0.708253,-0.700802,-0.65956,-0.595538,-0.51695,-0.429855,-0.338671,-0.246561,-0.155745
11/06/2018,11-Jun-18,-0.6572,-0.686678,-0.670793,-0.623422,-0.554987,-0.473254,-0.383944,-0.291216,-0.198046,-0.106508
12/06/2018,12-Jun-18,-0.640417,-0.669803,-0.65459,-0.608352,-0.541298,-0.461043,-0.37321,-0.281896,-0.190035,-0.099682
13/06/2018,13-Jun-18,-0.644691,-0.672005,-0.656886,-0.612142,-0.547435,-0.469986,-0.385145,-0.296822,-0.207829,-0.120148
14/06/2018,14-Jun-18,-0.65138,-0.683569,-0.673691,-0.633971,-0.573718,-0.499972,-0.418009,-0.331742,-0.24403,-0.156926
15/06/2018,15-Jun-18,-0.651022,-0.684813,-0.67886,-0.644298,-0.589689,-0.521576,-0.444915,-0.363431,-0.279886,-0.196298
18/06/2018,18-Jun-18,-0.661887,-0.691456,-0.683329,-0.647923,-0.593284,-0.525591,-0.449552,-0.368723,-0.28576,-0.202618
19/06/2018,19-Jun-18,-0.664275,-0.697919,-0.693577,-0.661632,-0.610121,-0.545227,-0.471673,-0.393039,-0.312003,-0.230548
20/06/2018,20-Jun-18,-0.664832,-0.699614,-0.695447,-0.663004,-0.610537,-0.544394,-0.469423,-0.389291,-0.306743,-0.223806
21/06/2018,21-Jun-18,-0.663936,-0.708946,-0.712488,-0.685781,-0.637519,-0.574397,-0.501538,-0.422826,-0.341179,-0.258756
22/06/2018,22-Jun-18,-0.668646,-0.714935,-0.719192,-0.6928,-0.644573,-0.5813,-0.50817,-0.429118,-0.347096,-0.264289
25/06/2018,25-Jun-18,-0.685612,-0.720261,-0.717052,-0.686241,-0.635783,-0.571813,-0.499034,-0.421014,-0.340439,-0.259299
26/06/2018,26-Jun-18,-0.690864,-0.727407,-0.724447,-0.692824,-0.640919,-0.575171,-0.500492,-0.420596,-0.33826,-0.255531
27/06/2018,27-Jun-18,-0.68772,-0.722493,-0.71878,-0.687167,-0.635836,-0.571069,-0.497655,-0.419212,-0.338444,-0.257341
28/06/2018,28-Jun-18,-0.677478,-0.720385,-0.722351,-0.69465,-0.645973,-0.582985,-0.510758,-0.433114,-0.352903,-0.272223
29/06/2018,29-Jun-18,-0.664724,-0.70795,-0.709871,-0.682019,-0.633255,-0.57034,-0.498395,-0.421262,-0.341789,-0.262053
02/07/2018,02-Jul-18,-0.671966,-0.719157,-0.72338,-0.696651,-0.648195,-0.585043,-0.512517,-0.434603,-0.354251,-0.273614
03/07/2018,03-Jul-18,-0.666056,-0.708186,-0.709453,-0.68132,-0.632581,-0.569939,-0.498464,-0.421955,-0.343221,-0.264311
04/07/2018,04-Jul-18,-0.674973,-0.707696,-0.703171,-0.671817,-0.621648,-0.558786,-0.487876,-0.412405,-0.334964,-0.257443
05/07/2018,05-Jul-18,-0.674109,-0.704845,-0.698692,-0.666035,-0.614849,-0.551221,-0.479761,-0.403923,-0.326267,-0.24866
06/07/2018,06-Jul-18,-0.669849,-0.705254,-0.702805,-0.673037,-0.624061,-0.562082,-0.491807,-0.41678,-0.339632,-0.26229
09/07/2018,09-Jul-18,-0.65157,-0.687577,-0.685793,-0.65661,-0.608057,-0.546293,-0.476017,-0.400774,-0.323214,-0.245288
10/07/2018,10-Jul-18,-0.660132,-0.690279,-0.684381,-0.652414,-0.602078,-0.53928,-0.468519,-0.393189,-0.315823,-0.238281
11/07/2018,11-Jul-18,-0.646272,-0.680032,-0.676765,-0.646747,-0.597898,-0.536285,-0.466517,-0.392066,-0.315517,-0.238765
12/07/2018,12-Jul-18,-0.660981,-0.691349,-0.686199,-0.655335,-0.60633,-0.544996,-0.475761,-0.401969,-0.326116,-0.250038
13/07/2018,13-Jul-18,-0.656731,-0.691167,-0.689609,-0.661856,-0.615497,-0.556374,-0.488954,-0.416622,-0.341915,-0.26671
16/07/2018,16-Jul-18,-0.656091,-0.686565,-0.681317,-0.650206,-0.600845,-0.539083,-0.469373,-0.395079,-0.318715,-0.242128
17/07/2018,17-Jul-18,-0.666363,-0.692529,-0.684898,-0.652764,-0.603322,-0.542103,-0.473331,-0.400202,-0.325109,-0.249816
18/07/2018,18-Jul-18,-0.655808,-0.686146,-0.681986,-0.652727,-0.605653,-0.546374,-0.479181,-0.40733,-0.333262,-0.258784
19/07/2018,19-Jul-18,-0.668925,-0.693839,-0.686154,-0.654734,-0.606459,-0.546639,-0.479343,-0.407665,-0.333929,-0.259859
20/07/2018,20-Jul-18,-0.667324,-0.689599,-0.679251,-0.645268,-0.594608,-0.532627,-0.463414,-0.390067,-0.314903,-0.239634
23/07/2018,23-Jul-18,-0.659933,-0.680789,-0.668317,-0.63181,-0.578449,-0.51374,-0.44188,-0.366033,-0.288557,-0.211186
24/07/2018,24-Jul-18,-0.655132,-0.679335,-0.668269,-0.63189,-0.577856,-0.512019,-0.438814,-0.361573,-0.282763,-0.204184
25/07/2018,25-Jul-18,-0.662007,-0.679871,-0.665192,-0.627139,-0.572779,-0.507521,-0.435475,-0.359733,-0.282592,-0.205732
26/07/2018,26-Jul-18,-0.66791,-0.685138,-0.669946,-0.631473,-0.576762,-0.511205,-0.438899,-0.362928,-0.28558,-0.208531
27/07/2018,27-Jul-18,-0.691979,-0.696875,-0.672936,-0.628392,-0.569589,-0.501389,-0.427483,-0.350647,-0.272943,-0.195875
30/07/2018,30-Jul-18,-0.658425,-0.669809,-0.649182,-0.605725,-0.546498,-0.476888,-0.400976,-0.321815,-0.241666,-0.162169
31/07/2018,31-Jul-18,-0.640137,-0.653104,-0.634408,-0.593075,-0.53605,-0.468644,-0.39488,-0.317777,-0.239572,-0.161894
01/08/2018,01-Aug-18,-0.662386,-0.660263,-0.629657,-0.578958,-0.514598,-0.441473,-0.363275,-0.282757,-0.201942,-0.122287
02/08/2018,02-Aug-18,-0.648603,-0.656835,-0.633667,-0.58819,-0.527383,-0.456567,-0.37976,-0.299967,-0.219402,-0.139671
03/08/2018,03-Aug-18,-0.66973,-0.678503,-0.657123,-0.614177,-0.556287,-0.488521,-0.414729,-0.337804,-0.259893,-0.182563
06/08/2018,06-Aug-18,-0.652039,-0.667126,-0.650974,-0.61237,-0.558097,-0.493358,-0.422108,-0.34733,-0.271242,-0.195468
07/08/2018,07-Aug-18,-0.647606,-0.665154,-0.649851,-0.610992,-0.555738,-0.489568,-0.416642,-0.340085,-0.262216,-0.184727
08/08/2018,08-Aug-18,-0.627487,-0.65494,-0.646857,-0.613145,-0.56145,-0.497634,-0.426156,-0.350375,-0.272792,-0.195239
09/08/2018,09-Aug-18,-0.644182,-0.672288,-0.665395,-0.633136,-0.582968,-0.52063,-0.450501,-0.375896,-0.299294,-0.222523
10/08/2018,10-Aug-18,-0.653227,-0.687078,-0.685222,-0.65736,-0.611016,-0.55199,-0.484724,-0.412589,-0.338113,-0.26317
13/08/2018,13-Aug-18,-0.657597,-0.691312,-0.689186,-0.660966,-0.614212,-0.554753,-0.487049,-0.414483,-0.339595,-0.264264
14/08/2018,14-Aug-18,-0.653254,-0.685527,-0.682872,-0.654749,-0.608505,-0.54981,-0.48301,-0.411406,-0.337481,-0.263076
15/08/2018,15-Aug-18,-0.655505,-0.689447,-0.68849,-0.661992,-0.617236,-0.559857,-0.494185,-0.42352,-0.350352,-0.276534
16/08/2018,16-Aug-18,-0.65191,-0.685574,-0.684535,-0.658097,-0.6135,-0.556347,-0.490946,-0.420578,-0.347718,-0.274212
17/08/2018,17-Aug-18,-0.655711,-0.688657,-0.687556,-0.661478,-0.617494,-0.561088,-0.496482,-0.426898,-0.354777,-0.281939
20/08/2018,20-Aug-18,-0.666681,-0.695049,-0.690783,-0.662585,-0.617246,-0.560034,-0.495009,-0.425273,-0.353174,-0.280467
21/08/2018,21-Aug-18,-0.655132,-0.680845,-0.674165,-0.643801,-0.596538,-0.537635,-0.471134,-0.400124,-0.326932,-0.253297
22/08/2018,22-Aug-18,-0.656027,-0.675783,-0.665214,-0.632492,-0.583989,-0.524645,-0.458266,-0.387754,-0.315304,-0.242552
23/08/2018,23-Aug-18,-0.652611,-0.670783,-0.658738,-0.624683,-0.575009,-0.514663,-0.447445,-0.376252,-0.303266,-0.230109
24/08/2018,24-Aug-18,-0.640293,-0.661029,-0.650417,-0.616982,-0.567356,-0.50667,-0.438861,-0.366927,-0.293124,-0.219129
27/08/2018,27-Aug-18,-0.650154,-0.663719,-0.64771,-0.610231,-0.557589,-0.494661,-0.425191,-0.352027,-0.277312,-0.202635
28/08/2018,28-Aug-18,-0.637613,-0.654301,-0.64043,-0.604331,-0.552492,-0.489935,-0.420515,-0.347169,-0.27211,-0.196978
29/08/2018,29-Aug-18,-0.637724,-0.65082,-0.633606,-0.594459,-0.53989,-0.474922,-0.403402,-0.328252,-0.251661,-0.175247
30/08/2018,30-Aug-18,-0.656704,-0.673293,-0.659519,-0.623649,-0.572125,-0.509933,-0.440907,-0.367964,-0.293306,-0.218566
31/08/2018,31-Aug-18,-0.651172,-0.671035,-0.6602,-0.626955,-0.577765,-0.517641,-0.450441,-0.379109,-0.305867,-0.232372
03/09/2018,03-Sept-18,-0.643088,-0.668029,-0.660769,-0.629976,-0.58241,-0.523308,-0.4567,-0.385659,-0.312508,-0.238973
04/09/2018,04-Sept-18,-0.630561,-0.65199,-0.642652,-0.610808,-0.562904,-0.503946,-0.437791,-0.367386,-0.294961,-0.22218
05/09/2018,05-Sept-18,-0.617581,-0.634709,-0.621168,-0.585346,-0.53377,-0.471486,-0.402368,-0.329363,-0.254687,-0.179983
06/09/2018,06-Sept-18,-0.626622,-0.642215,-0.628334,-0.592983,-0.542399,-0.481419,-0.413764,-0.342272,-0.269085,-0.195795
07/09/2018,07-Sept-18,-0.626679,-0.637603,-0.62038,-0.582672,-0.530457,-0.468374,-0.399992,-0.328035,-0.254563,-0.181104
10/09/2018,10-Sept-18,-0.612815,-0.62544,-0.609303,-0.572209,-0.520252,-0.458159,-0.389572,-0.317274,-0.243364,-0.169408
11/09/2018,11-Sept-18,-0.620754,-0.625495,-0.603082,-0.561005,-0.505101,-0.439894,-0.368859,-0.294642,-0.219237,-0.144121
12/09/2018,12-Sept-18,-0.627472,-0.633137,-0.612427,-0.572506,-0.518975,-0.45619,-0.387515,-0.315522,-0.242159,-0.168881
13/09/2018,13-Sept-18,-0.623701,-0.63046,-0.609332,-0.567998,-0.512444,-0.447304,-0.376142,-0.301672,-0.225936,-0.150449
14/09/2018,14-Sept-18,-0.61233,-0.621936,-0.601939,-0.560572,-0.504231,-0.437852,-0.365216,-0.289191,-0.211926,-0.135004
17/09/2018,17-Sept-18,-0.623506,-0.624305,-0.597672,-0.551421,-0.4916,-0.422862,-0.348753,-0.271948,-0.194439,-0.117684
18/09/2018,18-Sept-18,-0.622905,-0.623046,-0.595435,-0.548035,-0.487001,-0.417057,-0.341798,-0.263931,-0.185464,-0.107865
19/09/2018,19-Sept-18,-0.613554,-0.617384,-0.591832,-0.545319,-0.484349,-0.41391,-0.337795,-0.258856,-0.179212,-0.100404
20/09/2018,20-Sept-18,-0.627063,-0.625059,-0.595509,-0.546346,-0.483705,-0.412291,-0.335684,-0.25658,-0.176976,-0.098331
21/09/2018,21-Sept-18,-0.626583,-0.628775,-0.602987,-0.55715,-0.497413,-0.428508,-0.354045,-0.276755,-0.198669,-0.121281
24/09/2018,24-Sept-18,-0.630905,-0.620044,-0.583537,-0.52901,-0.462333,-0.387982,-0.309342,-0.228938,-0.148629,-0.069752
25/09/2018,25-Sept-18,-0.630361,-0.61739,-0.578348,-0.521129,-0.45178,-0.374897,-0.293936,-0.211464,-0.129357,-0.048953
26/09/2018,26-Sept-18,-0.629513,-0.614376,-0.573874,-0.515752,-0.445938,-0.368928,-0.2881,-0.205957,-0.12432,-0.044489
27/09/2018,27-Sept-18,-0.638509,-0.620028,-0.577011,-0.517114,-0.446171,-0.368588,-0.287655,-0.205792,-0.124752,-0.045766
28/09/2018,28-Sept-18,-0.63517,-0.630101,-0.597326,-0.545143,-0.479911,-0.406457,-0.328414,-0.248478,-0.168621,-0.090254
01/10/2018,01-Oct-18,-0.63655,-0.633026,-0.600123,-0.54667,-0.479422,-0.403502,-0.322761,-0.24005,-0.157452,-0.07645
02/10/2018,02-Oct-18,-0.635142,-0.640669,-0.61622,-0.570464,-0.510078,-0.440169,-0.364607,-0.286292,-0.207367,-0.129385
03/10/2018,03-Oct-18,-0.636864,-0.63631,-0.606956,-0.557297,-0.493855,-0.421602,-0.344287,-0.264707,-0.184918,-0.106396
04/10/2018,04-Oct-18,-0.648754,-0.632584,-0.590209,-0.529781,-0.457512,-0.378091,-0.295019,-0.210874,-0.127517,-0.04626
05/10/2018,05-Oct-18,-0.647964,-0.633884,-0.591651,-0.530035,-0.455711,-0.37371,-0.287786,-0.200696,-0.114427,-0.030377
08/10/2018,08-Oct-18,-0.654142,-0.646548,-0.60875,-0.550003,-0.477362,-0.396161,-0.310387,-0.22298,-0.136071,-0.051164
09/10/2018,09-Oct-18,-0.650959,-0.645182,-0.608692,-0.550821,-0.478696,-0.397716,-0.311924,-0.22431,-0.137045,-0.05167
10/10/2018,10-Oct-18,-0.660876,-0.643335,-0.598502,-0.534917,-0.459077,-0.375887,-0.289,-0.201102,-0.114131,-0.029447
11/10/2018,11-Oct-18,-0.677776,-0.661292,-0.617143,-0.553996,-0.478445,-0.395456,-0.308728,-0.220977,-0.134158,-0.049641
12/10/2018,12-Oct-18,-0.690532,-0.67426,-0.63086,-0.568764,-0.494397,-0.412611,-0.327031,-0.240325,-0.154422,-0.070682
15/10/2018,15-Oct-18,-0.710871,-0.691815,-0.646604,-0.583354,-0.508262,-0.426016,-0.340125,-0.253179,-0.167054,-0.083074
16/10/2018,16-Oct-18,-0.725372,-0.699776,-0.650615,-0.585277,-0.509403,-0.427266,-0.342066,-0.256163,-0.171269,-0.088591
17/10/2018,17-Oct-18,-0.720773,-0.700983,-0.656434,-0.594733,-0.521706,-0.441777,-0.358271,-0.27365,-0.189711,-0.10773
18/10/2018,18-Oct-18,-0.729136,-0.711133,-0.667506,-0.606116,-0.532982,-0.452674,-0.368621,-0.283364,-0.198755,-0.116108
19/10/2018,19-Oct-18,-0.747868,-0.729713,-0.686061,-0.624762,-0.551823,-0.471797,-0.3881,-0.303258,-0.219109,-0.136956
22/10/2018,22-Oct-18,-0.740133,-0.718423,-0.672419,-0.609687,-0.536007,-0.455755,-0.372209,-0.287787,-0.204243,-0.122818
23/10/2018,23-Oct-18,-0.748526,-0.726487,-0.681008,-0.619352,-0.54708,-0.468406,-0.386495,-0.303687,-0.221684,-0.141693
24/10/2018,24-Oct-18,-0.742395,-0.729739,-0.691029,-0.634111,-0.565009,-0.48831,-0.40747,-0.325061,-0.242966,-0.162532
25/10/2018,25-Oct-18,-0.752997,-0.735702,-0.6939,-0.635025,-0.564788,-0.487534,-0.40654,-0.324241,-0.242422,-0.162359
26/10/2018,26-Oct-18,-0.762356,-0.74528,-0.704899,-0.648186,-0.580515,-0.505995,-0.427736,-0.348064,-0.268691,-0.190854
29/10/2018,29-Oct-18,-0.764669,-0.740918,-0.695292,-0.63442,-0.563414,-0.48618,-0.405677,-0.324114,-0.243118,-0.163858
30/10/2018,30-Oct-18,-0.76996,-0.747224,-0.703044,-0.643839,-0.574572,-0.499049,-0.420162,-0.340079,-0.260404,-0.182297
31/10/2018,31-Oct-18,-0.751715,-0.730937,-0.688136,-0.6299,-0.561316,-0.486282,-0.407757,-0.327958,-0.248524,-0.170639
01/11/2018,01-Nov-18,-0.737977,-0.723392,-0.683785,-0.626645,-0.557738,-0.481467,-0.401164,-0.319312,-0.237741,-0.157764
02/11/2018,02-Nov-18,-0.723628,-0.715974,-0.680005,-0.624178,-0.554989,-0.477389,-0.395112,-0.310939,-0.22691,-0.144485
05/11/2018,05-Nov-18,-0.70006,-0.701524,-0.672278,-0.621321,-0.55558,-0.480345,-0.399616,-0.316386,-0.232854,-0.150609
06/11/2018,06-Nov-18,-0.724605,-0.712856,-0.674782,-0.618209,-0.549169,-0.472269,-0.390998,-0.307963,-0.225083,-0.143741
07/11/2018,07-Nov-18,-0.706967,-0.693089,-0.653645,-0.596277,-0.526868,-0.449915,-0.368816,-0.286113,-0.203672,-0.122836
08/11/2018,08-Nov-18,-0.704433,-0.693444,-0.655449,-0.598517,-0.528854,-0.451198,-0.369126,-0.285307,-0.201703,-0.119719
09/11/2018,09-Nov-18,-0.709717,-0.700607,-0.664963,-0.610609,-0.54358,-0.468497,-0.38886,-0.307292,-0.225727,-0.145564
12/11/2018,12-Nov-18,-0.710451,-0.704418,-0.671944,-0.620678,-0.556543,-0.484091,-0.406789,-0.327247,-0.247406,-0.168677
13/11/2018,13-Nov-18,-0.708401,-0.699609,-0.665355,-0.613001,-0.548254,-0.475507,-0.398108,-0.318586,-0.238818,-0.160178
14/11/2018,14-Nov-18,-0.703275,-0.696777,-0.663711,-0.611728,-0.546759,-0.473373,-0.395055,-0.314435,-0.233471,-0.153593
15/11/2018,15-Nov-18,-0.700145,-0.704916,-0.681316,-0.637193,-0.578674,-0.510508,-0.436347,-0.358975,-0.280486,-0.20243
16/11/2018,16-Nov-18,-0.699417,-0.702863,-0.678153,-0.633106,-0.57382,-0.505023,-0.430346,-0.352557,-0.273732,-0.195411
19/11/2018,19-Nov-18,-0.71523,-0.705052,-0.670766,-0.619197,-0.555668,-0.484304,-0.408272,-0.329981,-0.25124,-0.173384
20/11/2018,20-Nov-18,-0.714155,-0.708767,-0.678669,-0.630748,-0.570389,-0.501773,-0.428121,-0.351887,-0.274921,-0.198597
21/11/2018,21-Nov-18,-0.721094,-0.708331,-0.6727,-0.620691,-0.557365,-0.48665,-0.411562,-0.3344,-0.256886,-0.180295
22/11/2018,22-Nov-18,-0.708536,-0.698949,-0.66557,-0.615093,-0.552746,-0.482586,-0.407736,-0.330575,-0.252893,-0.176014
23/11/2018,23-Nov-18,-0.696371,-0.695815,-0.669578,-0.624758,-0.566906,-0.500335,-0.42837,-0.353547,-0.277782,-0.202495
26/11/2018,26-Nov-18,-0.696975,-0.690841,-0.660086,-0.611624,-0.550855,-0.481964,-0.408167,-0.331914,-0.255045,-0.178923
27/11/2018,27-Nov-18,-0.70103,-0.698208,-0.670327,-0.624316,-0.565595,-0.498382,-0.425929,-0.350721,-0.274636,-0.199067
28/11/2018,28-Nov-18,-0.705042,-0.698943,-0.668676,-0.620945,-0.561001,-0.492927,-0.419873,-0.34425,-0.267877,-0.192104
29/11/2018,29-Nov-18,-0.708169,-0.705935,-0.679185,-0.634603,-0.577441,-0.511794,-0.440835,-0.366998,-0.29213,-0.217611
30/11/2018,30-Nov-18,-0.688624,-0.695103,-0.675283,-0.636189,-0.583348,-0.521083,-0.452751,-0.380938,-0.307614,-0.234259
03/12/2018,03-Dec-18,-0.688292,-0.694167,-0.673724,-0.634027,-0.580631,-0.517876,-0.449128,-0.376976,-0.30339,-0.229846
04/12/2018,04-Dec-18,-0.697613,-0.702993,-0.68266,-0.64352,-0.590999,-0.529338,-0.461828,-0.390998,-0.318773,-0.246597
05/12/2018,05-Dec-18,-0.696276,-0.702107,-0.682437,-0.644105,-0.592487,-0.531785,-0.465259,-0.395417,-0.324167,-0.252941
06/12/2018,06-Dec-18,-0.705577,-0.713395,-0.695736,-0.659398,-0.609729,-0.550911,-0.486189,-0.418063,-0.348435,-0.278737
07/12/2018,07-Dec-18,-0.711238,-0.705786,-0.67833,-0.63488,-0.580156,-0.517849,-0.450817,-0.381257,-0.310838,-0.240807
10/12/2018,10-Dec-18,-0.711481,-0.693909,-0.658726,-0.610907,-0.554355,-0.49211,-0.426522,-0.35939,-0.292073,-0.225579
11/12/2018,11-Dec-18,-0.716151,-0.70799,-0.678882,-0.634657,-0.57988,-0.518107,-0.452082,-0.383903,-0.315156,-0.247019
12/12/2018,12-Dec-18,-0.72475,-0.705511,-0.668131,-0.617857,-0.558785,-0.494088,-0.426207,-0.356992,-0.287834,-0.219754
13/12/2018,13-Dec-18,-0.733691,-0.714997,-0.678213,-0.628494,-0.569876,-0.505502,-0.437795,-0.368604,-0.299324,-0.230987
14/12/2018,14-Dec-18,-0.756583,-0.734273,-0.695253,-0.644176,-0.584716,-0.519755,-0.451539,-0.381799,-0.311853,-0.242694
17/12/2018,17-Dec-18,-0.788169,-0.752742,-0.704041,-0.645967,-0.581593,-0.513324,-0.443025,-0.372126,-0.30171,-0.232583
18/12/2018,18-Dec-18,-0.794153,-0.756896,-0.706993,-0.648218,-0.583538,-0.515272,-0.445213,-0.374736,-0.304877,-0.236404
19/12/2018,19-Dec-18,-0.787119,-0.749415,-0.699505,-0.641047,-0.576917,-0.509363,-0.440123,-0.370529,-0.301586,-0.234036
20/12/2018,20-Dec-18,-0.790076,-0.750549,-0.699758,-0.641136,-0.577382,-0.510601,-0.442421,-0.374083,-0.306525,-0.240437
21/12/2018,21-Dec-18,-0.789807,-0.755688,-0.707833,-0.650338,-0.586415,-0.518567,-0.448723,-0.378354,-0.308568,-0.240179
27/12/2018,27-Dec-18,-0.784578,-0.747759,-0.706037,-0.65743,-0.601948,-0.540633,-0.47496,-0.406492,-0.336688,-0.266807
28/12/2018,28-Dec-18,-0.785323,-0.748986,-0.707225,-0.658248,-0.602184,-0.54015,-0.473671,-0.404341,-0.333641,-0.262847
02/01/2019,02-Jan-19,-0.656645,-0.688424,-0.690399,-0.669686,-0.63217,-0.582639,-0.524929,-0.462066,-0.396402,-0.329729
03/01/2019,03-Jan-19,-0.641681,-0.673208,-0.67539,-0.655076,-0.617986,-0.568814,-0.511346,-0.448592,-0.3829,-0.316077
04/01/2019,04-Jan-19,-0.644973,-0.659218,-0.655599,-0.634953,-0.599617,-0.552508,-0.496588,-0.434582,-0.368837,-0.301293
07/01/2019,07-Jan-19,-0.627281,-0.643783,-0.641268,-0.621071,-0.585836,-0.538659,-0.482608,-0.420462,-0.354597,-0.286962
08/01/2019,08-Jan-19,-0.636528,-0.644449,-0.635358,-0.610184,-0.571231,-0.521321,-0.463298,-0.399764,-0.332954,-0.264709
09/01/2019,09-Jan-19,-0.621895,-0.634994,-0.630084,-0.608295,-0.572077,-0.524368,-0.468102,-0.405954,-0.340224,-0.272804
10/01/2019,10-Jan-19,-0.621124,-0.637779,-0.636734,-0.618852,-0.586392,-0.54216,-0.489014,-0.429594,-0.366192,-0.300716
11/01/2019,11-Jan-19,-0.619047,-0.635164,-0.635262,-0.61941,-0.589356,-0.547592,-0.496787,-0.439484,-0.377932,-0.314029
14/01/2019,14-Jan-19,-0.606772,-0.630235,-0.635238,-0.622626,-0.594677,-0.554243,-0.504242,-0.447384,-0.386035,-0.32217
15/01/2019,15-Jan-19,-0.615692,-0.639868,-0.645597,-0.633603,-0.6061,-0.565913,-0.515962,-0.458968,-0.397321,-0.333023
16/01/2019,16-Jan-19,-0.605669,-0.630611,-0.635984,-0.62307,-0.594417,-0.553047,-0.501982,-0.443998,-0.381499,-0.316485
17/01/2019,17-Jan-19,-0.597146,-0.623077,-0.628143,-0.614323,-0.584586,-0.542188,-0.490272,-0.431659,-0.36876,-0.303559
18/01/2019,18-Jan-19,-0.604124,-0.627832,-0.630174,-0.61359,-0.581293,-0.53665,-0.482839,-0.42267,-0.358524,-0.292341
21/01/2019,21-Jan-19,-0.599764,-0.622438,-0.624214,-0.607363,-0.574978,-0.530344,-0.476585,-0.416478,-0.352381,-0.286225
22/01/2019,22-Jan-19,-0.606633,-0.626595,-0.627362,-0.610598,-0.578979,-0.535508,-0.483117,-0.424457,-0.361806,-0.297049
23/01/2019,23-Jan-19,-0.60124,-0.622024,-0.623727,-0.607917,-0.577208,-0.53457,-0.482917,-0.424896,-0.362786,-0.298476
24/01/2019,24-Jan-19,-0.594643,-0.610638,-0.61357,-0.602339,-0.577835,-0.541942,-0.496921,-0.445054,-0.388439,-0.328903
25/01/2019,25-Jan-19,-0.601911,-0.616687,-0.616317,-0.60107,-0.572625,-0.533277,-0.485469,-0.431523,-0.373502,-0.313155
28/01/2019,28-Jan-19,-0.594081,-0.612966,-0.612334,-0.595224,-0.56475,-0.523858,-0.475196,-0.421059,-0.363376,-0.303731
29/01/2019,29-Jan-19,-0.585421,-0.602972,-0.602418,-0.586194,-0.557015,-0.517571,-0.470353,-0.417562,-0.361079,-0.30247
30/01/2019,30-Jan-19,-0.589071,-0.599895,-0.595794,-0.578127,-0.548864,-0.510186,-0.464239,-0.412994,-0.358181,-0.301269
31/01/2019,31-Jan-19,-0.593271,-0.601981,-0.59817,-0.582182,-0.555319,-0.519328,-0.476082,-0.427395,-0.37491,-0.320057
01/02/2019,01-Feb-19,-0.585836,-0.603776,-0.605339,-0.592186,-0.566517,-0.530687,-0.48698,-0.437477,-0.383997,-0.32808
04/02/2019,04-Feb-19,-0.572624,-0.594155,-0.597179,-0.584167,-0.557867,-0.521003,-0.476093,-0.425367,-0.370734,-0.313781
05/02/2019,05-Feb-19,-0.570275,-0.591553,-0.593633,-0.579373,-0.551761,-0.513663,-0.467673,-0.416055,-0.360723,-0.303255
06/02/2019,06-Feb-19,-0.558015,-0.574079,-0.575376,-0.562982,-0.538691,-0.50458,-0.462746,-0.415148,-0.363527,-0.309376
07/02/2019,07-Feb-19,-0.553214,-0.57787,-0.587238,-0.582174,-0.564356,-0.535823,-0.498686,-0.454949,-0.406425,-0.354684
08/02/2019,08-Feb-19,-0.546302,-0.574138,-0.587029,-0.585541,-0.571166,-0.54583,-0.511579,-0.470393,-0.424079,-0.374222
11/02/2019,11-Feb-19,-0.549345,-0.570225,-0.578314,-0.573459,-0.556661,-0.52951,-0.493833,-0.451462,-0.404114,-0.353315
12/02/2019,12-Feb-19,-0.549992,-0.566237,-0.573885,-0.569906,-0.553852,-0.526706,-0.490155,-0.44613,-0.396547,-0.343158
13/02/2019,13-Feb-19,-0.558699,-0.566331,-0.568481,-0.561278,-0.543619,-0.515983,-0.479679,-0.436361,-0.387745,-0.33544
14/02/2019,14-Feb-19,-0.556032,-0.567445,-0.572862,-0.568741,-0.554118,-0.529514,-0.496222,-0.455863,-0.410114,-0.36055
15/02/2019,15-Feb-19,-0.556771,-0.567228,-0.571346,-0.565812,-0.549793,-0.523875,-0.489384,-0.447949,-0.401241,-0.350828
18/02/2019,18-Feb-19,-0.559701,-0.570046,-0.574335,-0.569043,-0.553206,-0.527339,-0.492736,-0.451017,-0.403865,-0.352862
19/02/2019,19-Feb-19,-0.581708,-0.587885,-0.587613,-0.578161,-0.55891,-0.530463,-0.49406,-0.451209,-0.403455,-0.352248
20/02/2019,20-Feb-19,-0.573528,-0.582989,-0.584982,-0.577147,-0.559108,-0.531623,-0.496028,-0.45389,-0.406789,-0.356193
21/02/2019,21-Feb-19,-0.568465,-0.575983,-0.574176,-0.561816,-0.539205,-0.507483,-0.468177,-0.422922,-0.373296,-0.320725
22/02/2019,22-Feb-19,-0.580278,-0.584865,-0.583151,-0.572665,-0.552868,-0.524344,-0.488264,-0.446051,-0.399161,-0.348969
25/02/2019,25-Feb-19,-0.562892,-0.569725,-0.569375,-0.559698,-0.540371,-0.512119,-0.476204,-0.434103,-0.387308,-0.337208
26/02/2019,26-Feb-19,-0.572833,-0.575007,-0.57119,-0.559026,-0.537993,-0.508641,-0.472086,-0.429682,-0.382824,-0.332827
27/02/2019,27-Feb-19,-0.563829,-0.566782,-0.561843,-0.547518,-0.523842,-0.491712,-0.452447,-0.407516,-0.358369,-0.306336
28/02/2019,28-Feb-19,-0.569533,-0.567277,-0.556971,-0.537564,-0.509323,-0.473243,-0.430665,-0.383025,-0.331715,-0.278002
01/03/2019,01-Mar-19,-0.568412,-0.562844,-0.549827,-0.528155,-0.497981,-0.460216,-0.416139,-0.367144,-0.314591,-0.259724
04/03/2019,04-Mar-19,-0.56133,-0.557622,-0.547571,-0.529399,-0.502885,-0.4687,-0.427978,-0.382036,-0.332199,-0.279707
05/03/2019,05-Mar-19,-0.567932,-0.563554,-0.553307,-0.535233,-0.508983,-0.475143,-0.43479,-0.389202,-0.339686,-0.287467
06/03/2019,06-Mar-19,-0.559088,-0.558525,-0.55291,-0.539727,-0.518268,-0.488902,-0.452585,-0.410546,-0.364079,-0.31443
07/03/2019,07-Mar-19,-0.572972,-0.576632,-0.575028,-0.5658,-0.548239,-0.522646,-0.489885,-0.4511,-0.407521,-0.360349
08/03/2019,08-Mar-19,-0.567024,-0.570652,-0.568066,-0.557602,-0.538953,-0.512629,-0.479583,-0.440968,-0.397982,-0.351772
11/03/2019,11-Mar-19,-0.568113,-0.570534,-0.568399,-0.559323,-0.542517,-0.51817,-0.487034,-0.450145,-0.408638,-0.363637
12/03/2019,12-Mar-19,-0.569679,-0.573161,-0.571143,-0.561621,-0.544062,-0.518825,-0.48677,-0.448998,-0.406681,-0.36096
13/03/2019,13-Mar-19,-0.569679,-0.573161,-0.571143,-0.561621,-0.544062,-0.518825,-0.48677,-0.448998,-0.406681,-0.36096
14/03/2019,14-Mar-19,-0.571761,-0.574112,-0.570322,-0.558762,-0.539135,-0.511944,-0.478127,-0.438821,-0.395208,-0.348418
15/03/2019,15-Mar-19,-0.568867,-0.569475,-0.564749,-0.552809,-0.533173,-0.506209,-0.472762,-0.433902,-0.390764,-0.34445
18/03/2019,18-Mar-19,-0.560415,-0.56344,-0.559832,-0.548261,-0.528602,-0.501444,-0.467764,-0.428706,-0.385442,-0.339086
19/03/2019,19-Mar-19,-0.564745,-0.563284,-0.555566,-0.54035,-0.51754,-0.487716,-0.451821,-0.410953,-0.366235,-0.318733
20/03/2019,20-Mar-19,-0.561593,-0.560979,-0.554755,-0.541418,-0.520676,-0.492966,-0.459136,-0.42022,-0.3773,-0.33142
21/03/2019,21-Mar-19,-0.56543,-0.569641,-0.567051,-0.556668,-0.538505,-0.513177,-0.481618,-0.444904,-0.404126,-0.360323
22/03/2019,22-Mar-19,-0.577157,-0.585628,-0.586705,-0.579774,-0.565053,-0.543247,-0.515315,-0.482317,-0.445312,-0.405297
25/03/2019,25-Mar-19,-0.582424,-0.590235,-0.589855,-0.581035,-0.564241,-0.54034,-0.510396,-0.475529,-0.43683,-0.395307
26/03/2019,26-Mar-19,-0.573108,-0.582255,-0.582689,-0.57441,-0.558039,-0.534543,-0.505039,-0.470676,-0.432553,-0.391679
27/03/2019,27-Mar-19,-0.597813,-0.62238,-0.633965,-0.633636,-0.622815,-0.603064,-0.57595,-0.542957,-0.505438,-0.464595
28/03/2019,28-Mar-19,-0.590696,-0.606023,-0.612085,-0.608812,-0.596803,-0.577026,-0.550627,-0.518793,-0.482671,-0.443323
29/03/2019,29-Mar-19,-0.586941,-0.610297,-0.621042,-0.620109,-0.608824,-0.588685,-0.561218,-0.527878,-0.490005,-0.448789
01/04/2019,01-Apr-19,-0.586004,-0.607146,-0.616218,-0.613949,-0.601529,-0.580366,-0.551926,-0.517633,-0.478806,-0.43663
02/04/2019,02-Apr-19,-0.585763,-0.611699,-0.623088,-0.621512,-0.608769,-0.586689,-0.55703,-0.52141,-0.481275,-0.437884
03/04/2019,03-Apr-19,-0.582602,-0.601467,-0.607569,-0.601963,-0.586066,-0.56144,-0.529651,-0.492186,-0.450399,-0.40549
04/04/2019,04-Apr-19,-0.581019,-0.599622,-0.605678,-0.600227,-0.584664,-0.560528,-0.529362,-0.492629,-0.451661,-0.407637
05/04/2019,05-Apr-19,-0.576568,-0.593837,-0.59906,-0.593116,-0.577287,-0.553037,-0.521854,-0.485169,-0.444289,-0.400379
08/04/2019,08-Apr-19,-0.576402,-0.593988,-0.599286,-0.593265,-0.57727,-0.552806,-0.521394,-0.484481,-0.443387,-0.399283
09/04/2019,09-Apr-19,-0.571061,-0.588743,-0.59494,-0.590274,-0.575856,-0.553037,-0.523237,-0.487844,-0.448147,-0.405301
10/04/2019,10-Apr-19,-0.571489,-0.595839,-0.607644,-0.607604,-0.596928,-0.577066,-0.549544,-0.515843,-0.477343,-0.435279
11/04/2019,11-Apr-19,-0.569245,-0.594125,-0.605423,-0.604247,-0.59209,-0.570603,-0.541439,-0.506165,-0.466211,-0.422841
12/04/2019,12-Apr-19,-0.568811,-0.585269,-0.588787,-0.580579,-0.56218,-0.535234,-0.501361,-0.462078,-0.418752,-0.37258
15/04/2019,15-Apr-19,-0.56888,-0.583867,-0.586258,-0.577067,-0.557705,-0.529748,-0.494782,-0.454311,-0.409706,-0.362179
16/04/2019,16-Apr-19,-0.573333,-0.589386,-0.592672,-0.584204,-0.565405,-0.537867,-0.503195,-0.462917,-0.418421,-0.370935
17/04/2019,17-Apr-19,-0.575716,-0.592595,-0.59472,-0.583955,-0.562307,-0.531758,-0.494167,-0.451211,-0.404364,-0.354888
18/04/2019,18-Apr-19,-0.564362,-0.585141,-0.592595,-0.587866,-0.572462,-0.548031,-0.516216,-0.47857,-0.4365,-0.39125
23/04/2019,23-Apr-19,-0.565605,-0.588117,-0.595824,-0.590413,-0.573778,-0.547834,-0.514407,-0.475168,-0.431601,-0.384991
24/04/2019,24-Apr-19,-0.567044,-0.593814,-0.605635,-0.604142,-0.591194,-0.568685,-0.53843,-0.502097,-0.461174,-0.416958
25/04/2019,25-Apr-19,-0.569922,-0.597626,-0.609804,-0.608297,-0.595106,-0.572225,-0.541538,-0.504757,-0.463401,-0.418781
26/04/2019,26-Apr-19,-0.568361,-0.596788,-0.610146,-0.610013,-0.59822,-0.576655,-0.547144,-0.511372,-0.470847,-0.426887
29/04/2019,29-Apr-19,-0.574969,-0.594069,-0.600983,-0.596424,-0.581602,-0.557965,-0.527027,-0.490256,-0.449009,-0.404504
30/04/2019,30-Apr-19,-0.576941,-0.595395,-0.600613,-0.593787,-0.576463,-0.550311,-0.516988,-0.47805,-0.4349,-0.388772
02/05/2019,02-May-19,-0.583815,-0.597546,-0.603558,-0.600087,-0.586919,-0.564749,-0.534754,-0.498311,-0.456821,-0.411608
03/05/2019,03-May-19,-0.583023,-0.598881,-0.605983,-0.602884,-0.589606,-0.567016,-0.536411,-0.499256,-0.45701,-0.411038
06/05/2019,06-May-19,-0.581124,-0.596237,-0.603305,-0.600593,-0.587923,-0.566036,-0.536145,-0.499665,-0.45803,-0.412591
07/05/2019,07-May-19,-0.591868,-0.607901,-0.61709,-0.617176,-0.607616,-0.588891,-0.562051,-0.528402,-0.489321,-0.446132
08/05/2019,08-May-19,-0.600566,-0.619226,-0.629638,-0.630141,-0.620578,-0.60168,-0.574643,-0.540859,-0.501745,-0.458639
09/05/2019,09-May-19,-0.601535,-0.626058,-0.639897,-0.642199,-0.633378,-0.614558,-0.587204,-0.55289,-0.513152,-0.469405
10/05/2019,10-May-19,-0.599807,-0.618915,-0.628897,-0.628422,-0.617566,-0.597215,-0.56867,-0.533391,-0.492838,-0.448374
13/05/2019,13-May-19,-0.595415,-0.620568,-0.634744,-0.637216,-0.628478,-0.609698,-0.582371,-0.548084,-0.508381,-0.464677
14/05/2019,14-May-19,-0.596317,-0.627494,-0.645001,-0.649119,-0.641022,-0.622334,-0.594841,-0.560315,-0.520406,-0.476588
15/05/2019,15-May-19,-0.593682,-0.634163,-0.658369,-0.667352,-0.662835,-0.646825,-0.621382,-0.588465,-0.549855,-0.507119
16/05/2019,16-May-19,-0.590154,-0.622099,-0.640703,-0.646099,-0.639358,-0.622032,-0.595862,-0.562589,-0.523847,-0.481103
17/05/2019,17-May-19,-0.596175,-0.618401,-0.635499,-0.643547,-0.641164,-0.628502,-0.606561,-0.576751,-0.540617,-0.49967
20/05/2019,20-May-19,-0.586672,-0.613448,-0.63277,-0.641519,-0.638878,-0.625378,-0.602278,-0.57116,-0.533679,-0.491414
21/05/2019,21-May-19,-0.583659,-0.607257,-0.624771,-0.632542,-0.629387,-0.615604,-0.592303,-0.56098,-0.523241,-0.480644
22/05/2019,22-May-19,-0.581355,-0.604079,-0.62166,-0.630032,-0.627745,-0.614927,-0.592583,-0.562146,-0.525192,-0.483265
23/05/2019,23-May-19,-0.582853,-0.613621,-0.634891,-0.644911,-0.643531,-0.631544,-0.610249,-0.581155,-0.545804,-0.505655
24/05/2019,24-May-19,-0.581699,-0.61208,-0.632636,-0.641824,-0.639622,-0.626899,-0.60499,-0.57542,-0.53973,-0.49937
27/05/2019,27-May-19,-0.574564,-0.613249,-0.639485,-0.652612,-0.653207,-0.642537,-0.622201,-0.593895,-0.559267,-0.519837
28/05/2019,28-May-19,-0.580768,-0.616439,-0.641193,-0.653872,-0.654695,-0.644674,-0.625228,-0.597929,-0.564343,-0.525934
29/05/2019,29-May-19,-0.584271,-0.620078,-0.645381,-0.658963,-0.660964,-0.652318,-0.634374,-0.608641,-0.576636,-0.539785
30/05/2019,30-May-19,-0.594517,-0.625215,-0.64701,-0.658149,-0.658412,-0.648486,-0.629556,-0.603025,-0.570339,-0.532882
31/05/2019,31-May-19,-0.597911,-0.6417,-0.67136,-0.686949,-0.689491,-0.680524,-0.661796,-0.63508,-0.602056,-0.56425
03/06/2019,03-Jun-19,-0.595564,-0.630152,-0.654578,-0.667744,-0.66982,-0.661713,-0.644715,-0.620265,-0.589808,-0.554704
04/06/2019,04-Jun-19,-0.588128,-0.624901,-0.650239,-0.663621,-0.665585,-0.65727,-0.640101,-0.61559,-0.585214,-0.550336
05/06/2019,05-Jun-19,-0.588778,-0.630663,-0.661023,-0.678967,-0.684845,-0.679719,-0.665018,-0.642298,-0.613105,-0.578882
06/06/2019,06-Jun-19,-0.583859,-0.616751,-0.641225,-0.655633,-0.659733,-0.654129,-0.639892,-0.618306,-0.590708,-0.55838
07/06/2019,07-Jun-19,-0.590507,-0.629939,-0.658439,-0.675356,-0.681102,-0.676696,-0.663465,-0.642842,-0.616238,-0.584973
10/06/2019,10-Jun-19,-0.58285,-0.622798,-0.651312,-0.667722,-0.672464,-0.666616,-0.65157,-0.628831,-0.599883,-0.566107
11/06/2019,11-Jun-19,-0.590129,-0.629056,-0.656779,-0.67264,-0.677068,-0.671117,-0.656152,-0.633649,-0.60506,-0.571741
12/06/2019,12-Jun-19,-0.590445,-0.631693,-0.660558,-0.6768,-0.681142,-0.674846,-0.659418,-0.636425,-0.607378,-0.573668
13/06/2019,13-Jun-19,-0.592475,-0.632833,-0.66117,-0.677185,-0.681547,-0.675465,-0.6604,-0.637882,-0.609389,-0.576285
14/06/2019,14-Jun-19,-0.592369,-0.641173,-0.67359,-0.690951,-0.695048,-0.687843,-0.671295,-0.647246,-0.617362,-0.58311
17/06/2019,17-Jun-19,-0.587413,-0.636138,-0.668678,-0.686197,-0.690388,-0.683169,-0.666479,-0.642163,-0.6119,-0.577172
18/06/2019,18-Jun-19,-0.62318,-0.685273,-0.72724,-0.751328,-0.760028,-0.755834,-0.74111,-0.718006,-0.688422,-0.654003
19/06/2019,19-Jun-19,-0.617219,-0.674097,-0.711851,-0.732585,-0.738654,-0.732437,-0.716191,-0.691977,-0.661621,-0.6267
20/06/2019,20-Jun-19,-0.647021,-0.698526,-0.73229,-0.750226,-0.754501,-0.747317,-0.730772,-0.70679,-0.677075,-0.643104
21/06/2019,21-Jun-19,-0.623981,-0.679211,-0.713724,-0.730615,-0.732859,-0.723197,-0.704079,-0.677642,-0.645715,-0.609838
24/06/2019,24-Jun-19,-0.628325,-0.681826,-0.716411,-0.734423,-0.738328,-0.730529,-0.713259,-0.688525,-0.658085,-0.623447
25/06/2019,25-Jun-19,-0.636118,-0.688203,-0.722822,-0.741831,-0.747338,-0.741484,-0.726317,-0.703716,-0.675353,-0.642678
26/06/2019,26-Jun-19,-0.634443,-0.686286,-0.720558,-0.739139,-0.744153,-0.737757,-0.722014,-0.698812,-0.669832,-0.636536
27/06/2019,27-Jun-19,-0.645215,-0.689139,-0.717905,-0.732748,-0.735309,-0.727389,-0.710783,-0.687186,-0.658135,-0.624986
28/06/2019,28-Jun-19,-0.637571,-0.690687,-0.726007,-0.745418,-0.751057,-0.745101,-0.72963,-0.706554,-0.677574,-0.644169
01/07/2019,01-Jul-19,-0.638357,-0.694262,-0.732489,-0.754736,-0.76302,-0.759449,-0.746071,-0.724785,-0.6973,-0.665114
02/07/2019,02-Jul-19,-0.646948,-0.706207,-0.744761,-0.765964,-0.772808,-0.767934,-0.753635,-0.731888,-0.704379,-0.672528
03/07/2019,03-Jul-19,-0.650281,-0.703969,-0.739456,-0.759447,-0.766434,-0.762671,-0.750158,-0.730646,-0.705652,-0.676471
04/07/2019,04-Jul-19,-0.659187,-0.708831,-0.74225,-0.761532,-0.768717,-0.765727,-0.754325,-0.736095,-0.712435,-0.684563
05/07/2019,05-Jul-19,-0.653591,-0.703048,-0.7341,-0.749689,-0.752463,-0.74477,-0.728661,-0.705909,-0.678031,-0.646311
08/07/2019,08-Jul-19,-0.646457,-0.699519,-0.734356,-0.753746,-0.760223,-0.756058,-0.743256,-0.723565,-0.698492,-0.66932
09/07/2019,09-Jul-19,-0.644618,-0.694228,-0.725969,-0.742562,-0.746495,-0.740005,-0.725066,-0.703403,-0.676503,-0.645634
10/07/2019,10-Jul-19,-0.639601,-0.690565,-0.721352,-0.735499,-0.736087,-0.725771,-0.706824,-0.681172,-0.650433,-0.615958
11/07/2019,11-Jul-19,-0.656633,-0.699817,-0.724837,-0.73465,-0.731913,-0.71897,-0.697872,-0.670384,-0.638015,-0.602039
12/07/2019,12-Jul-19,-0.654237,-0.702729,-0.729807,-0.739496,-0.735231,-0.719921,-0.696016,-0.665559,-0.630247,-0.591477
15/07/2019,15-Jul-19,-0.658523,-0.706043,-0.733878,-0.745469,-0.743825,-0.731544,-0.710853,-0.683642,-0.651503,-0.615762
16/07/2019,16-Jul-19,-0.665341,-0.711868,-0.738855,-0.749755,-0.747574,-0.734905,-0.713963,-0.686622,-0.65446,-0.618789
17/07/2019,17-Jul-19,-0.66457,-0.717987,-0.750537,-0.765943,-0.767424,-0.757741,-0.739241,-0.713907,-0.683398,-0.649094
18/07/2019,18-Jul-19,-0.658454,-0.715215,-0.750398,-0.767862,-0.770939,-0.76248,-0.744905,-0.720256,-0.690242,-0.65628
19/07/2019,19-Jul-19,-0.681984,-0.733938,-0.766603,-0.783085,-0.786166,-0.778302,-0.761635,-0.738016,-0.709025,-0.675998
22/07/2019,22-Jul-19,-0.682057,-0.737876,-0.773338,-0.791825,-0.796332,-0.789475,-0.773516,-0.750391,-0.721748,-0.68897
23/07/2019,23-Jul-19,-0.68975,-0.743561,-0.778288,-0.796859,-0.801938,-0.795909,-0.780875,-0.758669,-0.730868,-0.698818
24/07/2019,24-Jul-19,-0.685455,-0.739799,-0.776055,-0.796821,-0.804516,-0.801341,-0.789266,-0.770026,-0.745131,-0.71588
25/07/2019,25-Jul-19,-0.680955,-0.72903,-0.759083,-0.774022,-0.776451,-0.76867,-0.752685,-0.730227,-0.702775,-0.67158
26/07/2019,26-Jul-19,-0.681658,-0.726149,-0.756157,-0.773264,-0.779128,-0.775384,-0.763587,-0.745168,-0.721417,-0.693479
29/07/2019,29-Jul-19,-0.687475,-0.734404,-0.766321,-0.784973,-0.792135,-0.789529,-0.778764,-0.761312,-0.738491,-0.71146
30/07/2019,30-Jul-19,-0.687361,-0.729674,-0.759003,-0.776483,-0.783436,-0.78125,-0.771296,-0.754873,-0.733177,-0.707287
31/07/2019,31-Jul-19,-0.698044,-0.743844,-0.775236,-0.793813,-0.801228,-0.799109,-0.788995,-0.772304,-0.750311,-0.724145
01/08/2019,01-Aug-19,-0.696657,-0.742734,-0.774767,-0.794292,-0.802916,-0.802217,-0.793692,-0.778718,-0.758536,-0.734245
02/08/2019,02-Aug-19,-0.711042,-0.754907,-0.785656,-0.804656,-0.813366,-0.81324,-0.805668,-0.791936,-0.773212,-0.750533
05/08/2019,05-Aug-19,-0.724751,-0.772688,-0.805958,-0.826507,-0.836196,-0.836753,-0.829748,-0.816586,-0.798499,-0.776561
06/08/2019,06-Aug-19,-0.732312,-0.779376,-0.812666,-0.833786,-0.844354,-0.845927,-0.83996,-0.827781,-0.810578,-0.789399
07/08/2019,07-Aug-19,-0.753314,-0.809379,-0.849132,-0.874989,-0.889142,-0.893556,-0.889963,-0.87988,-0.864618,-0.845302
08/08/2019,08-Aug-19,-0.746769,-0.804931,-0.844788,-0.869343,-0.881237,-0.882766,-0.875913,-0.862376,-0.843597,-0.820794
09/08/2019,09-Aug-19,-0.767591,-0.822411,-0.860269,-0.883731,-0.895118,-0.896501,-0.8897,-0.876302,-0.857677,-0.834993
12/08/2019,12-Aug-19,-0.769267,-0.827675,-0.867944,-0.893012,-0.905469,-0.907579,-0.901299,-0.888312,-0.870051,-0.847728
13/08/2019,13-Aug-19,-0.765179,-0.820994,-0.859284,-0.882976,-0.894623,-0.896436,-0.890316,-0.877882,-0.860508,-0.839349
14/08/2019,14-Aug-19,-0.780466,-0.830057,-0.865821,-0.889551,-0.902955,-0.907615,-0.904972,-0.896319,-0.882793,-0.865392
15/08/2019,15-Aug-19,-0.79185,-0.846312,-0.885332,-0.911255,-0.926182,-0.931973,-0.93026,-0.922457,-0.909786,-0.893291
16/08/2019,16-Aug-19,-0.802141,-0.85769,-0.897264,-0.923399,-0.938329,-0.944013,-0.942147,-0.934193,-0.921399,-0.904825
19/08/2019,19-Aug-19,-0.79581,-0.853515,-0.893973,-0.919877,-0.933615,-0.937292,-0.932738,-0.921538,-0.905051,-0.884437
20/08/2019,20-Aug-19,-0.813225,-0.867107,-0.906667,-0.933676,-0.949835,-0.956733,-0.955832,-0.948447,-0.935752,-0.918779
21/08/2019,21-Aug-19,-0.794791,-0.850222,-0.890363,-0.91729,-0.93293,-0.939043,-0.937209,-0.928832,-0.915145,-0.897221
22/08/2019,22-Aug-19,-0.786154,-0.831514,-0.864578,-0.886667,-0.899129,-0.903281,-0.900367,-0.891535,-0.877828,-0.860177
23/08/2019,23-Aug-19,-0.804011,-0.8505,-0.884115,-0.906306,-0.918525,-0.922172,-0.918561,-0.908894,-0.894256,-0.875613
26/08/2019,26-Aug-19,-0.812824,-0.856056,-0.887393,-0.908095,-0.91946,-0.922757,-0.919193,-0.909883,-0.89584,-0.877969
27/08/2019,27-Aug-19,-0.816643,-0.857468,-0.887692,-0.908236,-0.920132,-0.924448,-0.922233,-0.914483,-0.902124,-0.885993
28/08/2019,28-Aug-19,-0.825355,-0.866138,-0.896405,-0.9172,-0.929619,-0.93475,-0.933639,-0.927259,-0.916503,-0.902172
29/08/2019,29-Aug-19,-0.832942,-0.876702,-0.908202,-0.928943,-0.940374,-0.943857,-0.940644,-0.93187,-0.918546,-0.901564
30/08/2019,30-Aug-19,-0.854593,-0.882467,-0.908645,-0.929722,-0.944057,-0.951149,-0.951211,-0.944862,-0.932934,-0.916335
02/09/2019,02-Sept-19,-0.83153,-0.880365,-0.915994,-0.939791,-0.953209,-0.957691,-0.954613,-0.945251,-0.930759,-0.912164
03/09/2019,03-Sept-19,-0.823956,-0.865812,-0.89757,-0.919734,-0.933102,-0.938623,-0.937304,-0.930147,-0.918108,-0.902071
04/09/2019,04-Sept-19,-0.812994,-0.858317,-0.890767,-0.911766,-0.92278,-0.925244,-0.920513,-0.909831,-0.89432,-0.87497
05/09/2019,05-Sept-19,-0.818835,-0.855565,-0.88127,-0.896789,-0.903171,-0.901557,-0.893096,-0.878897,-0.859988,-0.837309
06/09/2019,06-Sept-19,-0.808795,-0.846078,-0.873885,-0.892522,-0.902647,-0.905115,-0.900872,-0.890882,-0.876079,-0.857336
09/09/2019,09-Sept-19,-0.779441,-0.822729,-0.853911,-0.873949,-0.884012,-0.885351,-0.879219,-0.866817,-0.849257,-0.82755
10/09/2019,10-Sept-19,-0.762027,-0.809607,-0.843933,-0.866243,-0.877919,-0.88038,-0.875004,-0.86309,-0.845824,-0.824273
11/09/2019,11-Sept-19,-0.765815,-0.810428,-0.842919,-0.864164,-0.875282,-0.877502,-0.872072,-0.860197,-0.843005,-0.821522
12/09/2019,12-Sept-19,-0.743656,-0.751344,-0.767864,-0.785672,-0.800391,-0.809755,-0.812867,-0.809683,-0.800661,-0.786527
13/09/2019,13-Sept-19,-0.683241,-0.713668,-0.738443,-0.75629,-0.766807,-0.770163,-0.766876,-0.75766,-0.743319,-0.724678
16/09/2019,16-Sept-19,-0.683572,-0.715487,-0.740296,-0.757272,-0.766402,-0.768122,-0.763134,-0.752272,-0.736412,-0.71642
17/09/2019,17-Sept-19,-0.673654,-0.70715,-0.733139,-0.751051,-0.760978,-0.763427,-0.75914,-0.748976,-0.733826,-0.714559
18/09/2019,18-Sept-19,-0.697203,-0.72663,-0.749342,-0.764727,-0.772811,-0.774019,-0.769011,-0.758565,-0.743493,-0.724597
19/09/2019,19-Sept-19,-0.672356,-0.703384,-0.727077,-0.743164,-0.751888,-0.753804,-0.749639,-0.740201,-0.726306,-0.708742
20/09/2019,20-Sept-19,-0.68305,-0.710987,-0.73305,-0.748535,-0.75736,-0.759837,-0.756521,-0.748089,-0.735269,-0.718786
23/09/2019,23-Sept-19,-0.686549,-0.721007,-0.748794,-0.769401,-0.782877,-0.789626,-0.790259,-0.785495,-0.776089,-0.762786
24/09/2019,24-Sept-19,-0.686935,-0.721726,-0.749079,-0.768875,-0.781422,-0.787286,-0.787177,-0.781866,-0.772129,-0.75871
25/09/2019,25-Sept-19,-0.688187,-0.722154,-0.74923,-0.76921,-0.782319,-0.789049,-0.79004,-0.786004,-0.777667,-0.76573
26/09/2019,26-Sept-19,-0.706861,-0.739622,-0.76404,-0.780507,-0.789669,-0.79231,-0.789267,-0.781379,-0.769446,-0.754212
27/09/2019,27-Sept-19,-0.710777,-0.750763,-0.780015,-0.799527,-0.810408,-0.813795,-0.810798,-0.802458,-0.789732,-0.773479
30/09/2019,30-Sept-19,-0.720414,-0.759257,-0.787342,-0.805621,-0.815185,-0.817166,-0.812677,-0.802769,-0.788413,-0.770481
01/10/2019,01-Oct-19,-0.718512,-0.751627,-0.775576,-0.79085,-0.798203,-0.798519,-0.792735,-0.781775,-0.766521,-0.747786
02/10/2019,02-Oct-19,-0.721451,-0.757306,-0.78239,-0.797747,-0.804524,-0.803891,-0.796979,-0.78485,-0.768473,-0.748716
03/10/2019,03-Oct-19,-0.732368,-0.766189,-0.79162,-0.808947,-0.818746,-0.821759,-0.818805,-0.810719,-0.798311,-0.782341
04/10/2019,04-Oct-19,-0.705904,-0.75066,-0.783422,-0.805454,-0.818071,-0.822572,-0.820189,-0.812061,-0.799224,-0.782599
07/10/2019,07-Oct-19,-0.698523,-0.744851,-0.779158,-0.802606,-0.816447,-0.82195,-0.820337,-0.812754,-0.800246,-0.783756
08/10/2019,08-Oct-19,-0.686263,-0.744429,-0.786746,-0.815398,-0.832418,-0.839657,-0.838774,-0.831239,-0.818336,-0.801179
09/10/2019,09-Oct-19,-0.695665,-0.740323,-0.773311,-0.795689,-0.808639,-0.813372,-0.811073,-0.80286,-0.78976,-0.772702
10/10/2019,10-Oct-19,-0.669727,-0.703969,-0.728244,-0.743349,-0.750241,-0.749944,-0.743481,-0.731833,-0.715911,-0.696546
11/10/2019,11-Oct-19,-0.659127,-0.695685,-0.721155,-0.736587,-0.743144,-0.742015,-0.734354,-0.721247,-0.703691,-0.682578
14/10/2019,14-Oct-19,-0.647103,-0.68556,-0.712613,-0.729403,-0.737159,-0.737113,-0.730455,-0.718293,-0.701637,-0.681391
15/10/2019,15-Oct-19,-0.648593,-0.67999,-0.703375,-0.718825,-0.726788,-0.727927,-0.723022,-0.712891,-0.698346,-0.680158
16/10/2019,16-Oct-19,-0.642407,-0.670786,-0.689804,-0.700097,-0.702512,-0.697998,-0.687529,-0.672055,-0.652467,-0.629584
17/10/2019,17-Oct-19,-0.645776,-0.669886,-0.686401,-0.695487,-0.697629,-0.693502,-0.683872,-0.669536,-0.65127,-0.629808
18/10/2019,18-Oct-19,-0.647131,-0.668313,-0.682118,-0.688731,-0.688648,-0.68254,-0.671166,-0.655307,-0.635724,-0.613133
21/10/2019,21-Oct-19,-0.629739,-0.660495,-0.679625,-0.688539,-0.688652,-0.681321,-0.667807,-0.649261,-0.626707,-0.601049
22/10/2019,22-Oct-19,-0.636438,-0.662655,-0.67923,-0.687086,-0.687253,-0.680791,-0.668727,-0.652031,-0.631589,-0.608199
23/10/2019,23-Oct-19,-0.638567,-0.663899,-0.680571,-0.689222,-0.690664,-0.685788,-0.675501,-0.66068,-0.642144,-0.620643
24/10/2019,24-Oct-19,-0.655052,-0.675968,-0.689435,-0.69578,-0.69558,-0.68955,-0.678462,-0.663093,-0.644189,-0.622444
25/10/2019,25-Oct-19,-0.664152,-0.678739,-0.687226,-0.689623,-0.686263,-0.677676,-0.664493,-0.647382,-0.627009,-0.604004
28/10/2019,28-Oct-19,-0.674161,-0.678399,-0.679153,-0.675701,-0.667838,-0.655694,-0.639612,-0.620055,-0.597539,-0.572594
29/10/2019,29-Oct-19,-0.671125,-0.673546,-0.67372,-0.670585,-0.663673,-0.652916,-0.638505,-0.620788,-0.600199,-0.577205
30/10/2019,30-Oct-19,-0.658725,-0.662818,-0.664866,-0.663673,-0.658681,-0.649763,-0.637073,-0.620939,-0.601787,-0.580084
31/10/2019,31-Oct-19,-0.679391,-0.687181,-0.692207,-0.693506,-0.690678,-0.683706,-0.672815,-0.658381,-0.640856,-0.620725
01/11/2019,01-Nov-19,-0.659032,-0.67752,-0.689269,-0.694388,-0.693295,-0.686587,-0.674954,-0.659114,-0.639775,-0.617603
04/11/2019,04-Nov-19,-0.629956,-0.65852,-0.676054,-0.683889,-0.683362,-0.675756,-0.662271,-0.643995,-0.621904,-0.596857
05/11/2019,05-Nov-19,-0.624372,-0.648842,-0.663162,-0.668436,-0.665832,-0.656508,-0.64157,-0.62204,-0.598843,-0.572802
06/11/2019,06-Nov-19,-0.615885,-0.635613,-0.647536,-0.652071,-0.649866,-0.6417,-0.628396,-0.610772,-0.58961,-0.565629
07/11/2019,07-Nov-19,-0.633494,-0.644183,-0.64768,-0.644477,-0.635253,-0.620781,-0.601856,-0.579258,-0.553717,-0.525901
08/11/2019,08-Nov-19,-0.636647,-0.643783,-0.644672,-0.639568,-0.628969,-0.613508,-0.593879,-0.570782,-0.54489,-0.516828
11/11/2019,11-Nov-19,-0.612954,-0.627864,-0.634122,-0.632655,-0.624467,-0.610565,-0.591917,-0.569424,-0.543903,-0.516078
12/11/2019,12-Nov-19,-0.616098,-0.635309,-0.643445,-0.642189,-0.633105,-0.617611,-0.596972,-0.5723,-0.544556,-0.514565
13/11/2019,13-Nov-19,-0.619196,-0.639034,-0.649177,-0.65083,-0.6452,-0.633446,-0.616646,-0.59578,-0.57172,-0.545235
14/11/2019,14-Nov-19,-0.637039,-0.653234,-0.66184,-0.66341,-0.658667,-0.648413,-0.633466,-0.614622,-0.592625,-0.568154
15/11/2019,15-Nov-19,-0.64489,-0.658645,-0.665505,-0.66584,-0.660238,-0.649399,-0.634066,-0.614978,-0.592836,-0.568289
18/11/2019,18-Nov-19,-0.61416,-0.639018,-0.653867,-0.65986,-0.658186,-0.650001,-0.636396,-0.61837,-0.596823,-0.572548
19/11/2019,19-Nov-19,-0.622071,-0.642341,-0.653935,-0.65766,-0.654438,-0.645228,-0.63097,-0.612552,-0.590791,-0.566422
20/11/2019,20-Nov-19,-0.630794,-0.650001,-0.661721,-0.66635,-0.66451,-0.656944,-0.644439,-0.627777,-0.607706,-0.584914
21/11/2019,21-Nov-19,-0.63841,-0.652271,-0.659032,-0.659115,-0.653146,-0.641859,-0.626022,-0.606394,-0.583693,-0.558581
22/11/2019,22-Nov-19,-0.62118,-0.638756,-0.649424,-0.653409,-0.651204,-0.643461,-0.630897,-0.614248,-0.594226,-0.571498
25/11/2019,25-Nov-19,-0.631105,-0.64651,-0.655819,-0.659025,-0.656449,-0.648614,-0.636147,-0.619714,-0.59998,-0.577576
26/11/2019,26-Nov-19,-0.638593,-0.65022,-0.65827,-0.661854,-0.66066,-0.654758,-0.644465,-0.630235,-0.612596,-0.592097
27/11/2019,27-Nov-19,-0.635779,-0.647274,-0.6544,-0.656612,-0.653842,-0.646328,-0.634495,-0.618867,-0.600011,-0.578494
28/11/2019,28-Nov-19,-0.627843,-0.643996,-0.654135,-0.658172,-0.656382,-0.64926,-0.637421,-0.621532,-0.602259,-0.580243
29/11/2019,29-Nov-19,-0.62017,-0.634678,-0.643685,-0.646948,-0.644632,-0.637154,-0.625074,-0.609018,-0.589629,-0.567529
02/12/2019,02-Dec-19,-0.625202,-0.635279,-0.638315,-0.634835,-0.625534,-0.611189,-0.592591,-0.570506,-0.54565,-0.518672
03/12/2019,03-Dec-19,-0.66073,-0.659302,-0.659759,-0.658572,-0.653849,-0.644778,-0.631236,-0.613514,-0.59213,-0.567708
04/12/2019,04-Dec-19,-0.662378,-0.661359,-0.662622,-0.662399,-0.658648,-0.650469,-0.63769,-0.62058,-0.599656,-0.575549
05/12/2019,05-Dec-19,-0.64931,-0.645536,-0.643179,-0.639008,-0.631323,-0.619429,-0.603264,-0.58315,-0.559614,-0.533273
06/12/2019,06-Dec-19,-0.658788,-0.655483,-0.652991,-0.648359,-0.640064,-0.627526,-0.610753,-0.590105,-0.566126,-0.539439
09/12/2019,09-Dec-19,-0.654947,-0.65497,-0.655692,-0.653989,-0.648255,-0.637876,-0.622863,-0.603597,-0.580659,-0.554709
10/12/2019,10-Dec-19,-0.66337,-0.664554,-0.664401,-0.660642,-0.652247,-0.638987,-0.621119,-0.599173,-0.573813,-0.545736
11/12/2019,11-Dec-19,-0.662614,-0.665278,-0.666729,-0.664609,-0.657828,-0.646115,-0.629699,-0.609096,-0.584958,-0.557986
12/12/2019,12-Dec-19,-0.663612,-0.662165,-0.660812,-0.656777,-0.648675,-0.636023,-0.618905,-0.597738,-0.57311,-0.545679
13/12/2019,13-Dec-19,-0.660528,-0.657289,-0.652755,-0.645003,-0.633182,-0.617125,-0.597083,-0.573541,-0.547096,-0.518374
16/12/2019,16-Dec-19,-0.661755,-0.660428,-0.658157,-0.652791,-0.643326,-0.629498,-0.6115,-0.589787,-0.564946,-0.537605
17/12/2019,17-Dec-19,-0.668949,-0.667758,-0.664413,-0.657339,-0.645912,-0.630106,-0.610261,-0.586911,-0.560679,-0.5322
18/12/2019,18-Dec-19,-0.67432,-0.66989,-0.663067,-0.652516,-0.637759,-0.618855,-0.596185,-0.570297,-0.541809,-0.511341
19/12/2019,19-Dec-19,-0.678758,-0.670892,-0.660234,-0.645761,-0.627194,-0.604714,-0.578763,-0.549918,-0.518799,-0.486016
20/12/2019,20-Dec-19,-0.665012,-0.6638,-0.658486,-0.648287,-0.633122,-0.613333,-0.589497,-0.5623,-0.532453,-0.500637
23/12/2019,23-Dec-19,-0.685967,-0.679865,-0.671226,-0.658826,-0.642256,-0.621619,-0.597315,-0.569904,-0.540004,-0.508232
27/12/2019,27-Dec-19,-0.685163,-0.679331,-0.668176,-0.652514,-0.633075,-0.610504,-0.585378,-0.558202,-0.529426,-0.499445
30/12/2019,30-Dec-19,-0.676921,-0.66071,-0.64101,-0.618394,-0.593372,-0.566399,-0.537878,-0.508163,-0.477571,-0.446377
02/01/2020,02-Jan-20,-0.629533,-0.634844,-0.631935,-0.62218,-0.606801,-0.586872,-0.563332,-0.536992,-0.508552,-0.478606
03/01/2020,03-Jan-20,-0.61037,-0.630324,-0.638989,-0.638365,-0.630177,-0.6159,-0.596796,-0.573932,-0.548213,-0.520394
06/01/2020,06-Jan-20,-0.614162,-0.63758,-0.649198,-0.651086,-0.645027,-0.632549,-0.614957,-0.593362,-0.568699,-0.541757
07/01/2020,07-Jan-20,-0.620692,-0.641443,-0.650724,-0.650553,-0.642674,-0.62858,-0.609549,-0.586666,-0.560847,-0.532864
08/01/2020,08-Jan-20,-0.612942,-0.633612,-0.642302,-0.641188,-0.63213,-0.616714,-0.596283,-0.571974,-0.54474,-0.515378
09/01/2020,09-Jan-20,-0.605329,-0.617632,-0.620229,-0.614748,-0.602622,-0.585108,-0.563293,-0.538116,-0.510381,-0.480771
10/01/2020,10-Jan-20,-0.603281,-0.612534,-0.613443,-0.607243,-0.59507,-0.577954,-0.556817,-0.532473,-0.505639,-0.476936
13/01/2020,13-Jan-20,-0.584909,-0.598258,-0.60149,-0.596301,-0.584186,-0.56645,-0.544227,-0.518495,-0.49009,-0.459723
14/01/2020,14-Jan-20,-0.593373,-0.602282,-0.602945,-0.596559,-0.584234,-0.566982,-0.545713,-0.521235,-0.494257,-0.4654
15/01/2020,15-Jan-20,-0.595971,-0.608064,-0.611397,-0.607271,-0.596879,-0.581297,-0.561487,-0.538298,-0.512471,-0.484652
16/01/2020,16-Jan-20,-0.600837,-0.610152,-0.611984,-0.607273,-0.596937,-0.581843,-0.562796,-0.54053,-0.515704,-0.488901
17/01/2020,17-Jan-20,-0.59852,-0.609044,-0.611512,-0.607015,-0.596587,-0.581188,-0.561692,-0.538886,-0.513469,-0.486053
20/01/2020,20-Jan-20,-0.579887,-0.59588,-0.60271,-0.601691,-0.594036,-0.580848,-0.563117,-0.541721,-0.517432,-0.490923
21/01/2020,21-Jan-20,-0.578545,-0.591209,-0.59603,-0.593989,-0.586041,-0.573089,-0.555967,-0.535436,-0.512179,-0.486799
22/01/2020,22-Jan-20,-0.585873,-0.599449,-0.606148,-0.606568,-0.601385,-0.591298,-0.577003,-0.559165,-0.538405,-0.515292
23/01/2020,23-Jan-20,-0.598707,-0.613649,-0.621973,-0.624142,-0.620733,-0.612381,-0.599736,-0.583435,-0.564083,-0.542245
24/01/2020,24-Jan-20,-0.598368,-0.61215,-0.62029,-0.622944,-0.620461,-0.613303,-0.601995,-0.587084,-0.569113,-0.548601
27/01/2020,27-Jan-20,-0.591813,-0.61644,-0.633501,-0.643523,-0.647151,-0.645085,-0.638043,-0.626725,-0.611797,-0.593877
28/01/2020,28-Jan-20,-0.596054,-0.61943,-0.635093,-0.643654,-0.64582,-0.642336,-0.633949,-0.621378,-0.605301,-0.586342
29/01/2020,29-Jan-20,-0.610092,-0.631917,-0.646421,-0.65413,-0.655684,-0.651775,-0.643109,-0.630372,-0.614215,-0.595243
30/01/2020,30-Jan-20,-0.61608,-0.641248,-0.658203,-0.667692,-0.670525,-0.667527,-0.659502,-0.647216,-0.631376,-0.61263
31/01/2020,31-Jan-20,-0.630365,-0.6534,-0.669815,-0.679859,-0.683971,-0.682697,-0.676639,-0.666413,-0.652627,-0.635856
03/02/2020,03-Feb-20,-0.627726,-0.657141,-0.677839,-0.6906,-0.696272,-0.695717,-0.68978,-0.679265,-0.664917,-0.647418
04/02/2020,04-Feb-20,-0.618804,-0.630527,-0.644226,-0.655886,-0.663286,-0.665404,-0.661997,-0.65331,-0.639865,-0.622323
05/02/2020,05-Feb-20,-0.617129,-0.626974,-0.638331,-0.647464,-0.652327,-0.652008,-0.646326,-0.635554,-0.620224,-0.600994
06/02/2020,06-Feb-20,-0.609714,-0.617091,-0.62672,-0.63469,-0.638817,-0.638074,-0.632191,-0.621371,-0.606094,-0.586976
07/02/2020,07-Feb-20,-0.616963,-0.627817,-0.640461,-0.651172,-0.657869,-0.659578,-0.656051,-0.647495,-0.634385,-0.617331
10/02/2020,10-Feb-20,-0.614107,-0.623613,-0.635924,-0.646957,-0.654371,-0.657007,-0.654489,-0.64694,-0.634778,-0.618581
11/02/2020,11-Feb-20,-0.61949,-0.628511,-0.64042,-0.651099,-0.658181,-0.660488,-0.657634,-0.649733,-0.637201,-0.620615
12/02/2020,12-Feb-20,-0.618817,-0.626569,-0.636925,-0.645964,-0.651445,-0.652264,-0.648071,-0.638997,-0.625455,-0.608017
13/02/2020,13-Feb-20,-0.624115,-0.630675,-0.639707,-0.647508,-0.651951,-0.651987,-0.647277,-0.637941,-0.624366,-0.60709
14/02/2020,14-Feb-20,-0.622249,-0.635119,-0.648825,-0.660093,-0.66711,-0.669061,-0.665778,-0.657506,-0.644726,-0.628042
17/02/2020,17-Feb-20,-0.613522,-0.629966,-0.645846,-0.65831,-0.665858,-0.667895,-0.664415,-0.655775,-0.642533,-0.625349
18/02/2020,18-Feb-20,-0.605067,-0.619945,-0.635435,-0.648245,-0.656565,-0.659589,-0.65717,-0.649571,-0.637297,-0.620976
19/02/2020,19-Feb-20,-0.60822,-0.621458,-0.636039,-0.648478,-0.656818,-0.660136,-0.658195,-0.651192,-0.639581,-0.623951
20/02/2020,20-Feb-20,-0.601801,-0.618815,-0.635476,-0.649068,-0.658126,-0.662034,-0.660734,-0.654513,-0.643863,-0.629376
21/02/2020,21-Feb-20,-0.607759,-0.620695,-0.634474,-0.64625,-0.654408,-0.658178,-0.657352,-0.652085,-0.642752,-0.629843
24/02/2020,24-Feb-20,-0.636779,-0.653552,-0.669391,-0.68205,-0.690337,-0.693776,-0.69236,-0.686378,-0.676294,-0.662652
25/02/2020,25-Feb-20,-0.642369,-0.663188,-0.681523,-0.695632,-0.704682,-0.708449,-0.7071,-0.701046,-0.690826,-0.677037
26/02/2020,26-Feb-20,-0.658375,-0.67424,-0.689242,-0.70116,-0.7088,-0.71167,-0.709744,-0.703288,-0.692742,-0.678638
27/02/2020,27-Feb-20,-0.689521,-0.713712,-0.734057,-0.749303,-0.758941,-0.762951,-0.761632,-0.755468,-0.745045,-0.730982
28/02/2020,28-Feb-20,-0.697901,-0.735743,-0.765053,-0.786148,-0.799625,-0.80624,-0.806818,-0.802197,-0.793186,-0.780545
02/03/2020,02-Mar-20,-0.703723,-0.757201,-0.795728,-0.821566,-0.836747,-0.843079,-0.842149,-0.835337,-0.82383,-0.808645
03/03/2020,03-Mar-20,-0.67745,-0.724882,-0.75984,-0.78383,-0.798329,-0.804736,-0.804343,-0.798318,-0.787704,-0.773415
04/03/2020,04-Mar-20,-0.702041,-0.756167,-0.79584,-0.823018,-0.839531,-0.847056,-0.847101,-0.841004,-0.82994,-0.814926
05/03/2020,05-Mar-20,-0.720096,-0.777001,-0.818803,-0.847644,-0.865486,-0.874099,-0.87506,-0.869755,-0.859391,-0.845009
06/03/2020,06-Mar-20,-0.738215,-0.795588,-0.837496,-0.866606,-0.885173,-0.8951,-0.897989,-0.895189,-0.88783,-0.876859
09/03/2020,09-Mar-20,-0.827522,-0.887656,-0.932999,-0.965892,-0.988346,-1.00208,-1.008568,-1.009065,-1.004645,-0.996219
10/03/2020,10-Mar-20,-0.792921,-0.852322,-0.894505,-0.922701,-0.939605,-0.947463,-0.948137,-0.943172,-0.933842,-0.921194
11/03/2020,11-Mar-20,-0.825705,-0.877126,-0.911768,-0.932928,-0.943341,-0.945269,-0.940577,-0.930799,-0.917187,-0.900764
12/03/2020,12-Mar-20,-0.855952,-0.912983,-0.949804,-0.970607,-0.978837,-0.977321,-0.968365,-0.953845,-0.935278,-0.913885
13/03/2020,13-Mar-20,-0.828741,-0.866117,-0.885354,-0.890443,-0.884649,-0.870631,-0.850544,-0.826126,-0.79877,-0.769582
16/03/2020,16-Mar-20,-0.851196,-0.885551,-0.891983,-0.879589,-0.854935,-0.822715,-0.786249,-0.747855,-0.709117,-0.671092
17/03/2020,17-Mar-20,-0.82235,-0.869172,-0.879392,-0.865849,-0.837527,-0.800647,-0.759448,-0.716766,-0.674443,-0.633629
18/03/2020,18-Mar-20,-0.791782,-0.816483,-0.808937,-0.780697,-0.739906,-0.692232,-0.641554,-0.590461,-0.540628,-0.493086
19/03/2020,19-Mar-20,-0.74071,-0.72748,-0.700003,-0.66344,-0.621525,-0.576923,-0.531508,-0.486569,-0.442963,-0.401238
20/03/2020,20-Mar-20,-0.711703,-0.706478,-0.692887,-0.673064,-0.648751,-0.621354,-0.591995,-0.561557,-0.530727,-0.50003
23/03/2020,23-Mar-20,-0.682453,-0.699649,-0.701966,-0.69332,-0.67677,-0.654691,-0.628916,-0.600844,-0.571537,-0.541789
24/03/2020,24-Mar-20,-0.642135,-0.645934,-0.642705,-0.633473,-0.619288,-0.601155,-0.579991,-0.55661,-0.531713,-0.505888
25/03/2020,25-Mar-20,-0.642774,-0.627382,-0.613545,-0.599322,-0.583674,-0.566156,-0.546703,-0.525472,-0.502748,-0.478868
26/03/2020,26-Mar-20,-0.652046,-0.644396,-0.638523,-0.631714,-0.622494,-0.610208,-0.594728,-0.576247,-0.555141,-0.531871
27/03/2020,27-Mar-20,-0.704023,-0.700886,-0.702304,-0.703836,-0.702969,-0.698472,-0.689932,-0.677446,-0.661403,-0.642335
30/03/2020,30-Mar-20,-0.688703,-0.696221,-0.70728,-0.717447,-0.724227,-0.726419,-0.723656,-0.716093,-0.70418,-0.688523
31/03/2020,31-Mar-20,-0.695701,-0.694821,-0.699971,-0.705923,-0.709619,-0.709463,-0.704817,-0.69565,-0.682294,-0.665276
01/04/2020,01-Apr-20,-0.646491,-0.65119,-0.6587,-0.665139,-0.668343,-0.667292,-0.661707,-0.651762,-0.637896,-0.620679
02/04/2020,02-Apr-20,-0.645068,-0.649504,-0.653545,-0.655056,-0.652983,-0.646984,-0.637156,-0.623856,-0.607572,-0.588843
03/04/2020,03-Apr-20,-0.655372,-0.663836,-0.669537,-0.67121,-0.668412,-0.661213,-0.649989,-0.635275,-0.617667,-0.597769
06/04/2020,06-Apr-20,-0.614334,-0.635303,-0.648922,-0.655217,-0.654704,-0.648164,-0.636494,-0.620607,-0.601377,-0.579599
07/04/2020,07-Apr-20,-0.610175,-0.628554,-0.637086,-0.636965,-0.629487,-0.615938,-0.597525,-0.575343,-0.550353,-0.523384
08/04/2020,08-Apr-20,-0.6111,-0.618553,-0.619368,-0.613883,-0.602754,-0.586793,-0.566855,-0.543776,-0.518329,-0.491202
09/04/2020,09-Apr-20,-0.610641,-0.61832,-0.620619,-0.617387,-0.608933,-0.595825,-0.578755,-0.558448,-0.535612,-0.510897
14/04/2020,14-Apr-20,-0.61075,-0.628814,-0.639532,-0.643085,-0.640059,-0.631257,-0.617568,-0.599883,-0.579045,-0.555821
15/04/2020,15-Apr-20,-0.625428,-0.65252,-0.670248,-0.679409,-0.681018,-0.676172,-0.665959,-0.651404,-0.63344,-0.61289
16/04/2020,16-Apr-20,-0.630734,-0.639393,-0.650807,-0.65993,-0.6643,-0.66305,-0.656248,-0.644468,-0.628517,-0.609273
17/04/2020,17-Apr-20,-0.615961,-0.637312,-0.657467,-0.672317,-0.680138,-0.680644,-0.674352,-0.662185,-0.645218,-0.62453
20/04/2020,20-Apr-20,-0.580953,-0.622443,-0.650659,-0.666971,-0.672998,-0.670411,-0.660813,-0.645672,-0.626284,-0.603768
21/04/2020,21-Apr-20,-0.585941,-0.620908,-0.646115,-0.661767,-0.668651,-0.667851,-0.660562,-0.647972,-0.631191,-0.611218
22/04/2020,22-Apr-20,-0.587071,-0.61779,-0.638767,-0.650391,-0.653555,-0.649395,-0.63912,-0.623912,-0.604859,-0.58293
23/04/2020,23-Apr-20,-0.577923,-0.623491,-0.652456,-0.667611,-0.67152,-0.666463,-0.654418,-0.63707,-0.615826,-0.591847
24/04/2020,24-Apr-20,-0.569984,-0.617841,-0.649788,-0.668218,-0.675435,-0.673557,-0.664464,-0.649793,-0.630933,-0.609046
27/04/2020,27-Apr-20,-0.553471,-0.594386,-0.623489,-0.641635,-0.650073,-0.650213,-0.643475,-0.6312,-0.614603,-0.59475
28/04/2020,28-Apr-20,-0.566407,-0.599962,-0.630634,-0.654116,-0.668752,-0.674453,-0.671985,-0.662523,-0.647376,-0.627826
29/04/2020,29-Apr-20,-0.586901,-0.6221,-0.654209,-0.679057,-0.695039,-0.702076,-0.700922,-0.692735,-0.678807,-0.660404
30/04/2020,30-Apr-20,-0.55915,-0.613036,-0.664315,-0.70584,-0.734918,-0.751389,-0.756423,-0.75178,-0.739378,-0.721052
04/05/2020,04-May-20,-0.560086,-0.615908,-0.667905,-0.709281,-0.737624,-0.752987,-0.756701,-0.75064,-0.736805,-0.717082
05/05/2020,05-May-20,-0.570414,-0.645707,-0.707583,-0.752776,-0.781229,-0.794551,-0.795078,-0.785324,-0.76768,-0.744265
06/05/2020,06-May-20,-0.573786,-0.629612,-0.680256,-0.719573,-0.74551,-0.758312,-0.75941,-0.750729,-0.734294,-0.712008
07/05/2020,07-May-20,-0.573629,-0.625497,-0.675152,-0.715015,-0.742161,-0.756331,-0.75868,-0.751004,-0.735283,-0.713422
08/05/2020,08-May-20,-0.570767,-0.644318,-0.703827,-0.746605,-0.77283,-0.784173,-0.782952,-0.771628,-0.75254,-0.727757
11/05/2020,11-May-20,-0.562826,-0.615613,-0.668705,-0.712179,-0.742112,-0.757966,-0.760967,-0.753126,-0.736669,-0.71373
12/05/2020,12-May-20,-0.563821,-0.604469,-0.647132,-0.682662,-0.707174,-0.719819,-0.721391,-0.713457,-0.697852,-0.676384
13/05/2020,13-May-20,-0.566786,-0.614035,-0.660135,-0.697556,-0.72331,-0.737017,-0.739686,-0.732965,-0.718692,-0.698648
14/05/2020,14-May-20,-0.596296,-0.631228,-0.671799,-0.707818,-0.734515,-0.750349,-0.755595,-0.751455,-0.739518,-0.721442
15/05/2020,15-May-20,-0.583744,-0.631389,-0.675381,-0.71051,-0.734799,-0.748162,-0.751544,-0.74637,-0.734218,-0.716624
18/05/2020,18-May-20,-0.590479,-0.627222,-0.662665,-0.691325,-0.710851,-0.720779,-0.721711,-0.714786,-0.701353,-0.682777
19/05/2020,19-May-20,-0.572475,-0.596249,-0.622495,-0.644953,-0.660587,-0.668354,-0.66838,-0.661431,-0.648568,-0.630935
20/05/2020,20-May-20,-0.580197,-0.605767,-0.629118,-0.647518,-0.659718,-0.665416,-0.664894,-0.658764,-0.647797,-0.632815
21/05/2020,21-May-20,-0.577076,-0.611773,-0.64023,-0.661086,-0.674057,-0.679515,-0.6782,-0.671028,-0.658968,-0.642965
22/05/2020,22-May-20,-0.596157,-0.614402,-0.63603,-0.655236,-0.669019,-0.676158,-0.67652,-0.6706,-0.659211,-0.643294
25/05/2020,25-May-20,-0.581058,-0.604496,-0.629675,-0.651308,-0.666755,-0.67505,-0.676236,-0.670925,-0.660012,-0.644489
26/05/2020,26-May-20,-0.581576,-0.590265,-0.604084,-0.617133,-0.626215,-0.629878,-0.62776,-0.620142,-0.607654,-0.59108
27/05/2020,27-May-20,-0.584795,-0.591177,-0.603024,-0.614344,-0.621877,-0.624133,-0.620722,-0.611909,-0.598311,-0.580706
28/05/2020,28-May-20,-0.572884,-0.585882,-0.602512,-0.617263,-0.627237,-0.631209,-0.628989,-0.620989,-0.607932,-0.590678
29/05/2020,29-May-20,-0.579263,-0.597569,-0.617288,-0.633723,-0.644523,-0.648823,-0.646666,-0.638606,-0.625458,-0.608127
01/06/2020,01-Jun-20,-0.587796,-0.605612,-0.62335,-0.636926,-0.644393,-0.645148,-0.639404,-0.627819,-0.611268,-0.590693
02/06/2020,02-Jun-20,-0.579892,-0.609131,-0.633802,-0.651327,-0.660802,-0.662343,-0.656645,-0.644692,-0.627568,-0.606347
03/06/2020,03-Jun-20,-0.574449,-0.597673,-0.61593,-0.627369,-0.63146,-0.628471,-0.619116,-0.604324,-0.585087,-0.56237
04/06/2020,04-Jun-20,-0.582617,-0.597233,-0.610051,-0.618032,-0.619834,-0.615181,-0.604433,-0.588298,-0.567641,-0.543363
05/06/2020,05-Jun-20,-0.576906,-0.585584,-0.593933,-0.59845,-0.597467,-0.590481,-0.5777,-0.559729,-0.537365,-0.511468
08/06/2020,08-Jun-20,-0.563156,-0.584051,-0.601493,-0.612836,-0.617029,-0.614011,-0.604308,-0.588754,-0.56831,-0.543957
09/06/2020,09-Jun-20,-0.562828,-0.586366,-0.604307,-0.615107,-0.618399,-0.614532,-0.604254,-0.588501,-0.568264,-0.544504
10/06/2020,10-Jun-20,-0.558771,-0.588017,-0.606196,-0.614758,-0.615101,-0.608536,-0.596262,-0.579359,-0.558779,-0.535357
11/06/2020,11-Jun-20,-0.564902,-0.605448,-0.632356,-0.647812,-0.653748,-0.651861,-0.643626,-0.630313,-0.61301,-0.59264
12/06/2020,12-Jun-20,-0.568588,-0.613605,-0.643803,-0.661631,-0.669232,-0.668468,-0.660942,-0.648026,-0.630888,-0.61051
15/06/2020,15-Jun-20,-0.567591,-0.614575,-0.646741,-0.666475,-0.675879,-0.676792,-0.670803,-0.659282,-0.643397,-0.624138
16/06/2020,16-Jun-20,-0.566476,-0.606363,-0.633678,-0.650167,-0.657455,-0.657027,-0.650214,-0.638198,-0.622014,-0.602558
17/06/2020,17-Jun-20,-0.560532,-0.60596,-0.637145,-0.656293,-0.665376,-0.666136,-0.660097,-0.648582,-0.632728,-0.613503
18/06/2020,18-Jun-20,-0.57063,-0.612978,-0.642193,-0.660224,-0.668841,-0.669625,-0.663975,-0.653115,-0.638102,-0.619848
19/06/2020,19-Jun-20,-0.58083,-0.622614,-0.651318,-0.668896,-0.677119,-0.677569,-0.671641,-0.660554,-0.645364,-0.626975
22/06/2020,22-Jun-20,-0.580878,-0.631441,-0.667172,-0.690341,-0.702975,-0.706869,-0.703594,-0.694517,-0.680812,-0.663483
23/06/2020,23-Jun-20,-0.582925,-0.609976,-0.636052,-0.657291,-0.671827,-0.679066,-0.679201,-0.672873,-0.660949,-0.644372
24/06/2020,24-Jun-20,-0.587039,-0.612285,-0.636241,-0.655366,-0.667973,-0.673562,-0.672358,-0.665002,-0.652336,-0.635274
25/06/2020,25-Jun-20,-0.606322,-0.636927,-0.665643,-0.688952,-0.705198,-0.713917,-0.715378,-0.710264,-0.699463,-0.683931
26/06/2020,26-Jun-20,-0.608113,-0.643379,-0.67341,-0.696094,-0.710712,-0.717403,-0.716808,-0.709829,-0.697467,-0.680724
29/06/2020,29-Jun-20,-0.598704,-0.639875,-0.671455,-0.693476,-0.70651,-0.711434,-0.709269,-0.701077,-0.687893,-0.67068
30/06/2020,30-Jun-20,-0.595367,-0.637002,-0.67007,-0.69423,-0.70978,-0.717398,-0.717965,-0.712447,-0.701813,-0.686989
01/07/2020,01-Jul-20,-0.593377,-0.622067,-0.643937,-0.658499,-0.665878,-0.66657,-0.661285,-0.650827,-0.636023,-0.61767
02/07/2020,02-Jul-20,-0.599051,-0.631745,-0.657143,-0.674719,-0.684596,-0.687301,-0.683585,-0.674301,-0.660326,-0.642509
03/07/2020,03-Jul-20,-0.599953,-0.635538,-0.663298,-0.682783,-0.694188,-0.698102,-0.695331,-0.686777,-0.673359,-0.655959
06/07/2020,06-Jul-20,-0.597814,-0.632476,-0.659314,-0.677929,-0.688547,-0.691771,-0.688413,-0.679373,-0.665563,-0.647857
07/07/2020,07-Jul-20,-0.594673,-0.628799,-0.655046,-0.673133,-0.683354,-0.686348,-0.682937,-0.674018,-0.66049,-0.64321
08/07/2020,08-Jul-20,-0.5909,-0.627112,-0.654357,-0.672809,-0.683074,-0.685993,-0.68252,-0.673626,-0.660253,-0.643273
09/07/2020,09-Jul-20,-0.59472,-0.629922,-0.657489,-0.677067,-0.688892,-0.693556,-0.691843,-0.684622,-0.672769,-0.657125
10/07/2020,10-Jul-20,-0.604514,-0.64445,-0.674958,-0.69631,-0.709182,-0.714467,-0.713154,-0.706247,-0.694706,-0.67942
13/07/2020,13-Jul-20,-0.604594,-0.630621,-0.650426,-0.663546,-0.670084,-0.670486,-0.665393,-0.65554,-0.64168,-0.624545
14/07/2020,14-Jul-20,-0.604044,-0.631899,-0.653579,-0.668573,-0.676948,-0.679125,-0.675732,-0.667491,-0.655152,-0.639443
15/07/2020,15-Jul-20,-0.607375,-0.628488,-0.651712,-0.671517,-0.685136,-0.691545,-0.690773,-0.68344,-0.670461,-0.652852
16/07/2020,16-Jul-20,-0.61291,-0.635178,-0.657216,-0.675548,-0.688398,-0.695104,-0.695704,-0.690653,-0.680626,-0.666394
17/07/2020,17-Jul-20,-0.609666,-0.633852,-0.657024,-0.675928,-0.688955,-0.695565,-0.695887,-0.690441,-0.679952,-0.665222
20/07/2020,20-Jul-20,-0.607073,-0.632177,-0.656155,-0.675883,-0.689812,-0.697421,-0.698831,-0.694545,-0.685265,-0.671769
21/07/2020,21-Jul-20,-0.600652,-0.625154,-0.649264,-0.669461,-0.683937,-0.692012,-0.693718,-0.689515,-0.680091,-0.666233
22/07/2020,22-Jul-20,-0.602834,-0.641228,-0.673274,-0.697597,-0.713863,-0.722386,-0.723857,-0.719157,-0.709231,-0.695014
23/07/2020,23-Jul-20,-0.60226,-0.632698,-0.659406,-0.680346,-0.694672,-0.702303,-0.703628,-0.699297,-0.690085,-0.6768
24/07/2020,24-Jul-20,-0.60449,-0.629561,-0.650891,-0.666819,-0.676697,-0.680528,-0.67871,-0.671859,-0.660693,-0.645949
27/07/2020,27-Jul-20,-0.602347,-0.63392,-0.661022,-0.681984,-0.696183,-0.703667,-0.704887,-0.700522,-0.69135,-0.67817
28/07/2020,28-Jul-20,-0.592092,-0.637567,-0.67305,-0.698661,-0.715055,-0.723182,-0.724124,-0.718987,-0.708837,-0.694656
29/07/2020,29-Jul-20,-0.59759,-0.636615,-0.669002,-0.693667,-0.710422,-0.719638,-0.722006,-0.718378,-0.709661,-0.696745
30/07/2020,30-Jul-20,-0.602795,-0.647808,-0.685231,-0.714193,-0.734658,-0.747104,-0.752301,-0.751163,-0.744641,-0.733663
31/07/2020,31-Jul-20,-0.606341,-0.648684,-0.683431,-0.709744,-0.727619,-0.737557,-0.740351,-0.736925,-0.72824,-0.715228
03/08/2020,03-Aug-20,-0.608626,-0.649244,-0.682257,-0.7069,-0.72321,-0.731716,-0.733217,-0.72864,-0.718941,-0.705045
04/08/2020,04-Aug-20,-0.608228,-0.654177,-0.691735,-0.720438,-0.740501,-0.752548,-0.757423,-0.756072,-0.74945,-0.738477
05/08/2020,05-Aug-20,-0.608858,-0.64859,-0.680253,-0.703529,-0.718698,-0.7264,-0.727468,-0.722812,-0.713344,-0.699936
06/08/2020,06-Aug-20,-0.607842,-0.647837,-0.681854,-0.708662,-0.727911,-0.739818,-0.74494,-0.74402,-0.737878,-0.727344
07/08/2020,07-Aug-20,-0.605536,-0.643788,-0.67651,-0.702341,-0.720837,-0.732146,-0.736776,-0.735434,-0.728916,-0.718035
10/08/2020,10-Aug-20,-0.596175,-0.643715,-0.681529,-0.709667,-0.728691,-0.739455,-0.742954,-0.740227,-0.732285,-0.720075
11/08/2020,11-Aug-20,-0.593945,-0.635064,-0.667352,-0.690707,-0.705561,-0.712663,-0.712921,-0.707298,-0.696751,-0.682178
12/08/2020,12-Aug-20,-0.595924,-0.633521,-0.66278,-0.683563,-0.69626,-0.701573,-0.700364,-0.693555,-0.682061,-0.666744
13/08/2020,13-Aug-20,-0.596266,-0.621009,-0.641241,-0.655748,-0.664121,-0.666477,-0.663254,-0.655064,-0.642602,-0.626578
14/08/2020,14-Aug-20,-0.596574,-0.624618,-0.646483,-0.661556,-0.669853,-0.671783,-0.66798,-0.659187,-0.646177,-0.629706
17/08/2020,17-Aug-20,-0.587336,-0.623531,-0.651115,-0.670085,-0.680925,-0.684399,-0.681412,-0.672909,-0.65982,-0.643013
18/08/2020,18-Aug-20,-0.593193,-0.628751,-0.656609,-0.676425,-0.688444,-0.693265,-0.691678,-0.684554,-0.672776,-0.657184
19/08/2020,19-Aug-20,-0.594891,-0.633329,-0.663854,-0.686094,-0.700285,-0.707027,-0.70712,-0.701453,-0.690924,-0.676396
20/08/2020,20-Aug-20,-0.606554,-0.642358,-0.672128,-0.694922,-0.710544,-0.719277,-0.721691,-0.718507,-0.710505,-0.698466
21/08/2020,21-Aug-20,-0.608568,-0.643685,-0.673091,-0.695658,-0.711078,-0.719566,-0.721657,-0.718056,-0.709544,-0.69691
24/08/2020,24-Aug-20,-0.596191,-0.633759,-0.664876,-0.688654,-0.704953,-0.714112,-0.716749,-0.713629,-0.705571,-0.693388
25/08/2020,25-Aug-20,-0.590694,-0.618386,-0.641482,-0.658708,-0.66962,-0.67431,-0.673205,-0.666914,-0.656137,-0.641592
26/08/2020,26-Aug-20,-0.593393,-0.618211,-0.638721,-0.653615,-0.662424,-0.66522,-0.66241,-0.654593,-0.642452,-0.626692
27/08/2020,27-Aug-20,-0.603181,-0.621176,-0.64475,-0.6663,-0.681883,-0.689859,-0.689989,-0.682832,-0.669347,-0.650653
28/08/2020,28-Aug-20,-0.609657,-0.63748,-0.660248,-0.676628,-0.686188,-0.689074,-0.685788,-0.677022,-0.663555,-0.646179
31/08/2020,31-Aug-20,-0.596764,-0.624605,-0.647176,-0.663212,-0.672336,-0.674736,-0.67094,-0.661662,-0.647695,-0.629841
01/09/2020,01-Sept-20,-0.599578,-0.631165,-0.655915,-0.673045,-0.682524,-0.684794,-0.680566,-0.670682,-0.656026,-0.63746
02/09/2020,02-Sept-20,-0.611918,-0.640062,-0.667789,-0.690816,-0.707042,-0.71576,-0.717124,-0.711777,-0.700607,-0.684595
03/09/2020,03-Sept-20,-0.617006,-0.648798,-0.678356,-0.70232,-0.719146,-0.728446,-0.730535,-0.726123,-0.716107,-0.701446
04/09/2020,04-Sept-20,-0.617205,-0.646476,-0.674358,-0.697133,-0.71303,-0.721524,-0.722852,-0.717679,-0.706887,-0.691428
07/09/2020,07-Sept-20,-0.619489,-0.641789,-0.668717,-0.693245,-0.711708,-0.722581,-0.725644,-0.721429,-0.710854,-0.694991
08/09/2020,08-Sept-20,-0.607936,-0.645214,-0.679026,-0.706184,-0.725317,-0.736201,-0.739297,-0.73544,-0.725636,-0.71093
09/09/2020,09-Sept-20,-0.613933,-0.641193,-0.667187,-0.688383,-0.70308,-0.710751,-0.711596,-0.706228,-0.695471,-0.680221
10/09/2020,10-Sept-20,-0.619934,-0.638079,-0.657263,-0.673419,-0.684424,-0.689423,-0.688358,-0.681648,-0.669964,-0.654088
11/09/2020,11-Sept-20,-0.613885,-0.63942,-0.665062,-0.686727,-0.702325,-0.711063,-0.712966,-0.708536,-0.698535,-0.683829
14/09/2020,14-Sept-20,-0.606134,-0.642857,-0.674608,-0.699315,-0.716216,-0.725377,-0.727358,-0.722979,-0.713174,-0.69889
15/09/2020,15-Sept-20,-0.600393,-0.635135,-0.665511,-0.689308,-0.705647,-0.714497,-0.716341,-0.711939,-0.70218,-0.687977
16/09/2020,16-Sept-20,-0.602924,-0.637612,-0.668274,-0.692569,-0.709523,-0.719042,-0.721561,-0.717813,-0.708666,-0.695024
17/09/2020,17-Sept-20,-0.609459,-0.642322,-0.67163,-0.695009,-0.711438,-0.720763,-0.723362,-0.719913,-0.711236,-0.69819
18/09/2020,18-Sept-20,-0.604008,-0.640469,-0.672389,-0.697591,-0.715218,-0.725252,-0.728187,-0.724791,-0.715956,-0.702603
21/09/2020,21-Sept-20,-0.602302,-0.6483,-0.686439,-0.715635,-0.735794,-0.747422,-0.751365,-0.748628,-0.74026,-0.727276
22/09/2020,22-Sept-20,-0.60921,-0.647503,-0.680791,-0.707026,-0.725441,-0.736077,-0.739468,-0.73641,-0.727816,-0.714621
23/09/2020,23-Sept-20,-0.608301,-0.646956,-0.680287,-0.706374,-0.724531,-0.734861,-0.737932,-0.734565,-0.725688,-0.712242
24/09/2020,24-Sept-20,-0.620763,-0.656258,-0.68719,-0.711518,-0.728451,-0.737992,-0.740622,-0.737089,-0.728257,-0.715016
25/09/2020,25-Sept-20,-0.622277,-0.65456,-0.683492,-0.70676,-0.723345,-0.733065,-0.736254,-0.733539,-0.725694,-0.713539
28/09/2020,28-Sept-20,-0.617218,-0.645286,-0.672709,-0.696151,-0.713886,-0.725257,-0.730285,-0.7294,-0.723256,-0.712608
29/09/2020,29-Sept-20,-0.621941,-0.640088,-0.66535,-0.690446,-0.71131,-0.725977,-0.733811,-0.734979,-0.730101,-0.720015
30/09/2020,30-Sept-20,-0.625442,-0.644058,-0.668488,-0.692125,-0.71132,-0.724354,-0.730723,-0.730657,-0.724792,-0.713959
01/10/2020,01-Oct-20,-0.627842,-0.644379,-0.666831,-0.688716,-0.706433,-0.718261,-0.723676,-0.722871,-0.716445,-0.705192
02/10/2020,02-Oct-20,-0.634463,-0.656146,-0.682273,-0.706775,-0.72634,-0.739458,-0.74575,-0.745518,-0.739439,-0.728363
05/10/2020,05-Oct-20,-0.635509,-0.657743,-0.682809,-0.70542,-0.722756,-0.733601,-0.737745,-0.735573,-0.727794,-0.715262
06/10/2020,06-Oct-20,-0.638621,-0.662001,-0.687456,-0.710039,-0.727146,-0.737693,-0.741548,-0.739138,-0.731191,-0.718563
07/10/2020,07-Oct-20,-0.636566,-0.658266,-0.681621,-0.701988,-0.716939,-0.725481,-0.72752,-0.723491,-0.714111,-0.700219
08/10/2020,08-Oct-20,-0.647993,-0.668003,-0.690534,-0.710774,-0.726131,-0.735467,-0.738564,-0.735757,-0.727685,-0.715127
09/10/2020,09-Oct-20,-0.644407,-0.675873,-0.705609,-0.73022,-0.748095,-0.75877,-0.762485,-0.759878,-0.751786,-0.739112
12/10/2020,12-Oct-20,-0.650578,-0.679494,-0.708011,-0.732213,-0.750148,-0.761127,-0.765245,-0.763055,-0.755344,-0.742992
13/10/2020,13-Oct-20,-0.672936,-0.696775,-0.721832,-0.743718,-0.76014,-0.770168,-0.773729,-0.771254,-0.763447,-0.751127
14/10/2020,14-Oct-20,-0.680972,-0.70345,-0.728673,-0.751627,-0.769599,-0.781385,-0.786732,-0.785965,-0.779727,-0.768807
15/10/2020,15-Oct-20,-0.695254,-0.721844,-0.749311,-0.773528,-0.79232,-0.804795,-0.81087,-0.810946,-0.805686,-0.795873
16/10/2020,16-Oct-20,-0.702905,-0.727239,-0.754824,-0.780351,-0.800893,-0.815094,-0.822605,-0.823694,-0.818977,-0.809242
19/10/2020,19-Oct-20,-0.715887,-0.734581,-0.759016,-0.782584,-0.801648,-0.814504,-0.820668,-0.820384,-0.814303,-0.803263
20/10/2020,20-Oct-20,-0.71973,-0.73868,-0.762514,-0.785087,-0.803047,-0.814854,-0.820108,-0.81909,-0.812459,-0.801042
21/10/2020,21-Oct-20,-0.717095,-0.733268,-0.75497,-0.775885,-0.792527,-0.803255,-0.807594,-0.805773,-0.798407,-0.786301
22/10/2020,22-Oct-20,-0.719683,-0.736328,-0.756792,-0.775655,-0.789981,-0.798448,-0.800753,-0.7972,-0.788427,-0.775222
23/10/2020,23-Oct-20,-0.713273,-0.726137,-0.743577,-0.760169,-0.772902,-0.780351,-0.782101,-0.778351,-0.769641,-0.756683
26/10/2020,26-Oct-20,-0.717081,-0.727765,-0.742537,-0.75677,-0.767815,-0.774351,-0.775921,-0.772608,-0.764817,-0.753116
27/10/2020,27-Oct-20,-0.728988,-0.738993,-0.754695,-0.770868,-0.78443,-0.793749,-0.79815,-0.797575,-0.792335,-0.782946
28/10/2020,28-Oct-20,-0.731678,-0.753066,-0.7751,-0.79432,-0.808871,-0.817959,-0.821475,-0.819731,-0.813271,-0.802751
29/10/2020,29-Oct-20,-0.723994,-0.754353,-0.782235,-0.80504,-0.821555,-0.831465,-0.835014,-0.832774,-0.825477,-0.813916
30/10/2020,30-Oct-20,-0.723237,-0.75225,-0.778955,-0.800803,-0.8166,-0.826026,-0.829313,-0.827005,-0.819811,-0.808496
02/11/2020,02-Nov-20,-0.730359,-0.758203,-0.784138,-0.805474,-0.820921,-0.830099,-0.833196,-0.830731,-0.823396,-0.811949
03/11/2020,03-Nov-20,-0.724632,-0.75257,-0.778369,-0.799441,-0.814565,-0.823406,-0.826184,-0.823436,-0.815864,-0.804228
04/11/2020,04-Nov-20,-0.730722,-0.75813,-0.784055,-0.805714,-0.821731,-0.831654,-0.835615,-0.834084,-0.827718,-0.817245
05/11/2020,05-Nov-20,-0.734174,-0.754039,-0.77482,-0.793046,-0.806836,-0.815365,-0.81849,-0.816489,-0.80988,-0.799292
06/11/2020,06-Nov-20,-0.730628,-0.749907,-0.770241,-0.78808,-0.801495,-0.809639,-0.81236,-0.809936,-0.802887,-0.79185
09/11/2020,09-Nov-20,-0.700446,-0.712089,-0.729529,-0.746524,-0.759616,-0.767162,-0.768668,-0.764335,-0.754747,-0.740676
10/11/2020,10-Nov-20,-0.696155,-0.705737,-0.718649,-0.730099,-0.737501,-0.739709,-0.736478,-0.728105,-0.715179,-0.698425
11/11/2020,11-Nov-20,-0.695417,-0.707864,-0.721507,-0.733035,-0.740644,-0.743533,-0.741552,-0.734947,-0.724197,-0.709889
12/11/2020,12-Nov-20,-0.696152,-0.710099,-0.724833,-0.737266,-0.745724,-0.749478,-0.748407,-0.742769,-0.733036,-0.719783
13/11/2020,13-Nov-20,-0.700748,-0.717697,-0.734911,-0.749402,-0.759572,-0.764751,-0.764869,-0.760221,-0.751311,-0.738741
16/11/2020,16-Nov-20,-0.681844,-0.707224,-0.729774,-0.747488,-0.759473,-0.765558,-0.766019,-0.761392,-0.752342,-0.739575
17/11/2020,17-Nov-20,-0.688343,-0.707192,-0.72616,-0.742328,-0.754138,-0.760935,-0.762656,-0.759595,-0.752249,-0.741213
18/11/2020,18-Nov-20,-0.693217,-0.710847,-0.728775,-0.744041,-0.755055,-0.761143,-0.762225,-0.758585,-0.750714,-0.739201
19/11/2020,19-Nov-20,-0.679109,-0.703333,-0.725886,-0.744403,-0.757722,-0.765479,-0.767808,-0.765144,-0.75808,-0.747274
20/11/2020,20-Nov-20,-0.699991,-0.721267,-0.74209,-0.759668,-0.77254,-0.780132,-0.78244,-0.779806,-0.772765,-0.761942
23/11/2020,23-Nov-20,-0.702698,-0.724381,-0.745292,-0.762683,-0.775143,-0.782146,-0.783733,-0.780284,-0.772367,-0.760634
24/11/2020,24-Nov-20,-0.709849,-0.728928,-0.748171,-0.76453,-0.776382,-0.783054,-0.784482,-0.78098,-0.773068,-0.761368
25/11/2020,25-Nov-20,-0.711893,-0.724757,-0.742511,-0.759665,-0.773149,-0.781485,-0.784214,-0.781498,-0.77385,-0.761957
26/11/2020,26-Nov-20,-0.718238,-0.730278,-0.746767,-0.762637,-0.775043,-0.78261,-0.784903,-0.782067,-0.774577,-0.76307
27/11/2020,27-Nov-20,-0.717503,-0.729444,-0.745906,-0.761795,-0.774246,-0.78187,-0.784225,-0.78145,-0.774015,-0.762559
30/11/2020,30-Nov-20,-0.715235,-0.723741,-0.737836,-0.75218,-0.763705,-0.770858,-0.773066,-0.770367,-0.763154,-0.752005
01/12/2020,01-Dec-20,-0.710655,-0.715361,-0.72601,-0.737084,-0.745472,-0.749646,-0.749081,-0.743863,-0.734426,-0.721374
02/12/2020,02-Dec-20,-0.714724,-0.717922,-0.725054,-0.732071,-0.736634,-0.737556,-0.734407,-0.727231,-0.716357,-0.70226
03/12/2020,03-Dec-20,-0.722061,-0.728194,-0.73854,-0.748825,-0.756557,-0.760453,-0.760023,-0.755283,-0.746553,-0.734314
04/12/2020,04-Dec-20,-0.728762,-0.735887,-0.74671,-0.757105,-0.764688,-0.768259,-0.767389,-0.762139,-0.752859,-0.740055
07/12/2020,07-Dec-20,-0.73807,-0.749759,-0.763946,-0.776876,-0.786423,-0.791557,-0.791968,-0.787792,-0.779432,-0.767429
08/12/2020,08-Dec-20,-0.740748,-0.756027,-0.773093,-0.788397,-0.799953,-0.806826,-0.808766,-0.805953,-0.798818,-0.787922
09/12/2020,09-Dec-20,-0.75209,-0.764965,-0.779844,-0.79319,-0.803009,-0.808351,-0.808945,-0.804952,-0.796781,-0.784972
10/12/2020,10-Dec-20,-0.749307,-0.761162,-0.775566,-0.788819,-0.798809,-0.804499,-0.805557,-0.802098,-0.794499,-0.783278
11/12/2020,11-Dec-20,-0.756146,-0.772006,-0.789726,-0.805753,-0.818085,-0.825763,-0.828517,-0.826505,-0.820144,-0.809979
14/12/2020,14-Dec-20,-0.75943,-0.767057,-0.778571,-0.789996,-0.798985,-0.8043,-0.805447,-0.802407,-0.795453,-0.785021
15/12/2020,15-Dec-20,-0.759722,-0.766986,-0.7784,-0.789923,-0.799154,-0.804814,-0.806375,-0.803793,-0.797321,-0.787381
16/12/2020,16-Dec-20,-0.749994,-0.748875,-0.753196,-0.75881,-0.763182,-0.764893,-0.763279,-0.75817,-0.749704,-0.738205
17/12/2020,17-Dec-20,-0.75813,-0.756188,-0.760489,-0.766678,-0.772043,-0.77502,-0.77483,-0.771212,-0.764239,-0.754185
18/12/2020,18-Dec-20,-0.747209,-0.746473,-0.751407,-0.757868,-0.763291,-0.766212,-0.765917,-0.762187,-0.755122,-0.745008
21/12/2020,21-Dec-20,-0.754104,-0.75438,-0.760345,-0.767791,-0.774113,-0.777828,-0.778211,-0.775045,-0.768432,-0.758667
22/12/2020,22-Dec-20,-0.754036,-0.753653,-0.758687,-0.765133,-0.770515,-0.773421,-0.773163,-0.769535,-0.762636,-0.752748
23/12/2020,23-Dec-20,-0.749933,-0.7434,-0.743158,-0.745114,-0.7467,-0.746416,-0.743491,-0.737642,-0.728903,-0.717495
28/12/2020,28-Dec-20,-0.760521,-0.763813,-0.763728,-0.760715,-0.755173,-0.747459,-0.737894,-0.726759,-0.714308,-0.700765
29/12/2020,29-Dec-20,-0.743762,-0.755971,-0.763245,-0.766243,-0.765553,-0.761698,-0.755143,-0.7463,-0.735534,-0.723169
30/12/2020,30-Dec-20,-0.751721,-0.7606,-0.765477,-0.766855,-0.765189,-0.760882,-0.754299,-0.745761,-0.735559,-0.723951
04/01/2021,04-Jan-21,-0.649335,-0.690398,-0.720847,-0.742239,-0.755935,-0.763119,-0.764828,-0.761961,-0.7553,-0.74552
05/01/2021,05-Jan-21,-0.652927,-0.693923,-0.72431,-0.745642,-0.759282,-0.766415,-0.768076,-0.765166,-0.758465,-0.748651
06/01/2021,06-Jan-21,-0.650537,-0.688591,-0.716185,-0.734877,-0.746029,-0.750826,-0.750301,-0.74535,-0.73675,-0.725173
07/01/2021,07-Jan-21,-0.658769,-0.696786,-0.724257,-0.742758,-0.753664,-0.758173,-0.757328,-0.752034,-0.743076,-0.731133
08/01/2021,08-Jan-21,-0.665196,-0.701726,-0.728003,-0.745557,-0.755728,-0.759681,-0.758429,-0.752855,-0.74372,-0.731686
11/01/2021,11-Jan-21,-0.650237,-0.688109,-0.715136,-0.732955,-0.742994,-0.746497,-0.744545,-0.738073,-0.727894,-0.714708
12/01/2021,12-Jan-21,-0.647865,-0.683075,-0.707714,-0.723394,-0.731519,-0.733311,-0.72983,-0.721995,-0.710601,-0.696334
13/01/2021,13-Jan-21,-0.651491,-0.687661,-0.713614,-0.730874,-0.740773,-0.744469,-0.742973,-0.737161,-0.727795,-0.715531
14/01/2021,14-Jan-21,-0.654533,-0.698254,-0.7304,-0.7527,-0.766661,-0.773598,-0.774652,-0.770814,-0.762944,-0.751784
15/01/2021,15-Jan-21,-0.64305,-0.688459,-0.72173,-0.744688,-0.758921,-0.765815,-0.766572,-0.762235,-0.753708,-0.741771
18/01/2021,18-Jan-21,-0.645979,-0.687443,-0.71755,-0.737997,-0.750265,-0.755646,-0.755263,-0.75009,-0.740973,-0.728642
19/01/2021,19-Jan-21,-0.643451,-0.683599,-0.71255,-0.731981,-0.743357,-0.747955,-0.746886,-0.741111,-0.731467,-0.718675
20/01/2021,20-Jan-21,-0.644956,-0.685584,-0.715185,-0.735394,-0.747641,-0.753174,-0.753077,-0.748295,-0.739645,-0.727836
21/01/2021,21-Jan-21,-0.646272,-0.683238,-0.709439,-0.726498,-0.735833,-0.738676,-0.736102,-0.72904,-0.718297,-0.70457
22/01/2021,22-Jan-21,-0.640818,-0.682232,-0.712128,-0.732233,-0.744053,-0.748903,-0.747924,-0.742106,-0.73231,-0.719277
25/01/2021,25-Jan-21,-0.643629,-0.689736,-0.723689,-0.747303,-0.76216,-0.769638,-0.770936,-0.767097,-0.759022,-0.74749
26/01/2021,26-Jan-21,-0.645158,-0.691308,-0.725081,-0.748332,-0.762681,-0.769539,-0.770132,-0.765525,-0.756638,-0.744268
27/01/2021,27-Jan-21,-0.653426,-0.700251,-0.734732,-0.758702,-0.773765,-0.781317,-0.782573,-0.778589,-0.770282,-0.758442
28/01/2021,28-Jan-21,-0.655412,-0.702609,-0.73705,-0.76065,-0.775079,-0.781793,-0.782056,-0.776966,-0.767474,-0.754401
29/01/2021,29-Jan-21,-0.653105,-0.698633,-0.731345,-0.753184,-0.765846,-0.770805,-0.769343,-0.762569,-0.751445,-0.736799
01/02/2021,01-Feb-21,-0.651118,-0.693484,-0.72393,-0.744239,-0.755968,-0.760476,-0.758945,-0.7524,-0.741732,-0.727711
02/02/2021,02-Feb-21,-0.651116,-0.689971,-0.717315,-0.734888,-0.744207,-0.746594,-0.7432,-0.735022,-0.722925,-0.707656
03/02/2021,03-Feb-21,-0.643478,-0.68349,-0.7115,-0.729331,-0.738577,-0.740621,-0.736669,-0.727765,-0.714813,-0.698594
04/02/2021,04-Feb-21,-0.645863,-0.681872,-0.706627,-0.721832,-0.728972,-0.729345,-0.724078,-0.71415,-0.70041,-0.683592
05/02/2021,05-Feb-21,-0.638306,-0.679098,-0.707635,-0.725778,-0.735147,-0.737157,-0.733035,-0.723848,-0.71052,-0.693848
08/02/2021,08-Feb-21,-0.646948,-0.683788,-0.708588,-0.723205,-0.729261,-0.728164,-0.721138,-0.709244,-0.693397,-0.674388
09/02/2021,09-Feb-21,-0.644209,-0.682457,-0.708764,-0.724952,-0.732609,-0.73312,-0.727686,-0.717352,-0.70302,-0.68547
10/02/2021,10-Feb-21,-0.644817,-0.684624,-0.712226,-0.729481,-0.738006,-0.739212,-0.734325,-0.72441,-0.710388,-0.693054
11/02/2021,11-Feb-21,-0.640718,-0.686214,-0.718232,-0.738828,-0.749797,-0.752698,-0.748888,-0.739543,-0.725679,-0.708175
12/02/2021,12-Feb-21,-0.644385,-0.684028,-0.710994,-0.727225,-0.734418,-0.734047,-0.727396,-0.715578,-0.699555,-0.680158
15/02/2021,15-Feb-21,-0.645055,-0.680286,-0.703178,-0.715654,-0.719391,-0.715847,-0.706286,-0.691804,-0.673347,-0.65173
16/02/2021,16-Feb-21,-0.640118,-0.677192,-0.700959,-0.713536,-0.716763,-0.712237,-0.701338,-0.685261,-0.665034,-0.641539
17/02/2021,17-Feb-21,-0.636502,-0.673652,-0.697634,-0.710528,-0.714141,-0.710045,-0.699601,-0.683985,-0.664212,-0.641155
18/02/2021,18-Feb-21,-0.635331,-0.667795,-0.687658,-0.696939,-0.697389,-0.690531,-0.67768,-0.659974,-0.638393,-0.613776
19/02/2021,19-Feb-21,-0.637551,-0.670677,-0.690739,-0.699843,-0.699814,-0.692238,-0.678485,-0.659738,-0.637015,-0.611189
22/02/2021,22-Feb-21,-0.634768,-0.670772,-0.693575,-0.705271,-0.707681,-0.702385,-0.690753,-0.673969,-0.653052,-0.62888
23/02/2021,23-Feb-21,-0.637373,-0.670635,-0.690353,-0.698742,-0.697723,-0.688958,-0.673883,-0.653734,-0.629572,-0.602306
24/02/2021,24-Feb-21,-0.639339,-0.670369,-0.687917,-0.694219,-0.691214,-0.680577,-0.66375,-0.641974,-0.616314,-0.587676
25/02/2021,25-Feb-21,-0.632667,-0.656037,-0.667378,-0.668717,-0.661808,-0.648167,-0.629097,-0.60572,-0.578993,-0.549735
26/02/2021,26-Feb-21,-0.629363,-0.65301,-0.664773,-0.666673,-0.660456,-0.64763,-0.629488,-0.607141,-0.581538,-0.553486
01/03/2021,01-Mar-21,-0.635227,-0.671664,-0.694429,-0.705749,-0.707552,-0.701509,-0.689062,-0.671451,-0.649741,-0.624844
02/03/2021,02-Mar-21,-0.630602,-0.668879,-0.692858,-0.704871,-0.706939,-0.70081,-0.687992,-0.669782,-0.647296,-0.621487
03/03/2021,03-Mar-21,-0.629964,-0.666862,-0.689679,-0.700693,-0.701883,-0.694963,-0.681412,-0.662507,-0.639345,-0.612867
04/03/2021,04-Mar-21,-0.640791,-0.675244,-0.696417,-0.706431,-0.707133,-0.700124,-0.686792,-0.668333,-0.645782,-0.620023
05/03/2021,05-Mar-21,-0.636396,-0.670481,-0.690922,-0.699935,-0.699444,-0.691116,-0.67639,-0.656508,-0.632538,-0.605395
08/03/2021,08-Mar-21,-0.631872,-0.665967,-0.686298,-0.695113,-0.694362,-0.685734,-0.670687,-0.650477,-0.626183,-0.598729
09/03/2021,09-Mar-21,-0.635225,-0.67078,-0.692666,-0.703093,-0.703983,-0.696997,-0.683575,-0.664957,-0.64221,-0.616246
10/03/2021,10-Mar-21,-0.629593,-0.663886,-0.684844,-0.694625,-0.695104,-0.687903,-0.674428,-0.655887,-0.633324,-0.607629
11/03/2021,11-Mar-21,-0.629485,-0.668279,-0.693075,-0.706115,-0.709343,-0.704447,-0.692888,-0.675925,-0.654645,-0.629978
12/03/2021,12-Mar-21,-0.628085,-0.665176,-0.687981,-0.698813,-0.699682,-0.69233,-0.67826,-0.658769,-0.634974,-0.60783
15/03/2021,15-Mar-21,-0.626699,-0.669279,-0.696482,-0.710779,-0.714318,-0.708958,-0.696309,-0.677759,-0.654502,-0.627561
16/03/2021,16-Mar-21,-0.631826,-0.675085,-0.703291,-0.718837,-0.723804,-0.719996,-0.708977,-0.692096,-0.670517,-0.645239
17/03/2021,17-Mar-21,-0.631738,-0.672793,-0.698556,-0.71149,-0.713737,-0.707152,-0.693339,-0.673682,-0.649372,-0.62143
18/03/2021,18-Mar-21,-0.633857,-0.672445,-0.6957,-0.706121,-0.705878,-0.696848,-0.680652,-0.65869,-0.632161,-0.602095
19/03/2021,19-Mar-21,-0.640182,-0.681083,-0.706612,-0.719226,-0.721061,-0.713972,-0.699565,-0.679227,-0.654153,-0.62537
22/03/2021,22-Mar-21,-0.643055,-0.686511,-0.714173,-0.728554,-0.73184,-0.72593,-0.712467,-0.692873,-0.668373,-0.640017
23/03/2021,23-Mar-21,-0.640791,-0.687734,-0.718671,-0.736118,-0.742265,-0.739017,-0.728024,-0.710717,-0.688326,-0.661913
24/03/2021,24-Mar-21,-0.642405,-0.68949,-0.720526,-0.738045,-0.744251,-0.741056,-0.730121,-0.712879,-0.690568,-0.664253
25/03/2021,25-Mar-21,-0.652081,-0.698603,-0.729634,-0.747597,-0.754603,-0.752486,-0.742838,-0.727039,-0.706278,-0.68158
26/03/2021,26-Mar-21,-0.654424,-0.699307,-0.728559,-0.744647,-0.74972,-0.745646,-0.734043,-0.716309,-0.693652,-0.667111
29/03/2021,29-Mar-21,-0.656223,-0.699644,-0.727378,-0.741921,-0.745443,-0.739828,-0.72671,-0.707499,-0.683413,-0.655495
30/03/2021,30-Mar-21,-0.642173,-0.679325,-0.701687,-0.711646,-0.711278,-0.702382,-0.686517,-0.665027,-0.639069,-0.609634
31/03/2021,31-Mar-21,-0.65921,-0.69333,-0.713453,-0.721838,-0.720452,-0.710999,-0.694956,-0.673595,-0.648013,-0.619152
01/04/2021,01-Apr-21,-0.655777,-0.69651,-0.722151,-0.735104,-0.737463,-0.731045,-0.717423,-0.697959,-0.673824,-0.646027
06/04/2021,06-Apr-21,-0.65272,-0.692669,-0.717467,-0.729548,-0.731028,-0.723742,-0.709279,-0.689009,-0.664116,-0.635611
07/04/2021,07-Apr-21,-0.657964,-0.698294,-0.723484,-0.735956,-0.737819,-0.730902,-0.716789,-0.696848,-0.672259,-0.644033
08/04/2021,08-Apr-21,-0.665254,-0.70542,-0.730941,-0.744129,-0.746994,-0.741287,-0.728526,-0.710024,-0.686917,-0.660179
09/04/2021,09-Apr-21,-0.655727,-0.69206,-0.71369,-0.723001,-0.722066,-0.712681,-0.6964,-0.674564,-0.648327,-0.618677
12/04/2021,12-Apr-21,-0.658159,-0.695869,-0.718532,-0.728586,-0.72815,-0.719063,-0.702914,-0.681072,-0.654719,-0.624865
13/04/2021,13-Apr-21,-0.656329,-0.694505,-0.717583,-0.728008,-0.727904,-0.719111,-0.703223,-0.681614,-0.655467,-0.625796
14/04/2021,14-Apr-21,-0.660651,-0.695376,-0.715538,-0.72351,-0.721354,-0.710858,-0.693566,-0.670813,-0.643743,-0.613338
15/04/2021,15-Apr-21,-0.665605,-0.698539,-0.717137,-0.723745,-0.7204,-0.708869,-0.690678,-0.667143,-0.639394,-0.608402
16/04/2021,16-Apr-21,-0.66278,-0.697752,-0.717463,-0.724437,-0.720865,-0.708642,-0.689405,-0.664561,-0.63532,-0.602716
19/04/2021,19-Apr-21,-0.653154,-0.683262,-0.698877,-0.702425,-0.696007,-0.681439,-0.660291,-0.633909,-0.60345,-0.569902
20/04/2021,20-Apr-21,-0.648356,-0.682872,-0.702234,-0.708952,-0.705201,-0.692864,-0.673567,-0.648708,-0.61949,-0.586938
21/04/2021,21-Apr-21,-0.650958,-0.687893,-0.709698,-0.718846,-0.717485,-0.707477,-0.690429,-0.667728,-0.640564,-0.609958
22/04/2021,22-Apr-21,-0.657646,-0.691267,-0.710425,-0.717495,-0.71454,-0.703345,-0.685453,-0.662196,-0.634714,-0.603987
23/04/2021,23-Apr-21,-0.660726,-0.692809,-0.710491,-0.716152,-0.711853,-0.69938,-0.680277,-0.655872,-0.627306,-0.595557
26/04/2021,26-Apr-21,-0.651408,-0.686515,-0.706723,-0.714476,-0.711897,-0.700824,-0.682844,-0.659327,-0.631449,-0.600216
27/04/2021,27-Apr-21,-0.656033,-0.689565,-0.708177,-0.714346,-0.710218,-0.697651,-0.678249,-0.653392,-0.624263,-0.591875
28/04/2021,28-Apr-21,-0.66238,-0.692032,-0.707324,-0.710662,-0.704131,-0.689534,-0.668424,-0.64214,-0.611826,-0.578463
29/04/2021,29-Apr-21,-0.654173,-0.681822,-0.694842,-0.695715,-0.686592,-0.66933,-0.645529,-0.616562,-0.583605,-0.547661
30/04/2021,30-Apr-21,-0.650751,-0.683253,-0.700372,-0.704692,-0.698449,-0.683578,-0.661744,-0.634379,-0.602712,-0.56779
03/05/2021,03-May-21,-0.64856,-0.681629,-0.699133,-0.703689,-0.697561,-0.68271,-0.660822,-0.633346,-0.601525,-0.566418
04/05/2021,04-May-21,-0.646341,-0.684622,-0.706869,-0.715731,-0.713505,-0.702179,-0.683467,-0.658846,-0.629582,-0.596758
05/05/2021,05-May-21,-0.645582,-0.684233,-0.7064,-0.714831,-0.711905,-0.69968,-0.679928,-0.654174,-0.623722,-0.589689
06/05/2021,06-May-21,-0.650864,-0.688593,-0.709888,-0.717497,-0.713796,-0.700842,-0.680404,-0.654005,-0.622948,-0.588347
07/05/2021,07-May-21,-0.646782,-0.684047,-0.705031,-0.712453,-0.708671,-0.69572,-0.675355,-0.649084,-0.618199,-0.583804
10/05/2021,10-May-21,-0.645448,-0.682653,-0.703349,-0.710303,-0.705911,-0.692242,-0.67108,-0.643956,-0.612183,-0.576878
11/05/2021,11-May-21,-0.64782,-0.67832,-0.693063,-0.694741,-0.685682,-0.667895,-0.643107,-0.612798,-0.578236,-0.540497
12/05/2021,12-May-21,-0.647562,-0.673115,-0.683423,-0.681134,-0.668532,-0.647586,-0.619989,-0.587188,-0.550419,-0.510734
13/05/2021,13-May-21,-0.657922,-0.678283,-0.684263,-0.678397,-0.662871,-0.639565,-0.610094,-0.575839,-0.537975,-0.497501
14/05/2021,14-May-21,-0.65168,-0.673049,-0.680166,-0.67553,-0.661296,-0.63932,-0.611195,-0.578284,-0.541749,-0.502578
17/05/2021,17-May-21,-0.650719,-0.671286,-0.677417,-0.671655,-0.656199,-0.632936,-0.603488,-0.569241,-0.531375,-0.490893
18/05/2021,18-May-21,-0.653888,-0.673949,-0.679774,-0.673862,-0.65837,-0.635155,-0.605811,-0.571703,-0.533996,-0.493677
19/05/2021,19-May-21,-0.650123,-0.673637,-0.681826,-0.677394,-0.662671,-0.639662,-0.610085,-0.575411,-0.536889,-0.495581
20/05/2021,20-May-21,-0.652234,-0.671399,-0.676416,-0.669785,-0.653664,-0.629907,-0.600108,-0.565629,-0.52763,-0.487094
21/05/2021,21-May-21,-0.650322,-0.674608,-0.684073,-0.681294,-0.668495,-0.647593,-0.620234,-0.587828,-0.551579,-0.51251
24/05/2021,24-May-21,-0.647484,-0.67202,-0.681604,-0.678837,-0.665964,-0.644917,-0.617358,-0.584711,-0.548189,-0.508825
25/05/2021,25-May-21,-0.64685,-0.676107,-0.690047,-0.691282,-0.682071,-0.664364,-0.63984,-0.609938,-0.575889,-0.538744
26/05/2021,26-May-21,-0.648531,-0.680842,-0.697836,-0.702084,-0.695814,-0.680949,-0.659149,-0.63184,-0.600244,-0.565402
27/05/2021,27-May-21,-0.652519,-0.680295,-0.693254,-0.693915,-0.684459,-0.666771,-0.642472,-0.612953,-0.579407,-0.542849
28/05/2021,28-May-21,-0.648716,-0.679911,-0.69565,-0.698541,-0.690844,-0.674508,-0.651216,-0.622412,-0.589333,-0.553035
31/05/2021,31-May-21,-0.652024,-0.679869,-0.692881,-0.693581,-0.684152,-0.666479,-0.642184,-0.612661,-0.579102,-0.542524
01/06/2021,01-Jun-21,-0.654173,-0.681957,-0.695008,-0.695825,-0.68657,-0.669113,-0.645062,-0.615802,-0.582515,-0.546212
02/06/2021,02-Jun-21,-0.657847,-0.687644,-0.702449,-0.704789,-0.696851,-0.680525,-0.657443,-0.629004,-0.59641,-0.560684
03/06/2021,03-Jun-21,-0.660526,-0.689344,-0.703214,-0.704665,-0.695887,-0.678773,-0.654953,-0.625828,-0.592597,-0.556284
04/06/2021,04-Jun-21,-0.661383,-0.692552,-0.708646,-0.712192,-0.705377,-0.690096,-0.667979,-0.640432,-0.608657,-0.573682
07/06/2021,07-Jun-21,-0.651724,-0.685774,-0.703515,-0.707722,-0.700796,-0.684806,-0.661533,-0.632505,-0.599029,-0.562217
08/06/2021,08-Jun-21,-0.656449,-0.688117,-0.704734,-0.708826,-0.702582,-0.687894,-0.666394,-0.639483,-0.608363,-0.57406
09/06/2021,09-Jun-21,-0.66894,-0.701882,-0.720063,-0.725915,-0.721552,-0.708801,-0.689245,-0.664245,-0.634973,-0.60243
10/06/2021,10-Jun-21,-0.66463,-0.697832,-0.715906,-0.721357,-0.716357,-0.702791,-0.682284,-0.656235,-0.625847,-0.592149
11/06/2021,11-Jun-21,-0.667781,-0.700294,-0.718752,-0.72542,-0.722271,-0.711019,-0.693146,-0.669938,-0.6425,-0.611782
14/06/2021,14-Jun-21,-0.663979,-0.696466,-0.714233,-0.719711,-0.715007,-0.70195,-0.682116,-0.656867,-0.627371,-0.594629
15/06/2021,15-Jun-21,-0.664457,-0.694742,-0.710618,-0.714478,-0.708395,-0.694167,-0.673346,-0.647269,-0.617083,-0.583772
16/06/2021,16-Jun-21,-0.665052,-0.696158,-0.712653,-0.71696,-0.711183,-0.697143,-0.676412,-0.650346,-0.620108,-0.586694
17/06/2021,17-Jun-21,-0.666247,-0.693234,-0.70607,-0.707153,-0.698558,-0.68208,-0.659264,-0.631439,-0.599742,-0.565146
18/06/2021,18-Jun-21,-0.667468,-0.692381,-0.703793,-0.704006,-0.695011,-0.678529,-0.656042,-0.628822,-0.597959,-0.56438
21/06/2021,21-Jun-21,-0.660991,-0.682329,-0.690675,-0.688265,-0.677037,-0.658662,-0.634578,-0.60602,-0.574041,-0.539541
22/06/2021,22-Jun-21,-0.666404,-0.68705,-0.694742,-0.691695,-0.679826,-0.660794,-0.636027,-0.606754,-0.574026,-0.538739
23/06/2021,23-Jun-21,-0.664461,-0.68741,-0.697304,-0.696347,-0.686452,-0.669273,-0.646236,-0.618569,-0.587325,-0.553403
24/06/2021,24-Jun-21,-0.666069,-0.68887,-0.69864,-0.697579,-0.687595,-0.670342,-0.647243,-0.619524,-0.588237,-0.55428
25/06/2021,25-Jun-21,-0.672519,-0.689712,-0.694984,-0.690354,-0.677575,-0.658161,-0.633424,-0.604491,-0.57233,-0.537769
28/06/2021,28-Jun-21,-0.665277,-0.686414,-0.694812,-0.692621,-0.681706,-0.663684,-0.639947,-0.611696,-0.579961,-0.545623
29/06/2021,29-Jun-21,-0.667935,-0.687679,-0.694842,-0.691555,-0.679669,-0.660784,-0.636284,-0.607356,-0.57502,-0.54015
30/06/2021,30-Jun-21,-0.666835,-0.688858,-0.698389,-0.697514,-0.688044,-0.671548,-0.649382,-0.622716,-0.592555,-0.559759
01/07/2021,01-Jul-21,-0.668876,-0.69318,-0.704562,-0.705167,-0.696857,-0.681249,-0.659739,-0.633531,-0.603662,-0.571018
02/07/2021,02-Jul-21,-0.666397,-0.694076,-0.708518,-0.711887,-0.706069,-0.692699,-0.673193,-0.648773,-0.620492,-0.589254
05/07/2021,05-Jul-21,-0.669276,-0.692812,-0.703745,-0.704163,-0.695878,-0.680463,-0.65928,-0.633501,-0.604136,-0.572052
06/07/2021,06-Jul-21,-0.66329,-0.69308,-0.709615,-0.715037,-0.711211,-0.699759,-0.682086,-0.659405,-0.632764,-0.603062
07/07/2021,07-Jul-21,-0.66985,-0.700124,-0.717702,-0.724617,-0.722642,-0.71332,-0.697986,-0.677799,-0.653755,-0.626715
08/07/2021,08-Jul-21,-0.673408,-0.704688,-0.723274,-0.731188,-0.730192,-0.721819,-0.707401,-0.688089,-0.664879,-0.638626
09/07/2021,09-Jul-21,-0.670489,-0.699322,-0.715775,-0.721808,-0.71913,-0.709232,-0.69341,-0.672786,-0.648333,-0.620888
12/07/2021,12-Jul-21,-0.662826,-0.694143,-0.712724,-0.720572,-0.719434,-0.710836,-0.696102,-0.676385,-0.652678,-0.625842
13/07/2021,13-Jul-21,-0.669871,-0.696349,-0.711784,-0.717838,-0.715975,-0.707476,-0.693461,-0.674911,-0.652679,-0.627505
14/07/2021,14-Jul-21,-0.665242,-0.695628,-0.713776,-0.721585,-0.720717,-0.712622,-0.698564,-0.679643,-0.656813,-0.630899
15/07/2021,15-Jul-21,-0.672656,-0.703625,-0.722481,-0.731094,-0.7311,-0.72393,-0.710831,-0.692886,-0.671038,-0.646101
16/07/2021,16-Jul-21,-0.67303,-0.706339,-0.727003,-0.736993,-0.738028,-0.731612,-0.719052,-0.701483,-0.679891,-0.655125
19/07/2021,19-Jul-21,-0.669838,-0.704524,-0.726975,-0.739063,-0.742427,-0.738499,-0.728529,-0.713604,-0.694668,-0.672539
20/07/2021,20-Jul-21,-0.680636,-0.72196,-0.749894,-0.766467,-0.773455,-0.772411,-0.764691,-0.751475,-0.733789,-0.712519
21/07/2021,21-Jul-21,-0.684862,-0.723985,-0.749634,-0.763885,-0.768554,-0.765227,-0.755284,-0.739926,-0.720194,-0.696986
22/07/2021,22-Jul-21,-0.689433,-0.728627,-0.754433,-0.768901,-0.773822,-0.770763,-0.761088,-0.745986,-0.726486,-0.703481
23/07/2021,23-Jul-21,-0.697286,-0.735588,-0.760755,-0.774797,-0.779472,-0.776316,-0.76667,-0.751698,-0.732412,-0.709687
26/07/2021,26-Jul-21,-0.692231,-0.733959,-0.761522,-0.777106,-0.782625,-0.779747,-0.769923,-0.754417,-0.734321,-0.710581
27/07/2021,27-Jul-21,-0.696647,-0.742734,-0.773851,-0.792341,-0.800247,-0.799346,-0.79118,-0.777081,-0.758202,-0.735535
28/07/2021,28-Jul-21,-0.688681,-0.741934,-0.77819,-0.800179,-0.810264,-0.810494,-0.802635,-0.788212,-0.768532,-0.744718
29/07/2021,29-Jul-21,-0.691888,-0.743819,-0.779044,-0.800244,-0.809747,-0.809565,-0.801438,-0.786863,-0.767128,-0.743335
30/07/2021,30-Jul-21,-0.695633,-0.747261,-0.782318,-0.803462,-0.813003,-0.812935,-0.804984,-0.790636,-0.771166,-0.747668
02/08/2021,02-Aug-21,-0.687966,-0.744011,-0.782901,-0.807362,-0.81976,-0.822144,-0.816287,-0.803715,-0.785742,-0.763496
03/08/2021,03-Aug-21,-0.68511,-0.746498,-0.789592,-0.81736,-0.832365,-0.836818,-0.832619,-0.821402,-0.804562,-0.78329
04/08/2021,04-Aug-21,-0.68533,-0.748219,-0.792766,-0.821931,-0.838272,-0.843996,-0.841002,-0.830919,-0.815145,-0.794869
05/08/2021,05-Aug-21,-0.691394,-0.754285,-0.798215,-0.82635,-0.841411,-0.845732,-0.841307,-0.82984,-0.812778,-0.79135
06/08/2021,06-Aug-21,-0.681786,-0.739264,-0.778506,-0.802592,-0.814166,-0.815492,-0.808505,-0.794855,-0.775942,-0.752954
09/08/2021,09-Aug-21,-0.678081,-0.735537,-0.775098,-0.799762,-0.812107,-0.814341,-0.808354,-0.795759,-0.777926,-0.756019
10/08/2021,10-Aug-21,-0.672228,-0.731751,-0.772963,-0.798936,-0.812311,-0.81535,-0.809989,-0.797876,-0.780415,-0.758796
11/08/2021,11-Aug-21,-0.686569,-0.736618,-0.770361,-0.790522,-0.799445,-0.799143,-0.791339,-0.777506,-0.758897,-0.736576
12/08/2021,12-Aug-21,-0.691344,-0.739508,-0.771697,-0.790588,-0.798482,-0.797356,-0.788902,-0.774565,-0.755575,-0.732978
13/08/2021,13-Aug-21,-0.690775,-0.737038,-0.768029,-0.786294,-0.794023,-0.793097,-0.785129,-0.771497,-0.753375,-0.731762
16/08/2021,16-Aug-21,-0.678418,-0.730883,-0.76729,-0.790267,-0.802079,-0.804676,-0.799733,-0.788681,-0.772746,-0.752971
17/08/2021,17-Aug-21,-0.691313,-0.738687,-0.770756,-0.790048,-0.79874,-0.798705,-0.791549,-0.778648,-0.761175,-0.740129
18/08/2021,18-Aug-21,-0.697641,-0.743455,-0.774705,-0.793723,-0.802533,-0.802881,-0.796275,-0.784014,-0.767211,-0.746821
19/08/2021,19-Aug-21,-0.698442,-0.742991,-0.773367,-0.791836,-0.800363,-0.800644,-0.794146,-0.782131,-0.76568,-0.745723
20/08/2021,20-Aug-21,-0.702313,-0.746909,-0.777392,-0.796015,-0.804732,-0.80523,-0.798967,-0.787198,-0.771001,-0.751299
23/08/2021,23-Aug-21,-0.694814,-0.742056,-0.77435,-0.794099,-0.803383,-0.803998,-0.797494,-0.785203,-0.76827,-0.747672
24/08/2021,24-Aug-21,-0.694027,-0.739742,-0.770847,-0.789694,-0.798315,-0.798471,-0.791676,-0.779235,-0.762266,-0.741726
25/08/2021,25-Aug-21,-0.690976,-0.735837,-0.765504,-0.782466,-0.788875,-0.786587,-0.7772,-0.762085,-0.742415,-0.719192
26/08/2021,26-Aug-21,-0.697932,-0.737396,-0.762373,-0.775269,-0.778162,-0.772842,-0.76085,-0.743503,-0.721929,-0.697091
27/08/2021,27-Aug-21,-0.692865,-0.733202,-0.758888,-0.772355,-0.7757,-0.770734,-0.75901,-0.741863,-0.720431,-0.695685
30/08/2021,30-Aug-21,-0.689056,-0.73173,-0.759633,-0.775186,-0.780486,-0.777339,-0.767302,-0.751709,-0.731703,-0.708261
31/08/2021,31-Aug-21,-0.699047,-0.733601,-0.754962,-0.765299,-0.766487,-0.760147,-0.747675,-0.730269,-0.708958,-0.68462
01/09/2021,01-Sept-21,-0.693916,-0.730776,-0.753628,-0.764779,-0.766227,-0.759694,-0.746666,-0.728418,-0.706041,-0.680468
02/09/2021,02-Sept-21,-0.698227,-0.73492,-0.757874,-0.769318,-0.771188,-0.765154,-0.752661,-0.734952,-0.713093,-0.688
03/09/2021,03-Sept-21,-0.690372,-0.727055,-0.749491,-0.760021,-0.760672,-0.753197,-0.739106,-0.719696,-0.696082,-0.669214
06/09/2021,06-Sept-21,-0.698093,-0.731501,-0.751485,-0.760253,-0.759719,-0.751533,-0.737122,-0.71771,-0.694348,-0.667933
07/09/2021,07-Sept-21,-0.697001,-0.725547,-0.741061,-0.745725,-0.741426,-0.729793,-0.712229,-0.689937,-0.663948,-0.635141
08/09/2021,08-Sept-21,-0.689147,-0.718833,-0.735268,-0.740681,-0.736997,-0.725879,-0.708756,-0.686855,-0.661225,-0.632759
09/09/2021,09-Sept-21,-0.694581,-0.727439,-0.746637,-0.754441,-0.752815,-0.743454,-0.727817,-0.70716,-0.682556,-0.654924
10/09/2021,10-Sept-21,-0.694885,-0.725992,-0.743779,-0.750466,-0.747972,-0.737954,-0.72184,-0.700856,-0.676052,-0.648324
13/09/2021,13-Sept-21,-0.698407,-0.729115,-0.746452,-0.752649,-0.74964,-0.739091,-0.722438,-0.700915,-0.675578,-0.647326
14/09/2021,14-Sept-21,-0.703381,-0.733458,-0.750195,-0.755824,-0.752275,-0.741216,-0.724081,-0.702102,-0.676335,-0.647679
15/09/2021,15-Sept-21,-0.706533,-0.732253,-0.745501,-0.748362,-0.742642,-0.7299,-0.711482,-0.688543,-0.662073,-0.632919
16/09/2021,16-Sept-21,-0.693031,-0.723661,-0.740254,-0.74518,-0.740485,-0.727934,-0.709048,-0.685131,-0.657298,-0.6265
17/09/2021,17-Sept-21,-0.691893,-0.720484,-0.735257,-0.738558,-0.732417,-0.718581,-0.698557,-0.673633,-0.644913,-0.613335
20/09/2021,20-Sept-21,-0.700688,-0.733805,-0.752343,-0.758767,-0.755205,-0.743493,-0.725211,-0.701712,-0.674153,-0.643521
21/09/2021,21-Sept-21,-0.697028,-0.731623,-0.751749,-0.759825,-0.757945,-0.747915,-0.731291,-0.709408,-0.68341,-0.65427
22/09/2021,22-Sept-21,-0.696364,-0.728674,-0.746848,-0.753264,-0.749978,-0.738762,-0.721143,-0.698431,-0.671747,-0.642045
23/09/2021,23-Sept-21,-0.710172,-0.73054,-0.738576,-0.736429,-0.725953,-0.708743,-0.686167,-0.659398,-0.629434,-0.597123
24/09/2021,24-Sept-21,-0.700538,-0.720467,-0.727356,-0.72351,-0.710913,-0.691271,-0.666046,-0.636486,-0.603654,-0.568449
27/09/2021,27-Sept-21,-0.710863,-0.726347,-0.729726,-0.723163,-0.708523,-0.687406,-0.661182,-0.631021,-0.597916,-0.562709
28/09/2021,28-Sept-21,-0.715872,-0.726264,-0.724914,-0.713985,-0.695331,-0.670543,-0.640979,-0.607793,-0.571963,-0.534315
29/09/2021,29-Sept-21,-0.711941,-0.728665,-0.732969,-0.727076,-0.712903,-0.692091,-0.666047,-0.635969,-0.602878,-0.567634
30/09/2021,30-Sept-21,-0.72256,-0.732889,-0.731504,-0.720559,-0.701904,-0.677124,-0.647571,-0.614399,-0.578583,-0.540946
01/10/2021,01-Oct-21,-0.724115,-0.741516,-0.746252,-0.740582,-0.726452,-0.705534,-0.679257,-0.648841,-0.615324,-0.579585
04/10/2021,04-Oct-21,-0.724371,-0.740248,-0.743293,-0.735819,-0.719815,-0.696988,-0.668797,-0.636487,-0.601114,-0.563572
05/10/2021,05-Oct-21,-0.717628,-0.737241,-0.742967,-0.737315,-0.722442,-0.700195,-0.672154,-0.639662,-0.60386,-0.565709
06/10/2021,06-Oct-21,-0.714831,-0.732212,-0.736073,-0.728883,-0.71276,-0.689518,-0.660705,-0.627638,-0.591433,-0.553029
07/10/2021,07-Oct-21,-0.720117,-0.738708,-0.743345,-0.736566,-0.720552,-0.697168,-0.66801,-0.634431,-0.597583,-0.558433
08/10/2021,08-Oct-21,-0.720351,-0.73586,-0.737555,-0.727996,-0.709379,-0.68358,-0.652197,-0.616588,-0.577898,-0.537093
11/10/2021,11-Oct-21,-0.71642,-0.727174,-0.724705,-0.711513,-0.689738,-0.661207,-0.627471,-0.589848,-0.549446,-0.507196
12/10/2021,12-Oct-21,-0.719752,-0.724432,-0.717169,-0.700251,-0.675637,-0.644998,-0.609754,-0.571109,-0.530077,-0.487507
13/10/2021,13-Oct-21,-0.722639,-0.725218,-0.716748,-0.69938,-0.674952,-0.645028,-0.610937,-0.573803,-0.534569,-0.494025
14/10/2021,14-Oct-21,-0.724523,-0.732218,-0.728397,-0.715247,-0.694636,-0.668163,-0.637186,-0.602852,-0.566134,-0.527843
15/10/2021,15-Oct-21,-0.726154,-0.729732,-0.722416,-0.706316,-0.683239,-0.654723,-0.622073,-0.586392,-0.548609,-0.5095
18/10/2021,18-Oct-21,-0.708291,-0.706145,-0.694303,-0.674741,-0.649143,-0.618932,-0.585312,-0.549294,-0.511722,-0.473296
19/10/2021,19-Oct-21,-0.715689,-0.699626,-0.676618,-0.648207,-0.615696,-0.580189,-0.54261,-0.503734,-0.464201,-0.424542
20/10/2021,20-Oct-21,-0.711191,-0.710316,-0.698963,-0.679252,-0.652985,-0.62169,-0.58666,-0.548979,-0.509554,-0.469138
21/10/2021,21-Oct-21,-0.721913,-0.712215,-0.693267,-0.667075,-0.635335,-0.599477,-0.560698,-0.519998,-0.478203,-0.435994
22/10/2021,22-Oct-21,-0.718846,-0.704591,-0.682361,-0.653953,-0.620886,-0.584436,-0.545668,-0.505468,-0.464565,-0.423558
25/10/2021,25-Oct-21,-0.725684,-0.716719,-0.69874,-0.673691,-0.643218,-0.608706,-0.571318,-0.532024,-0.491627,-0.45079
26/10/2021,26-Oct-21,-0.732552,-0.722424,-0.703751,-0.678387,-0.647899,-0.613608,-0.576621,-0.537863,-0.4981,-0.45796
27/10/2021,27-Oct-21,-0.737564,-0.726749,-0.708505,-0.684451,-0.655955,-0.624173,-0.590072,-0.554462,-0.518012,-0.481274
28/10/2021,28-Oct-21,-0.735131,-0.713673,-0.687114,-0.656713,-0.623528,-0.588445,-0.5522,-0.5154,-0.478546,-0.442041
29/10/2021,29-Oct-21,-0.723798,-0.694177,-0.659173,-0.620453,-0.579374,-0.537029,-0.494292,-0.451854,-0.410252,-0.369895
01/11/2021,01-Nov-21,-0.727385,-0.697913,-0.663968,-0.626871,-0.587716,-0.547399,-0.506647,-0.466047,-0.426067,-0.38707
02/11/2021,02-Nov-21,-0.754216,-0.74197,-0.721531,-0.694802,-0.663378,-0.628584,-0.591519,-0.553087,-0.514024,-0.474926
03/11/2021,03-Nov-21,-0.755123,-0.739119,-0.716012,-0.687502,-0.655011,-0.619718,-0.5826,-0.54446,-0.505948,-0.467593
04/11/2021,04-Nov-21,-0.79268,-0.791703,-0.780442,-0.761071,-0.735418,-0.705021,-0.671163,-0.634913,-0.597153,-0.558608
05/11/2021,05-Nov-21,-0.78718,-0.790383,-0.783228,-0.767861,-0.746092,-0.719443,-0.689186,-0.656382,-0.621908,-0.586486
08/11/2021,08-Nov-21,-0.775919,-0.785196,-0.782398,-0.769979,-0.750012,-0.72424,-0.694124,-0.660881,-0.625522,-0.588878
09/11/2021,09-Nov-21,-0.801421,-0.80649,-0.799781,-0.78394,-0.761155,-0.733233,-0.701658,-0.667636,-0.632148,-0.595979
10/11/2021,10-Nov-21,-0.822152,-0.81476,-0.798005,-0.77415,-0.745062,-0.712268,-0.677013,-0.640305,-0.602949,-0.565585
11/11/2021,11-Nov-21,-0.821855,-0.809032,-0.787287,-0.758893,-0.725711,-0.689259,-0.650767,-0.611218,-0.571396,-0.531915
12/11/2021,12-Nov-21,-0.852935,-0.841645,-0.821162,-0.793763,-0.761317,-0.725357,-0.687125,-0.647625,-0.607658,-0.567856
15/11/2021,15-Nov-21,-0.836373,-0.825503,-0.805378,-0.7783,-0.746165,-0.710518,-0.672615,-0.633467,-0.59388,-0.554488
16/11/2021,16-Nov-21,-0.869883,-0.853791,-0.829468,-0.798981,-0.764031,-0.726012,-0.686059,-0.645089,-0.603835,-0.562877
17/11/2021,17-Nov-21,-0.863122,-0.848288,-0.825031,-0.795449,-0.761273,-0.723922,-0.68455,-0.64409,-0.60329,-0.562742
18/11/2021,18-Nov-21,-0.88452,-0.864644,-0.837639,-0.805377,-0.769398,-0.730956,-0.691071,-0.650561,-0.610075,-0.570125
19/11/2021,19-Nov-21,-0.883845,-0.875699,-0.858827,-0.835286,-0.80678,-0.774713,-0.740235,-0.704279,-0.667602,-0.630806
22/11/2021,22-Nov-21,-0.880926,-0.869904,-0.851221,-0.826648,-0.797665,-0.765501,-0.731169,-0.695503,-0.659181,-0.62275
23/11/2021,23-Nov-21,-0.895392,-0.871544,-0.841397,-0.806608,-0.768549,-0.728346,-0.686919,-0.645014,-0.603226,-0.562029
24/11/2021,24-Nov-21,-0.89375,-0.868907,-0.843582,-0.813726,-0.778433,-0.738348,-0.694748,-0.649047,-0.60254,-0.556304
25/11/2021,25-Nov-21,-0.885558,-0.855999,-0.826026,-0.793778,-0.758797,-0.721375,-0.682152,-0.641876,-0.601275,-0.560986
26/11/2021,26-Nov-21,-0.892958,-0.869363,-0.847383,-0.823652,-0.796864,-0.766879,-0.734159,-0.699424,-0.663455,-0.626982
29/11/2021,29-Nov-21,-0.869341,-0.845099,-0.823788,-0.80078,-0.77428,-0.744049,-0.710635,-0.674904,-0.637787,-0.600141
30/11/2021,30-Nov-21,-0.878527,-0.85472,-0.835368,-0.815302,-0.792327,-0.76592,-0.736423,-0.704568,-0.671195,-0.637105
01/12/2021,01-Dec-21,-0.878524,-0.835905,-0.801681,-0.770654,-0.740208,-0.709251,-0.677535,-0.645246,-0.612757,-0.580485
02/12/2021,02-Dec-21,-0.888241,-0.852644,-0.823657,-0.797003,-0.770456,-0.743045,-0.714528,-0.685055,-0.654963,-0.624648
03/12/2021,03-Dec-21,-0.856837,-0.827925,-0.802568,-0.777711,-0.751921,-0.724728,-0.696196,-0.666657,-0.636544,-0.606302
06/12/2021,06-Dec-21,-0.829452,-0.811783,-0.796592,-0.78015,-0.760912,-0.738573,-0.713477,-0.686258,-0.65763,-0.628276
07/12/2021,07-Dec-21,-0.818314,-0.79445,-0.774338,-0.754293,-0.732667,-0.708982,-0.683391,-0.656342,-0.628386,-0.600065
08/12/2021,08-Dec-21,-0.813843,-0.785918,-0.759955,-0.733807,-0.706602,-0.678189,-0.648795,-0.618815,-0.588682,-0.558807
09/12/2021,09-Dec-21,-0.797585,-0.779995,-0.764984,-0.748853,-0.730031,-0.708169,-0.683565,-0.656815,-0.628608,-0.599609
10/12/2021,10-Dec-21,-0.77544,-0.763876,-0.752449,-0.73837,-0.720664,-0.699364,-0.675009,-0.648346,-0.620152,-0.591144
13/12/2021,13-Dec-21,-0.763444,-0.749126,-0.739487,-0.729425,-0.71656,-0.700112,-0.680186,-0.657328,-0.632256,-0.605708
15/12/2021,15-Dec-21,-0.745554,-0.736174,-0.728509,-0.718815,-0.705527,-0.688335,-0.667606,-0.644014,-0.618333,-0.591315
16/12/2021,16-Dec-21,-0.760199,-0.747399,-0.737965,-0.727337,-0.713448,-0.695701,-0.674306,-0.649871,-0.623153,-0.594918
17/12/2021,17-Dec-21,-0.769957,-0.763338,-0.757334,-0.748539,-0.735605,-0.718367,-0.697289,-0.673117,-0.64668,-0.618772
20/12/2021,20-Dec-21,-0.773014,-0.766153,-0.760647,-0.752532,-0.740156,-0.72321,-0.702109,-0.677609,-0.650571,-0.621839
21/12/2021,21-Dec-21,-0.767396,-0.758169,-0.748635,-0.735986,-0.719169,-0.698149,-0.673427,-0.645752,-0.615936,-0.584755
22/12/2021,22-Dec-21,-0.773606,-0.7595,-0.743024,-0.723128,-0.699708,-0.67317,-0.644161,-0.613397,-0.581571,-0.549302
23/12/2021,23-Dec-21,-0.750966,-0.740037,-0.725237,-0.70599,-0.682518,-0.655454,-0.625604,-0.593794,-0.560797,-0.527286
24/12/2021,24-Dec-21,-0.756512,-0.744909,-0.729361,-0.709381,-0.685236,-0.657583,-0.627232,-0.595009,-0.561676,-0.527899
27/12/2021,27-Dec-21,-0.73537,-0.729196,-0.716382,-0.69757,-0.673752,-0.646033,-0.615492,-0.583103,-0.549708,-0.515999
28/12/2021,28-Dec-21,-0.730055,-0.723632,-0.710926,-0.692416,-0.668988,-0.641684,-0.611542,-0.579518,-0.546442,-0.513004
29/12/2021,29-Dec-21,-0.737675,-0.729064,-0.713096,-0.690896,-0.663742,-0.632891,-0.599495,-0.564554,-0.5289,-0.493206
30/12/2021,30-Dec-21,-0.724885,-0.716209,-0.699774,-0.67696,-0.649197,-0.61783,-0.584052,-0.548873,-0.513126,-0.477469
31/12/2021,31-Dec-21,-0.728904,-0.719369,-0.702353,-0.679141,-0.651099,-0.619526,-0.585588,-0.550278,-0.514415,-0.478652
03/01/2022,03-Jan-22,-0.692796,-0.692108,-0.67876,-0.655938,-0.626283,-0.591949,-0.554653,-0.515746,-0.476269,-0.437004
04/01/2022,04-Jan-22,-0.673637,-0.689072,-0.683706,-0.663809,-0.634095,-0.598084,-0.558376,-0.516868,-0.474922,-0.433498
05/01/2022,05-Jan-22,-0.674176,-0.680026,-0.669601,-0.647509,-0.617343,-0.581872,-0.543205,-0.502929,-0.462216,-0.421918
06/01/2022,06-Jan-22,-0.673985,-0.672796,-0.657147,-0.631234,-0.598323,-0.56093,-0.520968,-0.479868,-0.438686,-0.398181
07/01/2022,07-Jan-22,-0.669978,-0.669454,-0.652801,-0.625058,-0.590026,-0.550541,-0.508697,-0.466015,-0.423581,-0.382148
10/01/2022,10-Jan-22,-0.668037,-0.663656,-0.643849,-0.613512,-0.57633,-0.535049,-0.491692,-0.447723,-0.404183,-0.36179
11/01/2022,11-Jan-22,-0.659221,-0.656077,-0.636807,-0.606618,-0.569398,-0.528016,-0.484566,-0.440553,-0.397034,-0.354733
12/01/2022,12-Jan-22,-0.664727,-0.66772,-0.65264,-0.625319,-0.590079,-0.550088,-0.507645,-0.464393,-0.42148,-0.37969
13/01/2022,13-Jan-22,-0.680947,-0.675659,-0.655276,-0.624882,-0.588217,-0.548006,-0.506207,-0.464205,-0.422951,-0.383083
14/01/2022,14-Jan-22,-0.678831,-0.676028,-0.655534,-0.62357,-0.584622,-0.541886,-0.497608,-0.453332,-0.410093,-0.368554
17/01/2022,17-Jan-22,-0.68767,-0.67105,-0.640972,-0.602419,-0.558984,-0.513228,-0.466941,-0.421348,-0.377258,-0.335178
18/01/2022,18-Jan-22,-0.704714,-0.682992,-0.64969,-0.60912,-0.564424,-0.517857,-0.471015,-0.424995,-0.38053,-0.338083
19/01/2022,19-Jan-22,-0.704425,-0.682028,-0.647223,-0.604699,-0.557848,-0.509088,-0.460112,-0.412079,-0.365751,-0.321601
20/01/2022,20-Jan-22,-0.718539,-0.694055,-0.658427,-0.615952,-0.569735,-0.521988,-0.474257,-0.427594,-0.382688,-0.339963
21/01/2022,21-Jan-22,-0.680627,-0.687282,-0.671593,-0.641468,-0.602548,-0.558806,-0.513001,-0.467009,-0.422065,-0.378952
24/01/2022,24-Jan-22,-0.70947,-0.712704,-0.696735,-0.667948,-0.631014,-0.589321,-0.545291,-0.50063,-0.456514,-0.413727
25/01/2022,25-Jan-22,-0.717101,-0.721543,-0.705552,-0.675978,-0.63781,-0.594652,-0.549071,-0.502864,-0.457265,-0.413091
26/01/2022,26-Jan-22,-0.742547,-0.726991,-0.69808,-0.660394,-0.617325,-0.571363,-0.524307,-0.477431,-0.43162,-0.387462
27/01/2022,27-Jan-22,-0.72988,-0.710373,-0.677453,-0.636188,-0.59022,-0.542129,-0.493714,-0.446193,-0.400365,-0.356722
28/01/2022,28-Jan-22,-0.719757,-0.699395,-0.665265,-0.622672,-0.575404,-0.526126,-0.476675,-0.428287,-0.381757,-0.337567
31/01/2022,31-Jan-22,-0.690971,-0.663375,-0.621825,-0.572357,-0.519137,-0.464984,-0.411751,-0.360607,-0.312239,-0.267003
01/02/2022,01-Feb-22,-0.69546,-0.665138,-0.620016,-0.566911,-0.5104,-0.453485,-0.398067,-0.345291,-0.295781,-0.249815
02/02/2022,02-Feb-22,-0.6924,-0.659741,-0.610511,-0.552967,-0.492454,-0.432328,-0.374601,-0.32039,-0.270223,-0.224254
03/02/2022,03-Feb-22,-0.671413,-0.618791,-0.544726,-0.464522,-0.386243,-0.313764,-0.248595,-0.190972,-0.140486,-0.096441
04/02/2022,04-Feb-22,-0.665102,-0.579491,-0.46951,-0.362273,-0.26755,-0.187436,-0.120931,-0.066037,-0.020651,0.017093
07/02/2022,07-Feb-22,-0.661402,-0.573507,-0.46224,-0.35276,-0.254773,-0.170795,-0.100246,-0.041417,0.007628,0.048684
08/02/2022,08-Feb-22,-0.665326,-0.582328,-0.474384,-0.365077,-0.264596,-0.176403,-0.100767,-0.036589,0.017688,0.06365
09/02/2022,09-Feb-22,-0.670819,-0.603519,-0.510618,-0.41239,-0.318788,-0.234079,-0.159516,-0.094849,-0.039159,0.0087
10/02/2022,10-Feb-22,-0.682401,-0.607095,-0.503933,-0.396698,-0.29628,-0.206851,-0.129243,-0.062751,-0.006073,0.042227
11/02/2022,11-Feb-22,-0.678805,-0.598737,-0.492094,-0.382844,-0.281613,-0.192219,-0.115184,-0.049566,0.0061,0.053351
14/02/2022,14-Feb-22,-0.695598,-0.627304,-0.530796,-0.427935,-0.329469,-0.24005,-0.161108,-0.092462,-0.0332,0.01784
15/02/2022,15-Feb-22,-0.683649,-0.609483,-0.508463,-0.401393,-0.298714,-0.205073,-0.121988,-0.049371,0.013616,0.068096
16/02/2022,16-Feb-22,-0.683329,-0.618257,-0.528223,-0.43089,-0.335697,-0.247267,-0.167468,-0.096658,-0.034409,0.020063
17/02/2022,17-Feb-22,-0.690516,-0.634526,-0.551995,-0.460226,-0.368803,-0.282671,-0.204052,-0.133618,-0.071196,-0.016196
18/02/2022,18-Feb-22,-0.704167,-0.659895,-0.587975,-0.504354,-0.418416,-0.335415,-0.258051,-0.18748,-0.123953,-0.067218
21/02/2022,21-Feb-22,-0.701798,-0.659807,-0.588604,-0.505174,-0.419381,-0.336667,-0.259778,-0.189845,-0.127078,-0.071176
22/02/2022,22-Feb-22,-0.674493,-0.607146,-0.517001,-0.420451,-0.3263,-0.238877,-0.159934,-0.0898,-0.028059,0.026045
23/02/2022,23-Feb-22,-0.679742,-0.606629,-0.508589,-0.405593,-0.307481,-0.2185,-0.139921,-0.071519,-0.01239,0.038607
24/02/2022,24-Feb-22,-0.716332,-0.651018,-0.563059,-0.469452,-0.379003,-0.295827,-0.22142,-0.155891,-0.098659,-0.048857
25/02/2022,25-Feb-22,-0.689107,-0.623588,-0.53667,-0.443775,-0.353215,-0.26909,-0.193073,-0.125485,-0.06594,-0.01372
28/02/2022,28-Feb-22,-0.726406,-0.681589,-0.613698,-0.535417,-0.454518,-0.375571,-0.301094,-0.232304,-0.169622,-0.112991
01/03/2022,01-Mar-22,-0.744416,-0.763247,-0.741828,-0.696544,-0.638287,-0.574172,-0.508735,-0.444771,-0.383905,-0.326992
02/03/2022,02-Mar-22,-0.729028,-0.721619,-0.688236,-0.639585,-0.582913,-0.523035,-0.463069,-0.404956,-0.349836,-0.298307
03/03/2022,03-Mar-22,-0.725742,-0.691243,-0.639478,-0.578585,-0.513989,-0.449209,-0.386442,-0.326976,-0.271485,-0.220241
04/03/2022,04-Mar-22,-0.75296,-0.773832,-0.760039,-0.72393,-0.674319,-0.617411,-0.557495,-0.497462,-0.439198,-0.383866
07/03/2022,07-Mar-22,-0.754227,-0.75079,-0.723403,-0.680093,-0.626883,-0.568234,-0.507399,-0.4467,-0.387749,-0.331619
08/03/2022,08-Mar-22,-0.743762,-0.715639,-0.669374,-0.611573,-0.547171,-0.479803,-0.412096,-0.3459,-0.282475,-0.222629
09/03/2022,09-Mar-22,-0.719848,-0.67237,-0.608753,-0.536309,-0.460199,-0.383977,-0.310017,-0.239823,-0.174276,-0.11381
10/03/2022,10-Mar-22,-0.71822,-0.647773,-0.556,-0.458435,-0.363475,-0.275274,-0.19553,-0.124567,-0.061986,-0.007049
11/03/2022,11-Mar-22,-0.685537,-0.615352,-0.520396,-0.419282,-0.32165,-0.231985,-0.151909,-0.081517,-0.020158,0.033133
14/03/2022,14-Mar-22,-0.680052,-0.60156,-0.498734,-0.390648,-0.287026,-0.192282,-0.10791,-0.033878,0.030584,0.086538
15/03/2022,15-Mar-22,-0.691956,-0.627669,-0.53724,-0.437738,-0.33877,-0.245386,-0.15991,-0.083087,-0.014783,0.045582
16/03/2022,16-Mar-22,-0.688712,-0.620076,-0.521929,-0.414526,-0.308789,-0.210143,-0.120858,-0.04145,0.028479,0.089755
17/03/2022,17-Mar-22,-0.705487,-0.62542,-0.512234,-0.392046,-0.277488,-0.173896,-0.082797,-0.003853,0.064093,0.122463
18/03/2022,18-Mar-22,-0.712021,-0.634398,-0.524829,-0.407921,-0.295841,-0.193902,-0.103776,-0.025299,0.042529,0.101007
21/03/2022,21-Mar-22,-0.680529,-0.601406,-0.48945,-0.369562,-0.254204,-0.148922,-0.055546,0.02599,0.096636,0.157671
22/03/2022,22-Mar-22,-0.682217,-0.579302,-0.437942,-0.294015,-0.162412,-0.047872,0.049489,0.131415,0.200197,0.258084
23/03/2022,23-Mar-22,-0.6906,-0.589142,-0.450526,-0.309207,-0.179661,-0.066606,0.029734,0.110981,0.179319,0.236921
24/03/2022,24-Mar-22,-0.703107,-0.580084,-0.422037,-0.26763,-0.13095,-0.015118,0.081204,0.160824,0.226729,0.281587
25/03/2022,25-Mar-22,-0.706704,-0.561286,-0.380611,-0.21044,-0.064748,0.055217,0.152622,0.231612,0.296033,0.349062
28/03/2022,28-Mar-22,-0.711523,-0.547383,-0.341144,-0.156231,-0.006082,0.111934,0.204227,0.276965,0.335075,0.382228
29/03/2022,29-Mar-22,-0.671283,-0.484967,-0.276382,-0.095271,0.049841,0.163174,0.251523,0.321041,0.376533,0.421544
30/03/2022,30-Mar-22,-0.675577,-0.456267,-0.20645,0.002672,0.162729,0.282304,0.371992,0.440419,0.493794,0.536392
31/03/2022,31-Mar-22,-0.680474,-0.494114,-0.274176,-0.086021,0.061258,0.173864,0.2602,0.327334,0.380503,0.423416
01/04/2022,01-Apr-22,-0.680699,-0.483793,-0.262246,-0.073711,0.07416,0.187585,0.274798,0.342756,0.396652,0.440191
04/04/2022,04-Apr-22,-0.647137,-0.486911,-0.292496,-0.120652,0.017568,0.12545,0.209379,0.27528,0.327793,0.370334
05/04/2022,05-Apr-22,-0.644965,-0.473303,-0.268526,-0.088104,0.057014,0.170395,0.258713,0.328138,0.383508,0.428391
06/04/2022,06-Apr-22,-0.645795,-0.462822,-0.243343,-0.050401,0.104313,0.224861,0.318563,0.392108,0.450703,0.498169
07/04/2022,07-Apr-22,-0.651125,-0.450649,-0.222062,-0.024824,0.131718,0.252919,0.346754,0.420221,0.478667,0.525973
08/04/2022,08-Apr-22,-0.652225,-0.441754,-0.202139,0.000212,0.157314,0.276699,0.367808,0.438411,0.494191,0.539141
11/04/2022,11-Apr-22,-0.630986,-0.396878,-0.128531,0.092497,0.259568,0.383663,0.476729,0.547974,0.603816,0.648596
12/04/2022,12-Apr-22,-0.645781,-0.423859,-0.17102,0.042505,0.208414,0.334667,0.431169,0.506063,0.565306,0.613089
13/04/2022,13-Apr-22,-0.605751,-0.398098,-0.166581,0.033328,0.192716,0.316715,0.413097,0.488783,0.549116,0.598012
14/04/2022,14-Apr-22,-0.633064,-0.435065,-0.208371,-0.005076,0.162706,0.296992,0.403677,0.488798,0.557407,0.613421
19/04/2022,19-Apr-22,-0.617967,-0.417502,-0.181803,0.03268,0.21155,0.355831,0.471125,0.563506,0.63819,0.699289
20/04/2022,20-Apr-22,-0.604048,-0.410116,-0.184067,0.01912,0.18665,0.320497,0.426645,0.511211,0.579297,0.634838
21/04/2022,21-Apr-22,-0.599091,-0.360168,-0.103994,0.111387,0.279692,0.408689,0.507896,0.585239,0.646607,0.696199
22/04/2022,22-Apr-22,-0.594794,-0.308154,-0.006704,0.227154,0.397115,0.520488,0.611943,0.681623,0.736169,0.779919
25/04/2022,25-Apr-22,-0.55516,-0.323358,-0.076769,0.129554,0.290224,0.413063,0.507373,0.580816,0.639048,0.686086
26/04/2022,26-Apr-22,-0.563692,-0.332817,-0.08961,0.113322,0.271189,0.391835,0.484447,0.556563,0.613744,0.659932
27/04/2022,27-Apr-22,-0.546584,-0.348071,-0.130829,0.059569,0.214297,0.336764,0.433278,0.509846,0.57132,0.621378
28/04/2022,28-Apr-22,-0.555854,-0.317073,-0.066849,0.143344,0.308132,0.434906,0.532713,0.609142,0.669881,0.719014
29/04/2022,29-Apr-22,-0.525271,-0.261823,0.002593,0.213532,0.371838,0.489658,0.578469,0.646818,0.700626,0.743911
02/05/2022,02-May-22,-0.500293,-0.270582,-0.025754,0.183779,0.350711,0.480775,0.582067,0.661743,0.725339,0.776926
03/05/2022,03-May-22,-0.522471,-0.276546,-0.024911,0.183262,0.344662,0.467832,0.562326,0.635891,0.694216,0.741327
04/05/2022,04-May-22,-0.529417,-0.250365,0.028562,0.25229,0.421197,0.547507,0.643037,0.716716,0.774795,0.821549
05/05/2022,05-May-22,-0.523172,-0.261669,0.005427,0.225615,0.395776,0.525299,0.624482,0.7016,0.762691,0.812014
06/05/2022,06-May-22,-0.504798,-0.218402,0.070194,0.303431,0.480574,0.613623,0.714549,0.792536,0.854078,0.903652
09/05/2022,09-May-22,-0.446915,-0.230655,0.008736,0.222445,0.399174,0.541135,0.654332,0.74493,0.818131,0.877999
10/05/2022,10-May-22,-0.457089,-0.267608,-0.051618,0.145936,0.312658,0.44882,0.558825,0.647753,0.720136,0.779645
11/05/2022,11-May-22,-0.448885,-0.269935,-0.06401,0.12854,0.294746,0.433263,0.547097,0.640393,0.717141,0.780742
12/05/2022,12-May-22,-0.434618,-0.293172,-0.134072,0.019971,0.159354,0.281171,0.385737,0.474744,0.550322,0.614579
13/05/2022,13-May-22,-0.40891,-0.246831,-0.068945,0.098476,0.245871,0.371509,0.476999,0.565104,0.638734,0.700524
16/05/2022,16-May-22,-0.401071,-0.239641,-0.066858,0.095723,0.23987,0.363877,0.468976,0.557514,0.632061,0.695013
17/05/2022,17-May-22,-0.41309,-0.196237,0.032639,0.233209,0.397451,0.528603,0.632789,0.715973,0.783079,0.837908
18/05/2022,18-May-22,-0.424492,-0.170827,0.087726,0.300966,0.465897,0.591538,0.687806,0.76269,0.822028,0.869944
19/05/2022,19-May-22,-0.424315,-0.197376,0.035259,0.231055,0.385529,0.505133,0.597897,0.670671,0.728659,0.775649
20/05/2022,20-May-22,-0.392905,-0.191453,0.018521,0.204353,0.358679,0.483607,0.584016,0.664938,0.730683,0.784674
23/05/2022,23-May-22,-0.375892,-0.172866,0.037041,0.222211,0.375731,0.499886,0.599615,0.679959,0.745219,0.798804
24/05/2022,24-May-22,-0.376655,-0.165196,0.0554,0.248167,0.405947,0.531982,0.632159,0.712187,0.776778,0.82957
25/05/2022,25-May-22,-0.361192,-0.178729,0.010702,0.182894,0.330606,0.453958,0.55584,0.639822,0.709285,0.767114
26/05/2022,26-May-22,-0.345352,-0.179365,-0.01463,0.138385,0.275453,0.395713,0.500003,0.589915,0.667275,0.73388
27/05/2022,27-May-22,-0.315458,-0.141534,0.022046,0.169853,0.300291,0.413803,0.511818,0.596145,0.668646,0.731067
30/05/2022,30-May-22,-0.301487,-0.107231,0.096257,0.28009,0.436239,0.565301,0.670897,0.757238,0.82818,0.886933
31/05/2022,31-May-22,-0.305143,-0.08133,0.153352,0.357796,0.524367,0.656836,0.76173,0.84528,0.912565,0.967475
01/06/2022,01-Jun-22,-0.258812,-0.062505,0.141132,0.325537,0.483044,0.614033,0.721828,0.810412,0.883497,0.944222
02/06/2022,02-Jun-22,-0.288452,-0.02427,0.242733,0.465889,0.641166,0.776469,0.881195,0.96324,1.02856,1.081462
03/06/2022,03-Jun-22,-0.284431,-0.008191,0.268224,0.496791,0.674685,0.811027,0.916001,0.997942,1.063023,1.115651
06/06/2022,06-Jun-22,-0.237256,0.033825,0.306116,0.531771,0.707667,0.842624,0.94661,1.027819,1.092339,1.144525
07/06/2022,07-Jun-22,-0.243674,0.02693,0.297402,0.521798,0.69709,0.831862,0.935878,1.01721,1.08188,1.134213
08/06/2022,08-Jun-22,-0.266117,0.05665,0.365329,0.607926,0.788853,0.92312,1.024189,1.101924,1.163102,1.212309
09/06/2022,09-Jun-22,-0.250059,0.156294,0.504672,0.752919,0.925157,1.047009,1.136123,1.203564,1.256194,1.298348
10/06/2022,10-Jun-22,-0.291946,0.237694,0.626503,0.87368,1.033729,1.142928,1.221447,1.280443,1.326351,1.363081
13/06/2022,13-Jun-22,-0.203917,0.410577,0.812668,1.051798,1.20183,1.302927,1.375313,1.42963,1.47188,1.505681
14/06/2022,14-Jun-22,-0.169176,0.44388,0.857624,1.107926,1.266139,1.373033,1.449629,1.507119,1.55184,1.587617
15/06/2022,15-Jun-22,-0.16965,0.415027,0.81927,1.067365,1.225244,1.332189,1.408888,1.466469,1.511264,1.547101
16/06/2022,16-Jun-22,-0.052324,0.509817,0.894386,1.147428,1.317191,1.435561,1.521599,1.586552,1.63719,1.677735
17/06/2022,17-Jun-22,-0.089021,0.480488,0.842518,1.075472,1.228708,1.333032,1.407474,1.463656,1.508584,1.546421
20/06/2022,20-Jun-22,-0.035368,0.529659,0.881601,1.103449,1.246779,1.343278,1.412141,1.464807,1.507954,1.545383
21/06/2022,21-Jun-22,-0.068615,0.489822,0.848033,1.081242,1.236899,1.344681,1.422968,1.483023,1.531663,1.572959
22/06/2022,22-Jun-22,-0.048326,0.443914,0.766515,0.980282,1.124783,1.225544,1.298864,1.355031,1.40045,1.439045
23/06/2022,23-Jun-22,-0.132882,0.324537,0.606697,0.782891,0.896456,0.974027,1.031621,1.078586,1.120163,1.159112
24/06/2022,24-Jun-22,-0.082605,0.37858,0.661492,0.83945,0.956782,1.039802,1.103781,1.157317,1.205058,1.249372
27/06/2022,27-Jun-22,-0.087533,0.373802,0.663153,0.849672,0.975406,1.065555,1.13496,1.192175,1.242007,1.287068
28/06/2022,28-Jun-22,-0.077373,0.420579,0.726286,0.922468,1.056471,1.155001,1.232883,1.298202,1.355296,1.406469
29/06/2022,29-Jun-22,-0.053779,0.432258,0.721133,0.899532,1.017107,1.101706,1.168537,1.225622,1.276999,1.324569
30/06/2022,30-Jun-22,-0.086789,0.307471,0.515122,0.642969,0.73864,0.821677,0.898973,0.972207,1.041239,1.10555
01/07/2022,01-Jul-22,-0.096744,0.231641,0.399654,0.503871,0.586366,0.66332,0.739391,0.814672,0.887864,0.957606
04/07/2022,04-Jul-22,-0.079904,0.281045,0.483825,0.609804,0.700405,0.775605,0.844249,0.909677,0.972705,1.033156
05/07/2022,05-Jul-22,-0.119914,0.18615,0.339824,0.437467,0.518552,0.596764,0.67502,0.752407,0.827161,0.897784
06/07/2022,06-Jul-22,-0.126986,0.119391,0.261095,0.356988,0.435194,0.507873,0.5793,0.65017,0.71979,0.787138
07/07/2022,07-Jul-22,-0.109272,0.197645,0.3762,0.492792,0.581139,0.657346,0.72837,0.796664,0.86265,0.925982
08/07/2022,08-Jul-22,-0.086626,0.20496,0.362938,0.47187,0.563104,0.64731,0.727404,0.803654,0.87563,0.942901
11/07/2022,11-Jul-22,-0.074004,0.20299,0.322571,0.403858,0.480228,0.558575,0.638242,0.717033,0.792987,0.864774
12/07/2022,12-Jul-22,-0.107952,0.092803,0.206823,0.293819,0.374147,0.453245,0.53136,0.607325,0.679908,0.748221
13/07/2022,13-Jul-22,-0.071178,0.17909,0.299836,0.38575,0.464922,0.543692,0.621886,0.697897,0.770255,0.837996
14/07/2022,14-Jul-22,0.002262,0.29364,0.420379,0.502336,0.573832,0.643237,0.711357,0.777187,0.839644,0.897992
15/07/2022,15-Jul-22,-0.04845,0.214121,0.353176,0.445795,0.521559,0.591045,0.657428,0.721194,0.782012,0.839444
18/07/2022,18-Jul-22,-0.036223,0.211748,0.372758,0.488783,0.581237,0.660676,0.732107,0.797812,0.858791,0.915485
19/07/2022,19-Jul-22,-0.005285,0.282144,0.454544,0.57163,0.661496,0.737122,0.804372,0.865823,0.922583,0.975144
20/07/2022,20-Jul-22,-0.016472,0.235109,0.411064,0.540976,0.642568,0.726227,0.797966,0.861255,0.918117,0.969766
21/07/2022,21-Jul-22,0.097055,0.304772,0.460691,0.582922,0.682966,0.76789,0.84197,0.907795,0.96697,1.020536
22/07/2022,22-Jul-22,0.034351,0.176708,0.291766,0.387763,0.47013,0.54245,0.607091,0.665632,0.71914,0.768352
25/07/2022,25-Jul-22,0.080125,0.228254,0.337309,0.424185,0.498421,0.565183,0.627109,0.685435,0.740659,0.792923
26/07/2022,26-Jul-22,0.070503,0.163752,0.241155,0.30927,0.371821,0.430797,0.487161,0.541293,0.59327,0.643034
27/07/2022,27-Jul-22,0.103163,0.204596,0.284272,0.351423,0.411401,0.467155,0.520184,0.571154,0.620272,0.66752
28/07/2022,28-Jul-22,0.072816,0.141822,0.18845,0.22799,0.267625,0.310054,0.355651,0.403714,0.45316,0.502884
29/07/2022,29-Jul-22,0.089762,0.156665,0.207926,0.254391,0.300931,0.349175,0.399125,0.450072,0.501099,0.551334
01/08/2022,01-Aug-22,0.105168,0.138671,0.170927,0.20621,0.245747,0.289206,0.335572,0.383636,0.432242,0.480413
02/08/2022,02-Aug-22,0.083718,0.169484,0.209176,0.234675,0.260358,0.291436,0.328647,0.370806,0.416125,0.46285
03/08/2022,03-Aug-22,0.108956,0.23522,0.302079,0.345738,0.383186,0.421343,0.462146,0.505308,0.549737,0.594221
04/08/2022,04-Aug-22,0.130814,0.235386,0.285591,0.315963,0.342846,0.372855,0.407692,0.446815,0.488846,0.532284
05/08/2022,05-Aug-22,0.152987,0.295062,0.377639,0.430585,0.470377,0.505568,0.540164,0.575661,0.612265,0.649593
08/08/2022,08-Aug-22,0.149386,0.275683,0.346804,0.39252,0.428545,0.462515,0.497596,0.53461,0.573267,0.612837
09/08/2022,09-Aug-22,0.175839,0.319611,0.404292,0.459352,0.501103,0.538049,0.5742,0.611077,0.648918,0.687363
10/08/2022,10-Aug-22,0.15597,0.283057,0.354937,0.400929,0.436696,0.469987,0.504121,0.540061,0.577623,0.61615
11/08/2022,11-Aug-22,0.172492,0.308834,0.383227,0.429778,0.466209,0.500951,0.537367,0.576218,0.617057,0.658994
12/08/2022,12-Aug-22,0.171431,0.313512,0.394958,0.447236,0.487434,0.524207,0.561413,0.600318,0.640882,0.682498
15/08/2022,15-Aug-22,0.1778,0.294618,0.376113,0.436899,0.485966,0.528665,0.568037,0.605689,0.642369,0.67833
16/08/2022,16-Aug-22,0.193395,0.332783,0.417502,0.474172,0.517861,0.556637,0.594438,0.632855,0.672222,0.712262
17/08/2022,17-Aug-22,0.237699,0.447543,0.56652,0.636413,0.681574,0.715657,0.745885,0.775721,0.806514,0.838494
18/08/2022,18-Aug-22,0.262499,0.477925,0.597987,0.667686,0.712642,0.746843,0.777456,0.807763,0.838939,0.871083
19/08/2022,19-Aug-22,0.326956,0.571747,0.67862,0.732291,0.770324,0.807367,0.847599,0.890895,0.935747,0.980515
22/08/2022,22-Aug-22,0.217766,0.544192,0.709314,0.797777,0.85268,0.894779,0.933194,0.971269,1.009682,1.048047
23/08/2022,23-Aug-22,0.19554,0.55534,0.730474,0.824596,0.886271,0.936662,0.983887,1.03025,1.075762,1.119745
24/08/2022,24-Aug-22,0.156645,0.559603,0.747073,0.844269,0.907308,0.959362,1.00865,1.057126,1.104479,1.149863
25/08/2022,25-Aug-22,0.132455,0.538988,0.69901,0.773133,0.824703,0.875009,0.928591,0.984302,1.03979,1.093056
26/08/2022,26-Aug-22,0.128557,0.587018,0.787151,0.882284,0.940433,0.989095,1.037508,1.087363,1.137721,1.187107
29/08/2022,29-Aug-22,0.164751,0.629087,0.85176,0.968738,1.042824,1.101168,1.154263,1.205304,1.25463,1.301709
30/08/2022,30-Aug-22,0.191506,0.618629,0.854778,0.991093,1.076476,1.136458,1.183897,1.224953,1.262371,1.297239
31/08/2022,31-Aug-22,0.181182,0.661172,0.925961,1.07559,1.165032,1.22381,1.267309,1.303231,1.335212,1.364827
01/09/2022,01-Sept-22,0.211542,0.669003,0.924571,1.07142,1.161376,1.222527,1.269578,1.309862,1.34677,1.381684
02/09/2022,02-Sept-22,0.19663,0.608997,0.842797,0.978366,1.061684,1.118381,1.162238,1.200286,1.235828,1.270191
05/09/2022,05-Sept-22,0.225826,0.624783,0.860819,1.006274,1.102252,1.171604,1.226685,1.273935,1.316553,1.356021
06/09/2022,06-Sept-22,0.243379,0.647801,0.871615,1.001828,1.085641,1.147725,1.200304,1.248933,1.295759,1.341307
07/09/2022,07-Sept-22,0.327769,0.644698,0.784518,0.882753,0.973535,1.060865,1.142309,1.215681,1.280191,1.336119
08/09/2022,08-Sept-22,0.440653,0.77934,0.921353,1.00859,1.08405,1.156889,1.226633,1.291314,1.349659,1.401309
09/09/2022,09-Sept-22,0.508764,0.917519,1.099566,1.194474,1.258899,1.313636,1.364947,1.413829,1.459793,1.50224
12/09/2022,12-Sept-22,0.674887,0.981876,1.125873,1.202941,1.255369,1.30015,1.343004,1.38506,1.425886,1.464748
13/09/2022,13-Sept-22,0.692749,1.030924,1.196406,1.288552,1.351009,1.40169,1.447174,1.489412,1.528697,1.564901
14/09/2022,14-Sept-22,0.703534,1.053363,1.212497,1.303015,1.369359,1.426046,1.476996,1.522915,1.563867,1.599998
15/09/2022,15-Sept-22,0.741184,1.109067,1.283228,1.375471,1.434002,1.478546,1.516588,1.550677,1.581556,1.609432
16/09/2022,16-Sept-22,0.845344,1.222283,1.367975,1.452025,1.516044,1.569051,1.613185,1.649665,1.679731,1.704593
19/09/2022,19-Sept-22,1.004077,1.356115,1.428597,1.460912,1.499128,1.543491,1.588097,1.629103,1.665049,1.695865
20/09/2022,20-Sept-22,1.046097,1.452963,1.565446,1.613809,1.654962,1.697311,1.738845,1.777116,1.810964,1.840249
21/09/2022,21-Sept-22,1.061249,1.469983,1.577987,1.621038,1.65568,1.690445,1.723953,1.754381,1.780969,1.803755
22/09/2022,22-Sept-22,1.161781,1.590871,1.704934,1.747942,1.779293,1.809201,1.837383,1.862648,1.884538,1.903187
23/09/2022,23-Sept-22,1.165515,1.610027,1.752377,1.814677,1.853777,1.88348,1.907326,1.926677,1.942453,1.955407
26/09/2022,26-Sept-22,1.218258,1.661185,1.80324,1.868978,1.912453,1.946042,1.972964,1.994677,2.012278,2.026671
27/09/2022,27-Sept-22,1.176506,1.671139,1.822472,1.886719,1.930906,1.969241,2.003411,2.033199,2.058651,2.080186
28/09/2022,28-Sept-22,1.158372,1.592781,1.719724,1.778489,1.82807,1.877356,1.924555,1.96743,2.005026,2.037383
29/09/2022,29-Sept-22,1.176934,1.594352,1.727106,1.796784,1.856268,1.913077,1.965639,2.012285,2.052572,2.086909
30/09/2022,30-Sept-22,1.184852,1.543368,1.624652,1.666219,1.714207,1.768457,1.822506,1.872123,1.91568,1.953103
03/10/2022,03-Oct-22,1.197303,1.533519,1.588145,1.602176,1.628802,1.669588,1.716711,1.763821,1.807476,1.846346
04/10/2022,04-Oct-22,1.121038,1.430168,1.478808,1.488598,1.511275,1.549271,1.595075,1.642111,1.68653,1.726629
05/10/2022,05-Oct-22,1.179393,1.512128,1.553133,1.559545,1.584821,1.627982,1.679115,1.730645,1.778534,1.821217
06/10/2022,06-Oct-22,1.148206,1.581789,1.683716,1.704434,1.718314,1.742041,1.775403,1.814578,1.855982,1.897066
07/10/2022,07-Oct-22,1.169566,1.62317,1.756033,1.795358,1.817539,1.844167,1.87837,1.918031,1.960264,2.002705
10/10/2022,10-Oct-22,1.213271,1.631282,1.736951,1.764936,1.786097,1.816747,1.856873,1.902814,1.951037,1.998964
11/10/2022,11-Oct-22,1.224671,1.663921,1.79686,1.841846,1.871823,1.907072,1.950216,1.998933,2.050226,2.101652
12/10/2022,12-Oct-22,1.261139,1.671591,1.77776,1.808553,1.833938,1.870213,1.917332,1.971478,2.028886,2.086726
13/10/2022,13-Oct-22,1.294158,1.706741,1.829173,1.866495,1.889043,1.917167,1.953941,1.997338,2.044474,2.092888
14/10/2022,14-Oct-22,1.326504,1.735789,1.823837,1.83224,1.836073,1.853323,1.884231,1.92476,1.970794,2.019156
17/10/2022,17-Oct-22,1.412723,1.811555,1.866008,1.850672,1.841664,1.852898,1.881314,1.920933,1.966632,2.014753
18/10/2022,18-Oct-22,1.361078,1.784867,1.88998,1.903707,1.903882,1.912862,1.93383,1.964313,2.000902,2.040672
19/10/2022,19-Oct-22,1.356781,1.830585,1.991483,2.038662,2.052704,2.063503,2.080123,2.103662,2.132607,2.164931
20/10/2022,20-Oct-22,1.384628,1.878122,2.046982,2.09567,2.108344,2.116929,2.131496,2.153561,2.181715,2.213895
21/10/2022,21-Oct-22,1.394362,1.86711,2.017828,2.058615,2.071512,2.08505,2.10675,2.136588,2.172348,2.211598
24/10/2022,24-Oct-22,1.392918,1.844765,1.970312,1.992368,1.9929,1.998347,2.014438,2.040007,2.0722,2.108266
25/10/2022,25-Oct-22,1.374119,1.814945,1.928579,1.941045,1.933979,1.932995,1.943223,1.963166,1.989832,2.020431
26/10/2022,26-Oct-22,1.45518,1.881777,1.956268,1.940309,1.917763,1.909978,1.918179,1.938385,1.966232,1.998238
27/10/2022,27-Oct-22,1.529858,1.898495,1.9155,1.864454,1.823618,1.806989,1.811076,1.829415,1.85646,1.888206
28/10/2022,28-Oct-22,1.559784,1.908576,1.919122,1.869808,1.833748,1.822221,1.830651,1.852299,1.881664,1.914886
31/10/2022,31-Oct-22,1.585635,1.930783,1.956574,1.920292,1.892439,1.885437,1.896057,1.918489,1.947801,1.980471
01/11/2022,01-Nov-22,1.616271,1.949516,1.942115,1.886958,1.853053,1.84717,1.862185,1.890201,1.925286,1.96347
02/11/2022,02-Nov-22,1.629839,1.96117,1.951919,1.897264,1.864762,1.860084,1.875636,1.903416,1.937541,1.974148
03/11/2022,03-Nov-22,1.648451,1.979057,1.997089,1.966153,1.950044,1.956084,1.978587,2.010882,2.047917,2.086341
04/11/2022,04-Nov-22,1.72159,2.071639,2.077345,2.032513,2.006382,2.005939,2.024329,2.053938,2.089101,2.126096
07/11/2022,07-Nov-22,1.732343,2.113454,2.140586,2.103372,2.07739,2.074249,2.089355,2.115983,2.148726,2.183868
08/11/2022,08-Nov-22,1.748991,2.123712,2.160761,2.130113,2.105596,2.100373,2.111364,2.132836,2.159974,2.189404
09/11/2022,09-Nov-22,1.748991,2.123712,2.160761,2.130113,2.105596,2.100373,2.111364,2.132836,2.159974,2.189404
10/11/2022,10-Nov-22,1.797619,2.061829,2.02516,1.972353,1.949079,1.950565,1.966313,1.988581,2.012705,2.036128
11/11/2022,11-Nov-22,1.833207,2.16657,2.170408,2.110143,2.059388,2.031512,2.023389,2.029039,2.043302,2.062442
14/11/2022,14-Nov-22,1.892643,2.186496,2.162004,2.087091,2.029696,1.99897,1.989603,1.994652,2.008582,2.027529
15/11/2022,15-Nov-22,1.850806,2.159246,2.161119,2.101415,2.049567,2.018899,2.006969,2.008386,2.018373,2.033414
16/11/2022,16-Nov-22,1.780156,2.100515,2.129241,2.084009,2.035236,2.001072,1.982633,1.976532,1.978981,1.986902
17/11/2022,17-Nov-22,1.773997,2.108621,2.119093,2.061299,2.009252,1.977958,1.965465,1.966444,1.976053,1.990699
18/11/2022,18-Nov-22,1.782499,2.069616,2.072192,2.01895,1.97364,1.947991,1.93941,1.94278,1.953656,1.968813
21/11/2022,21-Nov-22,1.746901,2.038009,2.0521,2.004778,1.960257,1.932489,1.920486,1.920022,1.927092,1.93866
22/11/2022,22-Nov-22,1.712634,2.032651,2.076852,2.045705,2.006746,1.978778,1.964033,1.959993,1.963445,1.971672
23/11/2022,23-Nov-22,1.729943,2.027364,2.079743,2.058449,2.024537,1.996792,1.978774,1.969223,1.96585,1.96656
24/11/2022,24-Nov-22,1.753476,2.014297,2.042206,2.004723,1.959733,1.92405,1.900124,1.886088,1.879306,1.87747
25/11/2022,25-Nov-22,1.837515,2.131398,2.146871,2.095492,2.043292,2.006171,1.984335,1.974157,1.971897,1.974616
28/11/2022,28-Nov-22,1.804316,2.102012,2.122677,2.078471,2.034045,2.004278,1.9889,1.984156,1.986343,1.992633
29/11/2022,29-Nov-22,1.752173,2.007981,2.033226,2.000685,1.965302,1.940846,1.927947,1.923889,1.925747,1.931199
30/11/2022,30-Nov-22,1.773294,2.022338,2.060418,2.037823,2.006693,1.982343,1.967176,1.959692,1.957675,1.959184
01/12/2022,01-Dec-22,1.782438,1.985878,1.974086,1.92214,1.877731,1.849101,1.833925,1.828166,1.82841,1.832203
02/12/2022,02-Dec-22,1.760262,1.985064,1.996979,1.957771,1.917942,1.889646,1.873025,1.865288,1.863555,1.865568
05/12/2022,05-Dec-22,1.762681,2.009291,2.029053,1.99085,1.949351,1.918696,1.89982,1.890162,1.886849,1.887548
06/12/2022,06-Dec-22,1.762986,1.987256,1.988921,1.940694,1.894558,1.862063,1.842595,1.832823,1.829537,1.830279
07/12/2022,07-Dec-22,1.757956,1.970497,1.960714,1.906255,1.857827,1.825301,1.806974,1.798922,1.797635,1.800508
08/12/2022,08-Dec-22,1.810591,2.015503,1.992101,1.929789,1.878436,1.845707,1.828393,1.821766,1.821937,1.826139
09/12/2022,09-Dec-22,1.889386,2.115523,2.095199,2.031453,1.978372,1.944613,1.926965,1.920473,1.921022,1.925676
12/12/2022,12-Dec-22,1.927251,2.107343,2.090265,2.035025,1.986516,1.953183,1.933243,1.923022,1.919266,1.91956
13/12/2022,13-Dec-22,1.904978,2.067065,2.036433,1.976729,1.929249,1.89936,1.883623,1.877625,1.87784,1.881783
14/12/2022,14-Dec-22,1.901243,2.05656,2.036022,1.987991,1.950372,1.928335,1.918895,1.918097,1.922751,1.930595
15/12/2022,15-Dec-22,1.999189,2.258647,2.234897,2.153064,2.079499,2.028019,1.996932,1.981259,1.976334,1.978569
16/12/2022,16-Dec-22,1.964031,2.295875,2.36968,2.353046,2.313531,2.275925,2.247457,2.22865,2.217852,2.213009
19/12/2022,19-Dec-22,1.971405,2.276041,2.337123,2.317665,2.280781,2.248319,2.225857,2.213107,2.208068,2.20858
20/12/2022,20-Dec-22,1.972342,2.292874,2.382575,2.384269,2.359259,2.332021,2.310917,2.297624,2.291332,2.290521
21/12/2022,21-Dec-22,2.024245,2.310399,2.385084,2.382011,2.357026,2.331634,2.312714,2.301293,2.296335,2.296299
22/12/2022,22-Dec-22,2.079063,2.370308,2.449274,2.449678,2.427525,2.404474,2.387513,2.377745,2.374182,2.375317
23/12/2022,23-Dec-22,2.058004,2.369689,2.471936,2.48794,2.473619,2.452971,2.435231,2.423084,2.416512,2.414544
27/12/2022,27-Dec-22,2.089131,2.379211,2.475782,2.492056,2.479845,2.461602,2.446086,2.435913,2.43113,2.430859
28/12/2022,28-Dec-22,2.090595,2.390295,2.484428,2.496117,2.480314,2.460086,2.443991,2.434268,2.430628,2.43194
29/12/2022,29-Dec-22,2.104636,2.426932,2.512841,2.511002,2.484104,2.456581,2.436416,2.424919,2.420999,2.422944
30/12/2022,30-Dec-22,2.092719,2.460508,2.563979,2.565336,2.535159,2.50211,2.476246,2.459774,2.451896,2.450907
02/01/2023,02-Jan-23,2.180629,2.518973,2.597763,2.582954,2.543242,2.504729,2.475533,2.456654,2.446631,2.443439
03/01/2023,03-Jan-23,2.284315,2.563433,2.591928,2.546284,2.490565,2.444808,2.412784,2.392942,2.382499,2.378829
04/01/2023,04-Jan-23,2.37935,2.597576,2.565276,2.483009,2.409431,2.356496,2.322484,2.302831,2.293303,2.290647
05/01/2023,05-Jan-23,2.42162,2.628274,2.608156,2.538348,2.473191,2.425071,2.393414,2.374588,2.364973,2.361702
06/01/2023,06-Jan-23,2.429728,2.646641,2.607743,2.519564,2.441544,2.385316,2.34876,2.327038,2.315742,2.311519
09/01/2023,09-Jan-23,2.476794,2.619001,2.555809,2.468314,2.399524,2.353518,2.325494,2.310065,2.303048,2.301507
10/01/2023,10-Jan-23,2.448526,2.625373,2.591816,2.516521,2.448922,2.399128,2.365701,2.344787,2.332796,2.326958
11/01/2023,11-Jan-23,2.4666,2.635175,2.582753,2.490685,2.410034,2.350178,2.308792,2.281388,2.263969,2.253515
12/01/2023,12-Jan-23,2.459167,2.585281,2.524784,2.435347,2.35907,2.302511,2.262837,2.235793,2.217774,2.206112
13/01/2023,13-Jan-23,2.464881,2.581826,2.512585,2.417844,2.338616,2.280315,2.239445,2.211432,2.192534,2.18003
16/01/2023,16-Jan-23,2.409239,2.579685,2.527738,2.433451,2.349239,2.285599,2.240793,2.210569,2.190989,2.179013
17/01/2023,17-Jan-23,2.448163,2.586872,2.517769,2.418051,2.334109,2.272689,2.230305,2.202061,2.18387,2.172734
18/01/2023,18-Jan-23,2.412737,2.467429,2.378608,2.284163,2.211136,2.159058,2.122633,2.09711,2.079074,2.066209
19/01/2023,19-Jan-23,2.474326,2.582711,2.488059,2.373292,2.280797,2.213945,2.167453,2.135624,2.114063,2.09967
20/01/2023,20-Jan-23,2.517222,2.644582,2.555018,2.441834,2.350747,2.285922,2.242067,2.213284,2.194981,2.183905
23/01/2023,23-Jan-23,2.497335,2.631438,2.554314,2.450949,2.36681,2.306994,2.266951,2.241236,2.225506,2.216655
24/01/2023,24-Jan-23,2.452807,2.61096,2.559307,2.468911,2.388851,2.328594,2.286232,2.257621,2.238988,2.227444
25/01/2023,25-Jan-23,2.48128,2.587588,2.494067,2.383698,2.297047,2.23634,2.195788,2.169523,2.153118,2.143494
26/01/2023,26-Jan-23,2.499494,2.604101,2.526404,2.430065,2.353122,2.298669,2.262027,2.238129,2.223064,2.214077
27/01/2023,27-Jan-23,2.513778,2.637212,2.56566,2.471056,2.394897,2.34143,2.306208,2.284093,2.271038,2.264166
30/01/2023,30-Jan-23,2.537293,2.680179,2.62866,2.54351,2.469408,2.414247,2.375743,2.349815,2.332873,2.32222
31/01/2023,31-Jan-23,2.526772,2.669912,2.60318,2.507177,2.427963,2.371614,2.334212,2.310645,2.296736,2.289458
01/02/2023,01-Feb-23,2.552846,2.676724,2.61268,2.523092,2.449035,2.395747,2.3596,2.335956,2.321045,2.312145
02/02/2023,02-Feb-23,2.554012,2.617211,2.515908,2.411556,2.333726,2.280652,2.245628,2.222937,2.208556,2.199796
03/02/2023,03-Feb-23,2.567886,2.62414,2.519516,2.414828,2.33794,2.286177,2.252482,2.231036,2.217805,2.210114
06/02/2023,06-Feb-23,2.566615,2.654789,2.566302,2.468354,2.394697,2.345356,2.314181,2.295529,2.285313,2.280753
07/02/2023,07-Feb-23,2.545243,2.634041,2.574143,2.497241,2.43503,2.390689,2.360759,2.341267,2.329082,2.321971
08/02/2023,08-Feb-23,2.620689,2.741695,2.678368,2.589359,2.515255,2.461477,2.424617,2.400196,2.384544,2.374995
09/02/2023,09-Feb-23,2.666702,2.754543,2.65861,2.550837,2.467316,2.408898,2.369599,2.343718,2.327056,2.316728
10/02/2023,10-Feb-23,2.71181,2.827463,2.735712,2.624498,2.536495,2.474626,2.433236,2.406408,2.389627,2.379739
13/02/2023,13-Feb-23,2.766294,2.881308,2.78891,2.675667,2.584796,2.519736,2.475109,2.445122,2.42531,2.41253
14/02/2023,14-Feb-23,2.811101,2.942921,2.860758,2.750589,2.659109,2.592072,2.545194,2.513094,2.491418,2.477024
15/02/2023,15-Feb-23,2.824729,2.934256,2.850468,2.746707,2.663366,2.603793,2.563066,2.535833,2.517956,2.506521
16/02/2023,16-Feb-23,2.817211,2.935316,2.870873,2.781996,2.708538,2.655502,2.619301,2.595392,2.580093,2.570742
17/02/2023,17-Feb-23,2.831844,2.942356,2.857849,2.753166,2.669095,2.609039,2.568044,2.540713,2.522871,2.511574
20/02/2023,20-Feb-23,2.88241,2.974332,2.871735,2.75636,2.666483,2.603079,2.559856,2.530797,2.511464,2.498806
21/02/2023,21-Feb-23,2.853225,2.970068,2.925669,2.850222,2.781996,2.728833,2.689594,2.66124,2.64092,2.626418
22/02/2023,22-Feb-23,2.864409,2.975143,2.91008,2.820119,2.744316,2.688107,2.648366,2.620851,2.60205,2.589394
23/02/2023,23-Feb-23,2.913226,3.009272,2.919157,2.812225,2.726777,2.665338,2.62275,2.593644,2.573927,2.560734
24/02/2023,24-Feb-23,2.940295,3.079079,3.028713,2.939226,2.856325,2.790206,2.740154,2.702916,2.675285,2.654706
27/02/2023,27-Feb-23,2.959428,3.10709,3.051583,2.95594,2.868725,2.800212,2.749206,2.711998,2.685044,2.665565
28/02/2023,28-Feb-23,2.952997,3.161132,3.152629,3.081903,3.004969,2.939261,2.887941,2.8495,2.821346,2.801031
01/03/2023,01-Mar-23,2.985629,3.197742,3.184718,3.107497,3.024277,2.953079,2.897108,2.854739,2.823247,2.800068
02/03/2023,02-Mar-23,3.032755,3.222894,3.183435,3.092462,3.006106,2.937868,2.887664,2.851992,2.827192,2.810285
03/03/2023,03-Mar-23,3.056964,3.258408,3.219493,3.123591,3.030336,2.955005,2.898251,2.856792,2.826964,2.80571
06/03/2023,06-Mar-23,3.009685,3.267453,3.280121,3.212557,3.129732,3.054612,2.993254,2.945445,2.909047,2.88166
07/03/2023,07-Mar-23,3.073237,3.303451,3.26799,3.16524,3.062151,2.977116,2.91188,2.86337,2.827799,2.80189
08/03/2023,08-Mar-23,3.069115,3.302547,3.284828,3.193923,3.095139,3.009176,2.940039,2.886162,2.844625,2.812615
09/03/2023,09-Mar-23,3.078369,3.292748,3.262358,3.166974,3.069001,2.986467,2.921726,2.872355,2.83506,2.806902
10/03/2023,10-Mar-23,3.050594,3.159555,3.061986,2.939197,2.836146,2.758048,2.700516,2.658196,2.626786,2.603181
13/03/2023,13-Mar-23,2.742517,2.762984,2.682192,2.582925,2.494543,2.424641,2.372682,2.335649,2.310225,2.293532
14/03/2023,14-Mar-23,2.825578,2.954677,2.928072,2.850468,2.766408,2.692684,2.633835,2.589403,2.557213,2.534778
15/03/2023,15-Mar-23,2.605157,2.559548,2.487358,2.415795,2.355074,2.30763,2.272635,2.248135,2.231997,2.222294
16/03/2023,16-Mar-23,2.699405,2.636265,2.553025,2.472917,2.404848,2.350925,2.310288,2.280991,2.260886,2.247994
17/03/2023,17-Mar-23,2.658023,2.551252,2.4526,2.369973,2.304726,2.255371,2.219429,2.194302,2.177639,2.167458
20/03/2023,20-Mar-23,2.625888,2.504668,2.374993,2.272303,2.200343,2.153833,2.126237,2.112025,2.107044,2.108315
21/03/2023,21-Mar-23,2.755735,2.649016,2.543546,2.455112,2.38714,2.338035,2.304571,2.283367,2.27144,2.266353
22/03/2023,22-Mar-23,2.839285,2.801922,2.722087,2.637998,2.564803,2.506859,2.46383,2.433626,2.413749,2.40186
23/03/2023,23-Mar-23,2.798265,2.709276,2.591163,2.484183,2.399854,2.338398,2.296293,2.269334,2.253751,2.246495
24/03/2023,24-Mar-23,2.774672,2.612436,2.437708,2.304047,2.213501,2.156423,2.122964,2.105574,2.098956,2.099509
27/03/2023,27-Mar-23,2.777628,2.708262,2.588317,2.477919,2.392878,2.333212,2.294346,2.271209,2.259492,2.255869
28/03/2023,28-Mar-23,2.772524,2.699908,2.588809,2.485753,2.404409,2.345646,2.306085,2.281532,2.268202,2.263042
29/03/2023,29-Mar-23,2.771221,2.725673,2.633889,2.541431,2.464411,2.406239,2.365366,2.338724,2.32315,2.315895
30/03/2023,30-Mar-23,2.804424,2.828486,2.7577,2.665786,2.581663,2.514335,2.464528,2.429967,2.407649,2.39474
31/03/2023,31-Mar-23,2.811718,2.797763,2.713256,2.61787,2.534194,2.468494,2.420389,2.387213,2.365881,2.353588
03/04/2023,03-Apr-23,2.83354,2.828673,2.734475,2.627347,2.5345,2.46266,2.410764,2.375356,2.352734,2.339682
04/04/2023,04-Apr-23,2.849011,2.838688,2.742591,2.635612,2.54397,2.473802,2.42372,2.390108,2.369186,2.357709
05/04/2023,05-Apr-23,2.844897,2.748379,2.618874,2.501502,2.408878,2.341098,2.29422,2.263642,2.245285,2.235879
06/04/2023,06-Apr-23,2.811223,2.727198,2.593413,2.469386,2.37147,2.30013,2.250968,2.21889,2.199466,2.18922
11/04/2023,11-Apr-23,2.868012,2.840076,2.734294,2.621939,2.527146,2.454922,2.403304,2.368394,2.346295,2.333715
12/04/2023,12-Apr-23,2.8895,2.883133,2.793902,2.689852,2.597146,2.523411,2.468644,2.430157,2.404695,2.38926
13/04/2023,13-Apr-23,2.925592,2.889827,2.785823,2.675873,2.582229,2.510084,2.458018,2.422558,2.400043,2.387281
14/04/2023,14-Apr-23,2.981348,2.975079,2.881983,2.7721,2.672997,2.593107,2.532808,2.489536,2.460022,2.441188
17/04/2023,17-Apr-23,3.011531,3.005195,2.907345,2.794299,2.694751,2.616662,2.559649,2.520501,2.495497,2.481269
18/04/2023,18-Apr-23,3.022439,3.045531,2.933547,2.802719,2.691376,2.607676,2.549292,2.511162,2.488278,2.4765
19/04/2023,19-Apr-23,2.997084,3.079236,2.996296,2.87684,2.767606,2.681703,2.61946,2.57712,2.550248,2.534908
20/04/2023,20-Apr-23,3.039865,3.075606,2.967852,2.836982,2.723866,2.637989,2.577615,2.537884,2.513802,2.501171
21/04/2023,21-Apr-23,3.033987,3.072347,2.971165,2.844874,2.733913,2.648575,2.58792,2.547612,2.522943,2.509848
24/04/2023,24-Apr-23,3.053131,3.1009,3.001274,2.873231,2.759347,2.670878,2.607277,2.56434,2.537381,2.52231
25/04/2023,25-Apr-23,3.026636,3.012201,2.894638,2.765111,2.65496,2.571162,2.511735,2.472135,2.447722,2.434553
26/04/2023,26-Apr-23,3.017761,2.98426,2.840943,2.695007,2.577737,2.492871,2.435595,2.399546,2.379075,2.36975
27/04/2023,27-Apr-23,2.982101,2.978692,2.871971,2.751245,2.64778,2.568973,2.513302,2.476598,2.454493,2.443237
28/04/2023,28-Apr-23,2.970593,2.942529,2.816516,2.684804,2.576332,2.495855,2.440016,2.403598,2.381722,2.370434
02/05/2023,02-May-23,2.999416,2.973261,2.835153,2.692742,2.577623,2.493821,2.436782,2.40036,2.37908,2.368644
03/05/2023,03-May-23,2.992,2.914277,2.72945,2.563152,2.440339,2.357145,2.30402,2.272284,2.255385,2.248682
04/05/2023,04-May-23,2.997585,2.891991,2.712691,2.555334,2.438947,2.359643,2.308779,2.278403,2.262404,2.25638
05/05/2023,05-May-23,2.998323,2.863079,2.664719,2.503141,2.391018,2.319385,2.276909,2.254489,2.245646,2.245943
08/05/2023,08-May-23,3.016372,2.908459,2.725626,2.567856,2.453603,2.37785,2.331157,2.305124,2.293414,2.29152
09/05/2023,09-May-23,3.021803,2.903475,2.726365,2.572856,2.459674,2.383082,2.334836,2.307206,2.294148,2.291237
10/05/2023,10-May-23,3.003912,2.874281,2.676902,2.512955,2.397389,2.322498,2.2774,2.253057,2.242898,2.242364
11/05/2023,11-May-23,3.027182,2.858356,2.638361,2.462531,2.340703,2.262221,2.214742,2.188558,2.176815,2.174836
12/05/2023,12-May-23,3.052114,2.891572,2.685635,2.515573,2.393527,2.312255,2.261439,2.23226,2.21814,2.214408
15/05/2023,15-May-23,3.02577,2.898748,2.707746,2.544603,2.426261,2.347531,2.298909,2.271858,2.259867,2.258259
16/05/2023,16-May-23,3.015357,2.907178,2.722728,2.561433,2.443228,2.364087,2.314948,2.287432,2.27508,2.273224
17/05/2023,17-May-23,3.051833,2.934613,2.756791,2.600071,2.482537,2.401539,2.349377,2.318507,2.302881,2.297998
18/05/2023,18-May-23,3.082158,2.997714,2.832882,2.679287,2.560855,2.477885,2.423966,2.391999,2.375999,2.371378
19/05/2023,19-May-23,3.100887,3.021202,2.881195,2.747174,2.639666,2.561085,2.507613,2.474035,2.455513,2.448087
22/05/2023,22-May-23,3.041613,2.969872,2.84732,2.727929,2.630011,2.556778,2.505729,2.472743,2.453732,2.445207
23/05/2023,23-May-23,3.066285,2.990744,2.8881,2.787274,2.700192,2.630339,2.577275,2.538962,2.512914,2.496721
24/05/2023,24-May-23,3.077776,3.017052,2.881608,2.746752,2.636645,2.55508,2.4987,2.462402,2.441335,2.431497
25/05/2023,25-May-23,3.140815,3.087964,2.94929,2.809349,2.695025,2.610557,2.552366,2.515017,2.493378,2.483245
26/05/2023,26-May-23,3.124847,3.090431,2.974093,2.849421,2.743035,2.661404,2.603101,2.564195,2.540463,2.528198
29/05/2023,29-May-23,3.097663,3.074502,2.961648,2.835677,2.725374,2.638585,2.574684,2.530172,2.501042,2.483675
30/05/2023,30-May-23,3.10322,3.057305,2.92099,2.777519,2.655672,2.561708,2.493468,2.446353,2.41566,2.397364
31/05/2023,31-May-23,3.130865,3.015395,2.819674,2.644103,2.511004,2.417817,2.356065,2.317456,2.295397,2.285026
01/06/2023,01-Jun-23,3.119042,2.987038,2.792973,2.621862,2.492091,2.400613,2.339303,2.3003,2.277338,2.265776
02/06/2023,02-Jun-23,3.195202,3.083891,2.888933,2.710176,2.571756,2.472589,2.405018,2.361108,2.334371,2.319931
05/06/2023,05-Jun-23,3.223242,3.138317,2.972063,2.810315,2.678854,2.580599,2.510969,2.463861,2.433733,2.416131
06/06/2023,06-Jun-23,3.247609,3.158294,2.962353,2.777251,2.632784,2.529271,2.459068,2.413895,2.386898,2.372899
07/06/2023,07-Jun-23,3.236372,3.150644,2.98033,2.814904,2.680856,2.580965,2.51036,2.462695,2.432261,2.414496
08/06/2023,08-Jun-23,3.247127,3.154654,2.981464,2.815674,2.68261,2.584314,2.51551,2.469655,2.440956,2.424828
09/06/2023,09-Jun-23,3.286508,3.205411,3.026284,2.851707,2.711046,2.606966,2.533876,2.484796,2.453573,2.435373
12/06/2023,12-Jun-23,3.261649,3.175866,2.999462,2.828248,2.689934,2.587105,2.514462,2.465316,2.433732,2.415021
13/06/2023,13-Jun-23,3.301262,3.22357,3.050769,2.879761,2.73978,2.634492,2.559216,2.507557,2.473698,2.45297
14/06/2023,14-Jun-23,3.310736,3.239245,3.084285,2.927479,2.795939,2.694653,2.620612,2.56867,2.533791,2.511746
15/06/2023,15-Jun-23,3.371636,3.297806,3.14103,2.981034,2.845079,2.738697,2.659332,2.602125,2.56219,2.535362
16/06/2023,16-Jun-23,3.398504,3.354569,3.206869,3.046181,2.905497,2.793174,2.707942,2.645454,2.600961,2.570268
19/06/2023,19-Jun-23,3.374549,3.322834,3.191563,3.049172,2.922481,2.819353,2.739606,2.680122,2.637114,2.607043
20/06/2023,20-Jun-23,3.376325,3.346555,3.212163,3.058639,2.919497,2.804901,2.71522,2.647262,2.596993,2.560626
21/06/2023,21-Jun-23,3.410412,3.400324,3.256021,3.087479,2.935828,2.812642,2.717752,2.647038,2.595655,2.559223
22/06/2023,22-Jun-23,3.442818,3.441493,3.300524,3.133152,2.98186,2.858746,2.763813,2.69298,2.641391,2.604646
23/06/2023,23-Jun-23,3.422346,3.38436,3.213302,3.026201,2.863259,2.733618,2.635055,2.562092,2.509093,2.471258
26/06/2023,26-Jun-23,3.432676,3.391265,3.214999,3.024095,2.859009,2.728429,2.629661,2.556889,2.50427,2.466888
27/06/2023,27-Jun-23,3.451084,3.395512,3.212741,3.018187,2.850416,2.717423,2.616292,2.541166,2.486216,2.446554
28/06/2023,28-Jun-23,3.448511,3.391495,3.224384,3.043875,2.884898,2.756224,2.65648,2.581076,2.525026,2.483938
29/06/2023,29-Jun-23,3.480061,3.443276,3.277925,3.094141,2.931576,2.800341,2.699197,2.623338,2.567509,2.527091
30/06/2023,30-Jun-23,3.486382,3.45152,3.29463,3.119408,2.963824,2.837895,2.740705,2.667793,2.614174,2.575417
03/07/2023,03-Jul-23,3.490017,3.458849,3.303256,3.127815,2.971129,2.84361,2.744574,2.669686,2.614025,2.573194
04/07/2023,04-Jul-23,3.49766,3.451897,3.303321,3.13794,2.989014,2.866268,2.769667,2.6957,2.640101,2.598917
05/07/2023,05-Jul-23,3.511486,3.433617,3.271259,3.102295,2.954994,2.836211,2.74436,2.675145,2.623947,2.586687
06/07/2023,06-Jul-23,3.538424,3.509661,3.379279,3.228156,3.089241,2.973274,2.881321,2.810713,2.757745,2.7188
07/07/2023,07-Jul-23,3.498849,3.449228,3.320405,3.179119,3.052167,2.947812,2.866276,2.80473,2.759567,2.727345
10/07/2023,10-Jul-23,3.529718,3.467282,3.327165,3.179689,3.051117,2.948239,2.869933,2.812405,2.771437,2.743236
11/07/2023,11-Jul-23,3.536897,3.492125,3.355487,3.206139,3.074123,2.967737,2.886377,2.82636,2.783426,2.753699
12/07/2023,12-Jul-23,3.5311,3.467337,3.335433,3.193993,3.066961,2.961864,2.878936,2.815563,2.768351,2.734021
13/07/2023,13-Jul-23,3.51854,3.414302,3.254662,3.097075,2.96203,2.853865,2.770512,2.707892,2.661766,2.628414
14/07/2023,14-Jul-23,3.551311,3.4478,3.26519,3.08445,2.932016,2.812298,2.72182,2.65508,2.606766,2.572445
17/07/2023,17-Jul-23,3.563613,3.479121,3.298507,3.114488,2.957867,2.834472,2.741131,2.672276,2.622438,2.587026
18/07/2023,18-Jul-23,3.549724,3.425378,3.206299,2.999443,2.833001,2.707701,2.616444,2.551263,2.505416,2.473719
19/07/2023,19-Jul-23,3.517201,3.429945,3.22031,3.013587,2.844977,2.717642,2.625142,2.559538,2.513928,2.482943
20/07/2023,20-Jul-23,3.534462,3.469223,3.293357,3.109614,2.952358,2.828492,2.735041,2.66636,2.616857,2.581838
21/07/2023,21-Jul-23,3.529985,3.466562,3.270377,3.069294,2.901891,2.773681,2.679552,2.612217,2.565044,2.532746
24/07/2023,24-Jul-23,3.522924,3.419195,3.211802,3.013473,2.854327,2.735658,2.65049,2.590857,2.550002,2.522734
25/07/2023,25-Jul-23,3.534667,3.434729,3.227373,3.02613,2.862657,2.739356,2.649855,2.586461,2.542497,2.512766
26/07/2023,26-Jul-23,3.503391,3.450668,3.282749,3.103205,2.947771,2.824434,2.730918,2.66198,2.612237,2.577089
27/07/2023,27-Jul-23,3.494335,3.3957,3.202333,3.0132,2.85758,2.738681,2.651344,2.588805,2.544978,2.515013
28/07/2023,28-Jul-23,3.505507,3.418835,3.224295,3.031964,2.874186,2.75461,2.667808,2.606653,2.56477,2.537104
31/07/2023,31-Jul-23,3.531396,3.41531,3.209893,3.015548,2.859476,2.742805,2.658976,2.600427,2.560666,2.534655
01/08/2023,01-Aug-23,3.53569,3.427633,3.229248,3.037374,2.880338,2.7609,2.67367,2.611751,2.568973,2.540422
02/08/2023,02-Aug-23,3.517826,3.374843,3.156087,2.959756,2.808182,2.698893,2.623272,2.572746,2.54041,2.521113
03/08/2023,03-Aug-23,3.502609,3.356297,3.130862,2.936492,2.793487,2.69591,2.632794,2.594338,2.573105,2.563778
04/08/2023,04-Aug-23,3.494138,3.363612,3.172643,2.999827,2.864925,2.766961,2.699125,2.654147,2.625923,2.609761
07/08/2023,07-Aug-23,3.489072,3.349067,3.136791,2.950098,2.809574,2.711448,2.646402,2.605568,2.581958,2.570444
08/08/2023,08-Aug-23,3.450925,3.285734,3.066601,2.876924,2.733282,2.631194,2.561513,2.515683,2.486972,2.470425
09/08/2023,09-Aug-23,3.464992,3.325601,3.115061,2.926364,2.780921,2.676449,2.60467,2.557287,2.527574,2.510492
10/08/2023,10-Aug-23,3.455727,3.325811,3.122772,2.938106,2.794272,2.690102,2.618052,2.570211,2.540036,2.522555
11/08/2023,11-Aug-23,3.471154,3.349347,3.149157,2.968814,2.831218,2.734368,2.669946,2.629556,2.606402,2.595402
14/08/2023,14-Aug-23,3.483118,3.366395,3.175741,3.000279,2.863124,2.764088,2.696321,2.652309,2.625701,2.611609
15/08/2023,15-Aug-23,3.5014,3.405071,3.227712,3.059336,2.925357,2.827399,2.759715,2.715379,2.68832,2.67376
16/08/2023,16-Aug-23,3.493993,3.377594,3.19744,3.030581,2.898476,2.801841,2.734925,2.690987,2.664119,2.649655
17/08/2023,17-Aug-23,3.479438,3.378966,3.209963,3.049701,2.92114,2.826308,2.760322,2.716941,2.690516,2.676504
18/08/2023,18-Aug-23,3.534216,3.362486,3.146488,2.963526,2.828152,2.735069,2.674681,2.638116,2.618414,2.61045
21/08/2023,21-Aug-23,3.479643,3.367835,3.198696,3.039488,2.910954,2.815201,2.747858,2.703103,2.675532,2.660707
22/08/2023,22-Aug-23,3.526469,3.402004,3.216236,3.044617,2.908457,2.808556,2.739191,2.693564,2.665665,2.65071
23/08/2023,23-Aug-23,3.529285,3.369444,3.137994,2.934804,2.781031,2.672695,2.599979,2.553479,2.525743,2.511268
24/08/2023,24-Aug-23,3.487517,3.345892,3.138565,2.951305,2.805506,2.699982,2.627249,2.579361,2.549669,2.533069
25/08/2023,25-Aug-23,3.500538,3.373927,3.175788,2.991822,2.845612,2.737867,2.662284,2.611549,2.579295,2.560519
28/08/2023,28-Aug-23,3.537837,3.405882,3.199634,3.009579,2.859667,2.749951,2.673458,2.622406,2.590142,2.571501
29/08/2023,29-Aug-23,3.539072,3.421778,3.22918,3.046142,2.897836,2.786513,2.706884,2.652185,2.616301,2.59431
30/08/2023,30-Aug-23,3.541825,3.425841,3.210264,3.007896,2.848285,2.731965,2.651238,2.597543,2.563654,2.544032
31/08/2023,31-Aug-23,3.517301,3.380369,3.156326,2.954877,2.800466,2.690279,2.614989,2.565458,2.534412,2.516474
01/09/2023,01-Sept-23,3.49368,3.360087,3.120254,2.915888,2.769008,2.670836,2.608245,2.570358,2.549342,2.539804
04/09/2023,04-Sept-23,3.542321,3.400471,3.165078,2.962166,2.813222,2.711142,2.644063,2.601774,2.576734,2.56365
05/09/2023,05-Sept-23,3.535197,3.408448,3.177763,2.975621,2.82639,2.724073,2.657131,2.615379,2.591203,2.579226
06/09/2023,06-Sept-23,3.550602,3.433233,3.214088,3.017267,2.868582,2.764318,2.694424,2.649481,2.622214,2.607368
07/09/2023,07-Sept-23,3.549321,3.431854,3.233523,3.053913,2.915792,2.817093,2.74966,2.705371,2.677717,2.661869
08/09/2023,08-Sept-23,3.555786,3.42339,3.214382,3.029805,2.89023,2.791682,2.724901,2.681248,2.654021,2.638352
11/09/2023,11-Sept-23,3.571926,3.442419,3.220846,3.024708,2.877406,2.77443,2.705527,2.661275,2.634451,2.61986
12/09/2023,12-Sept-23,3.607421,3.468553,3.243744,3.045692,2.896773,2.792356,2.722209,2.676921,2.649252,2.633978
13/09/2023,13-Sept-23,3.635613,3.511247,3.287305,3.085773,2.932571,2.824254,2.750868,2.702964,2.673181,2.656169
14/09/2023,14-Sept-23,3.695444,3.550509,3.302978,3.085839,2.923675,2.81034,2.733991,2.684131,2.652874,2.634634
15/09/2023,15-Sept-23,3.692097,3.582722,3.352882,3.140899,2.977866,2.8616,2.782154,2.729761,2.696722,2.677407
18/09/2023,18-Sept-23,3.698689,3.598756,3.389842,3.19333,3.039262,2.927465,2.84984,2.797809,2.764347,2.744188
19/09/2023,19-Sept-23,3.701797,3.611872,3.409679,3.215768,3.061855,2.94919,2.870479,2.817504,2.783357,2.762768
20/09/2023,20-Sept-23,3.694956,3.570371,3.378651,3.197493,3.049966,2.938048,2.85674,2.799661,2.761029,2.73617
21/09/2023,21-Sept-23,3.743835,3.611671,3.402366,3.209608,3.057712,2.946491,2.868735,2.816526,2.783164,2.763482
22/09/2023,22-Sept-23,3.6925,3.579944,3.377398,3.185752,3.033071,2.92089,2.842671,2.790663,2.758121,2.739757
25/09/2023,25-Sept-23,3.696822,3.578005,3.382769,3.199913,3.054416,2.947549,2.873198,2.824072,2.793763,2.777209
26/09/2023,26-Sept-23,3.685046,3.562255,3.368438,3.188378,3.045656,2.941153,2.868714,2.821113,2.792027,2.776466
27/09/2023,27-Sept-23,3.681706,3.549476,3.353566,3.173573,3.031352,2.927301,2.855186,2.807811,2.778895,2.763482
28/09/2023,28-Sept-23,3.68562,3.57198,3.408279,3.256552,3.135474,3.046467,2.985044,2.945472,2.922495,2.911812
29/09/2023,29-Sept-23,3.673319,3.51464,3.324685,3.157222,3.026143,2.930208,2.8635,2.81954,2.792693,2.77848
02/10/2023,02-Oct-23,3.683436,3.520142,3.333484,3.17113,3.045012,2.953433,2.890495,2.849849,2.825985,2.814511
03/10/2023,03-Oct-23,3.681496,3.50118,3.318562,3.164962,3.046953,2.961599,2.903127,2.865637,2.844049,2.834295
04/10/2023,04-Oct-23,3.678703,3.515512,3.343606,3.195584,3.079813,2.9948,2.935734,2.897294,2.874714,2.864079
05/10/2023,05-Oct-23,3.675041,3.46429,3.272534,3.118778,3.003962,2.922673,2.868127,2.834075,2.815369,2.807988
06/10/2023,06-Oct-23,3.678407,3.447949,3.253118,3.102885,2.993575,2.917791,2.868008,2.837795,2.822054,2.81689
09/10/2023,09-Oct-23,3.656111,3.40901,3.206313,3.052153,2.940446,2.862677,2.810857,2.778411,2.760242,2.752512
10/10/2023,10-Oct-23,3.681173,3.42055,3.210101,3.051411,2.936979,2.857503,2.80456,2.771334,2.752595,2.74443
11/10/2023,11-Oct-23,3.691606,3.446724,3.231731,3.061407,2.933735,2.841507,2.776959,2.733366,2.705386,2.688946
12/10/2023,12-Oct-23,3.6932,3.473796,3.264897,3.093507,2.962825,2.867698,2.80104,2.756235,2.727841,2.711631
13/10/2023,13-Oct-23,3.684181,3.450611,3.226445,3.052742,2.930377,2.849406,2.799041,2.770433,2.75699,2.753992
16/10/2023,16-Oct-23,3.686124,3.487968,3.269666,3.088959,2.955207,2.862406,2.801394,2.763848,2.743221,2.734651
17/10/2023,17-Oct-23,3.694168,3.544625,3.341429,3.162162,3.025242,2.928518,2.864275,2.824581,2.802857,2.794071
18/10/2023,18-Oct-23,3.704966,3.554757,3.350286,3.170372,3.03344,2.93711,2.873468,2.834452,2.813413,2.805285
19/10/2023,19-Oct-23,3.69393,3.541169,3.359195,3.200918,3.079338,2.992616,2.93451,2.898401,2.878623,2.870721
20/10/2023,20-Oct-23,3.671419,3.476373,3.27877,3.116534,2.995742,2.91147,2.856179,2.822767,2.80544,2.79975
23/10/2023,23-Oct-23,3.683667,3.498032,3.307066,3.148463,3.029177,2.945149,2.889449,2.855347,2.837249,2.830811
24/10/2023,24-Oct-23,3.689574,3.467681,3.26071,3.095032,2.972344,2.886236,2.828791,2.792915,2.772922,2.764482
25/10/2023,25-Oct-23,3.690259,3.471498,3.266174,3.101669,2.98004,2.894995,2.838645,2.803897,2.785062,2.777803
26/10/2023,26-Oct-23,3.670523,3.434959,3.222955,3.057284,2.937177,2.854762,2.801339,2.769434,2.753209,2.748286
27/10/2023,27-Oct-23,3.664596,3.420809,3.205481,3.039252,2.919929,2.838821,2.786811,2.756239,2.741197,2.737304
30/10/2023,30-Oct-23,3.661021,3.406159,3.191386,3.029035,2.913855,2.836202,2.786792,2.758064,2.744267,2.741164
31/10/2023,31-Oct-23,3.670634,3.387519,3.158195,2.987927,2.867911,2.786781,2.734462,2.703053,2.686675,2.681065
01/11/2023,01-Nov-23,3.660705,3.37673,3.146803,2.976418,2.856655,2.775997,2.724257,2.693468,2.677719,2.672728
02/11/2023,02-Nov-23,3.655311,3.367226,3.130551,2.95323,2.827137,2.74092,2.684343,2.64933,2.629865,2.62158
06/11/2023,06-Nov-23,3.676929,3.419999,3.187562,3.004927,2.871161,2.777658,2.715041,2.675351,2.652422,2.64167
07/11/2023,07-Nov-23,3.679092,3.443486,3.206493,3.013478,2.869702,2.767949,2.69878,2.653844,2.626611,2.612226
08/11/2023,08-Nov-23,3.686621,3.429405,3.182902,2.985549,2.839821,2.737315,2.668022,2.623288,2.596395,2.582364
09/11/2023,09-Nov-23,3.690606,3.442951,3.198542,3.000037,2.852179,2.747628,2.676786,2.631087,2.603768,2.589757
10/11/2023,10-Nov-23,3.711205,3.494435,3.251689,3.047227,2.893113,2.784014,2.710517,2.663725,2.636473,2.623349
13/11/2023,13-Nov-23,3.682769,3.48761,3.263698,3.071335,2.923872,2.817957,2.745697,2.69915,2.671693,2.658202
14/11/2023,14-Nov-23,3.65414,3.446597,3.214393,3.01624,2.86435,2.754682,2.678983,2.629137,2.598455,2.581791
15/11/2023,15-Nov-23,3.668582,3.420655,3.175903,2.976736,2.828171,2.723102,2.652041,2.606439,2.579501,2.566103
16/11/2023,16-Nov-23,3.671246,3.392231,3.138796,2.938067,2.789641,2.684709,2.613392,2.56716,2.539326,2.52487
17/11/2023,17-Nov-23,3.660114,3.383558,3.128188,2.925327,2.775669,2.670473,2.599648,2.554431,2.527949,2.515049
20/11/2023,20-Nov-23,3.666605,3.415619,3.171137,2.971682,2.821813,2.714789,2.641522,2.593725,2.564739,2.549494
21/11/2023,21-Nov-23,3.646394,3.404593,3.162662,2.962313,2.810016,2.70006,2.623867,2.573369,2.541976,2.524622
22/11/2023,22-Nov-23,3.644578,3.398317,3.151801,2.947773,2.792648,2.680453,2.602376,2.550197,2.51724,2.498392
23/11/2023,23-Nov-23,3.644951,3.411755,3.183343,2.994134,2.84942,2.744098,2.670471,2.621202,2.59021,2.572756
24/11/2023,24-Nov-23,3.629903,3.423658,3.206432,3.020717,2.876037,2.76942,2.694188,2.643446,2.611276,2.592966
27/11/2023,27-Nov-23,3.64773,3.400711,3.166956,2.974888,2.827902,2.720441,2.644785,2.593655,2.561014,2.542137
28/11/2023,28-Nov-23,3.618973,3.342862,3.102032,2.911321,2.768321,2.665145,2.593255,2.545178,2.514913,2.497847
29/11/2023,29-Nov-23,3.599208,3.262072,2.993628,2.7923,2.646826,2.544716,2.475134,2.429538,2.401487,2.386225
30/11/2023,30-Nov-23,3.596225,3.264972,3.002796,2.806124,2.663816,2.563935,2.496129,2.452161,2.425754,2.41222
01/12/2023,01-Dec-23,3.530503,3.170244,2.898475,2.701837,2.563886,2.469935,2.408286,2.370102,2.348883,2.339906
04/12/2023,04-Dec-23,3.543283,3.137874,2.846188,2.638227,2.49195,2.39114,2.323846,2.281244,2.256805,2.245692
05/12/2023,05-Dec-23,3.528751,3.129404,2.839418,2.630427,2.481476,2.377056,2.305675,2.2588,2.230084,2.214796
06/12/2023,06-Dec-23,3.469754,3.108528,2.83935,2.640028,2.493753,2.387779,2.312425,2.26033,2.225884,2.204811
07/12/2023,07-Dec-23,3.470448,3.101928,2.821922,2.610962,2.453811,2.338543,2.255821,2.198334,2.160354,2.137396
08/12/2023,08-Dec-23,3.501966,3.151199,2.885873,2.687017,2.539813,2.432686,2.356588,2.304449,2.270739,2.25114
11/12/2023,11-Dec-23,3.522,3.164634,2.889827,2.680802,2.524067,2.408777,2.326216,2.269392,2.232694,2.211627
12/12/2023,12-Dec-23,3.533106,3.173936,2.896608,2.684653,2.524795,2.406338,2.320671,2.260866,2.221353,2.19766
13/12/2023,13-Dec-23,3.552498,3.179091,2.889709,2.667652,2.499414,2.374079,2.282828,2.218544,2.175489,2.149041
14/12/2023,14-Dec-23,3.502769,3.110733,2.809005,2.57939,2.407214,2.280642,2.190144,2.12805,2.088192,2.065618
15/12/2023,15-Dec-23,3.522902,3.118048,2.805583,2.566724,2.386378,2.252419,2.155114,2.086657,2.040792,2.01251
18/12/2023,18-Dec-23,3.532518,3.124919,2.811194,2.572223,2.392639,2.260095,2.164683,2.098455,2.055041,2.029345
19/12/2023,19-Dec-23,3.50446,3.09282,2.776197,2.535022,2.353624,2.219459,2.122493,2.054706,2.009691,1.982339
20/12/2023,20-Dec-23,3.500899,3.082792,2.760525,2.514462,2.328859,2.1911,2.09108,2.020712,1.973531,1.944372
21/12/2023,21-Dec-23,3.483226,3.054875,2.727188,2.479051,2.293635,2.157534,2.060075,1.992768,1.948864,1.923009
22/12/2023,22-Dec-23,3.470864,3.023369,2.68197,2.424385,2.232854,2.093225,1.994234,1.926919,1.884162,1.860312
27/12/2023,27-Dec-23,3.475562,3.026955,2.683864,2.42421,2.23038,2.088331,1.986879,1.917118,1.871969,1.845807
28/12/2023,28-Dec-23,3.50033,3.034771,2.680657,2.414324,2.216961,2.073626,1.972456,1.904044,1.860937,1.837241
29/12/2023,29-Dec-23,3.503666,3.04543,2.697413,2.436346,2.243691,2.104691,2.007606,1.943106,1.903787,1.883776
02/01/2024,02-Jan-24,3.496265,3.03722,2.693009,2.438198,2.252802,2.121127,2.03086,1.972349,1.938036,1.922011
03/01/2024,03-Jan-24,3.527261,3.056745,2.705451,2.446464,2.258765,2.125946,2.035211,1.976587,1.942313,1.926352
04/01/2024,04-Jan-24,3.537217,3.081063,2.742784,2.495168,2.317115,2.192272,2.107969,2.054404,2.023992,2.01088
05/01/2024,05-Jan-24,3.591129,3.150274,2.82084,2.577542,2.400684,2.274935,2.188361,2.131683,2.097691,2.080786
08/01/2024,08-Jan-24,3.582424,3.140222,2.808438,2.562461,2.383013,2.254996,2.166596,2.108573,2.073707,2.056363
09/01/2024,09-Jan-24,3.578322,3.132766,2.802206,2.559966,2.385407,2.262566,2.179101,2.125477,2.094334,2.079993
10/01/2024,10-Jan-24,3.609857,3.154914,2.820687,2.578049,2.404765,2.283861,2.202387,2.150465,2.120565,2.106951
11/01/2024,11-Jan-24,3.567186,3.127763,2.802563,2.564744,2.393631,2.273307,2.19152,2.138846,2.108039,2.093533
12/01/2024,12-Jan-24,3.555553,3.105359,2.770764,2.525191,2.348012,2.223231,2.138444,2.084042,2.052588,2.038329
15/01/2024,15-Jan-24,3.561797,3.121336,2.794224,2.554456,2.381835,2.260677,2.178813,2.126804,2.097339,2.084757
16/01/2024,16-Jan-24,3.574131,3.132056,2.801687,2.557911,2.381102,2.255926,2.170412,2.11522,2.083071,2.068294
17/01/2024,17-Jan-24,3.644133,3.220984,2.902725,2.666145,2.493031,2.369094,2.283132,2.226366,2.19192,2.174417
18/01/2024,18-Jan-24,3.623519,3.215102,2.906794,2.676813,2.50798,2.386747,2.30244,2.246652,2.212765,2.195579
19/01/2024,19-Jan-24,3.601172,3.190384,2.884739,2.660146,2.497898,2.383471,2.305595,2.255529,2.226496,2.213247
22/01/2024,22-Jan-24,3.642026,3.20527,2.881567,2.644499,2.473679,2.35338,2.271475,2.218614,2.187597,2.172882
23/01/2024,23-Jan-24,3.639104,3.216703,2.902676,2.672123,2.50572,2.388478,2.308771,2.25759,2.227955,2.214466
24/01/2024,24-Jan-24,3.631904,3.208373,2.893774,2.663037,2.496715,2.379727,2.30038,2.249618,2.220429,2.207389
25/01/2024,25-Jan-24,3.566522,3.13758,2.822796,2.595002,2.433337,2.321786,2.248061,2.202739,2.178598,2.17011
26/01/2024,26-Jan-24,3.591469,3.143599,2.819071,2.587388,2.425424,2.315646,2.244764,2.202716,2.181884,2.176507
29/01/2024,29-Jan-24,3.577046,3.110093,2.771861,2.530534,2.361968,2.247854,2.174307,2.130812,2.109407,2.104074
30/01/2024,30-Jan-24,3.548411,3.089613,2.758426,2.522962,2.359125,2.248712,2.177979,2.13655,2.116602,2.11224
31/01/2024,31-Jan-24,3.516334,3.05121,2.714241,2.473733,2.305644,2.191744,2.118217,2.0746,2.052976,2.047361
01/02/2024,01-Feb-24,3.516939,3.049805,2.712254,2.471858,2.304126,2.190568,2.11723,2.073588,2.051711,2.04563
02/02/2024,02-Feb-24,3.585195,3.136758,2.806616,2.566561,2.394964,2.275243,2.194691,2.143575,2.114445,2.101605
05/02/2024,05-Feb-24,3.599865,3.166574,2.850319,2.622532,2.461478,2.35062,2.277379,2.232193,2.207793,2.198663
06/02/2024,06-Feb-24,3.585598,3.16461,2.855059,2.630444,2.470424,2.35939,2.285367,2.239172,2.213769,2.203768
07/02/2024,07-Feb-24,3.582612,3.15471,2.84108,2.614264,2.453253,2.341984,2.268173,2.222432,2.197593,2.188183
08/02/2024,08-Feb-24,3.592281,3.186991,2.888032,2.670366,2.514716,2.406244,2.333534,2.287802,2.262297,2.25183
09/02/2024,09-Feb-24,3.596161,3.213791,2.929247,2.720092,2.568916,2.462212,2.389506,2.342676,2.315425,2.302878
12/02/2024,12-Feb-24,3.621996,3.224301,2.930077,2.715045,2.560511,2.452073,2.378642,2.331683,2.304626,2.292416
13/02/2024,13-Feb-24,3.625057,3.248541,2.96629,2.757076,2.604347,2.495195,2.419555,2.369584,2.33917,2.323553
14/02/2024,14-Feb-24,3.63675,3.271144,2.992438,2.78223,2.625904,2.511854,2.430867,2.375637,2.340366,2.320464
15/02/2024,15-Feb-24,3.623448,3.256497,2.974949,2.761069,2.600702,2.482547,2.397588,2.338636,2.299961,2.277001
16/02/2024,16-Feb-24,3.64228,3.298868,3.034904,2.833961,2.682912,2.571273,2.490671,2.434422,2.397191,2.374727
19/02/2024,19-Feb-24,3.645141,3.302677,3.038525,2.836764,2.68461,2.571803,2.49011,2.432928,2.394966,2.371986
20/02/2024,20-Feb-24,3.620031,3.269015,2.999846,2.79551,2.642428,2.529763,2.448867,2.392847,2.356209,2.334579
21/02/2024,21-Feb-24,3.632495,3.288421,3.024686,2.824517,2.674548,2.564128,2.484777,2.429741,2.393647,2.372221
22/02/2024,22-Feb-24,3.652919,3.321511,3.0659,2.870421,2.722573,2.612376,2.531869,2.474699,2.435798,2.411125
23/02/2024,23-Feb-24,3.644674,3.309399,3.049983,2.850907,2.699752,2.586581,2.503441,2.443971,2.403084,2.376715
26/02/2024,26-Feb-24,3.663879,3.346852,3.097499,2.902963,2.752753,2.638304,2.552629,2.490032,2.445871,2.416364
27/02/2024,27-Feb-24,3.652828,3.342178,3.097474,2.906372,2.758758,2.646339,2.562329,2.501166,2.458306,2.430029
28/02/2024,28-Feb-24,3.647585,3.34043,3.099188,2.911383,2.766817,2.657155,2.575588,2.516556,2.475525,2.448793
29/02/2024,29-Feb-24,3.641072,3.333225,3.090707,2.901244,2.754786,2.643105,2.55947,2.498379,2.455331,2.426652
01/03/2024,01-Mar-24,3.644425,3.334003,3.089928,2.899745,2.753249,2.642078,2.559387,2.499576,2.458063,2.431107
04/03/2024,04-Mar-24,3.636536,3.324031,3.07589,2.880491,2.728223,2.611148,2.522707,2.457486,2.41102,2.379628
05/03/2024,05-Mar-24,3.611346,3.299268,3.049978,2.852363,2.697196,2.576822,2.484891,2.416139,2.366205,2.331482
06/03/2024,06-Mar-24,3.614231,3.298589,3.046736,2.84733,2.690967,2.569846,2.477508,2.408602,2.358699,2.324139
07/03/2024,07-Mar-24,3.619804,3.305517,3.053517,2.852953,2.694785,2.571487,2.476796,2.405501,2.353273,2.316515
08/03/2024,08-Mar-24,3.587111,3.250304,2.983747,2.774542,2.612066,2.487575,2.393878,2.32506,2.276263,2.2435
11/03/2024,11-Mar-24,3.597693,3.267515,3.007296,2.80395,2.646748,2.526899,2.437205,2.37177,2.325775,2.295278
12/03/2024,12-Mar-24,3.627204,3.301527,3.044008,2.842024,2.685201,2.565025,2.474503,2.4079,2.360514,2.328491
13/03/2024,13-Mar-24,3.628025,3.297955,3.039566,2.838959,2.684851,2.568078,2.481205,2.418198,2.374166,2.345143
14/03/2024,14-Mar-24,3.634722,3.314159,3.064545,2.871925,2.725002,2.614635,2.533428,2.475399,2.435713,2.410465
15/03/2024,15-Mar-24,3.655691,3.341525,3.095477,2.904404,2.757617,2.646427,2.563772,2.503914,2.462194,2.43483
18/03/2024,18-Mar-24,3.648065,3.335163,3.090775,2.901567,2.756718,2.647446,2.56663,2.508498,2.468368,2.442453
19/03/2024,19-Mar-24,3.641252,3.323124,3.073723,2.87997,2.731184,2.618649,2.535254,2.475199,2.433759,2.407086
20/03/2024,20-Mar-24,3.646271,3.329101,3.081093,2.888837,2.741442,2.630063,2.547521,2.487988,2.446741,2.419946
21/03/2024,21-Mar-24,3.643597,3.315911,3.060002,2.86199,2.710587,2.596615,2.512617,2.452533,2.411446,2.385367
22/03/2024,22-Mar-24,3.587084,3.267178,3.013541,2.814208,2.659281,2.540577,2.451333,2.385965,2.339866,2.309236
25/03/2024,25-Mar-24,3.582881,3.27633,3.033811,2.843614,2.696081,2.583252,2.498571,2.436637,2.39301,2.364038
26/03/2024,26-Mar-24,3.579159,3.276864,3.035587,2.844652,2.695161,2.579704,2.492115,2.427264,2.380888,2.349448
27/03/2024,27-Mar-24,3.568662,3.247713,2.993547,2.794001,2.639033,2.520356,2.43114,2.365754,2.31956,2.288746
28/03/2024,28-Mar-24,3.582271,3.255718,2.998722,2.798196,2.643423,2.525628,2.437633,2.373568,2.328636,2.298922
02/04/2024,02-Apr-24,3.568049,3.252148,3.006304,2.816994,2.673201,2.565954,2.487948,2.433244,2.397013,2.375336
03/04/2024,03-Apr-24,3.592068,3.273977,3.025746,2.834004,2.687838,2.578341,2.498251,2.441646,2.403707,2.38051
04/04/2024,04-Apr-24,3.590949,3.26056,3.002217,2.802137,2.64907,2.533841,2.44897,2.388363,2.347057,2.321016
05/04/2024,05-Apr-24,3.59591,3.277337,3.026326,2.83043,2.679394,2.564774,2.479622,2.418224,2.375884,2.348748
08/04/2024,08-Apr-24,3.57415,3.268876,3.030166,2.845338,2.70403,2.597779,2.519676,2.464084,2.426408,2.402902
09/04/2024,09-Apr-24,3.601991,3.286528,3.03823,2.844529,2.69512,2.581551,2.496895,2.43548,2.392661,2.364642
10/04/2024,10-Apr-24,3.617131,3.318282,3.079409,2.890368,2.742613,2.628943,2.543304,2.480609,2.436586,2.407661
11/04/2024,11-Apr-24,3.610716,3.318465,3.084877,2.900118,2.755878,2.645145,2.562007,2.501486,2.459395,2.432218
12/04/2024,12-Apr-24,3.572849,3.25778,3.006904,2.809203,2.65542,2.537784,2.449781,2.385951,2.341732,2.313311
15/04/2024,15-Apr-24,3.534568,3.242942,3.012158,2.831574,2.692283,2.586838,2.509017,2.453628,2.416344,2.393566
16/04/2024,16-Apr-24,3.549181,3.261154,3.034364,2.857913,2.722713,2.621193,2.547051,2.495051,2.460844,2.440825
17/04/2024,17-Apr-24,3.561847,3.274479,3.046987,2.868911,2.731497,2.62742,2.550559,2.495807,2.458905,2.436309
18/04/2024,18-Apr-24,3.557003,3.277115,3.055689,2.882399,2.748626,2.647188,2.572101,2.518384,2.481899,2.459212
19/04/2024,19-Apr-24,3.567711,3.300883,3.088428,2.920972,2.790656,2.690894,2.616172,2.561879,2.524161,2.499805
22/04/2024,22-Apr-24,3.553355,3.276541,3.05745,2.885943,2.753549,2.653195,2.578982,2.525997,2.490147,2.468034
23/04/2024,23-Apr-24,3.536881,3.264234,3.048582,2.879838,2.749593,2.650837,2.577736,2.52544,2.489916,2.467821
24/04/2024,24-Apr-24,3.553351,3.297319,3.094001,2.934341,2.810735,2.716801,2.647186,2.597409,2.563721,2.54299
25/04/2024,25-Apr-24,3.58181,3.336855,3.141463,2.987305,2.867354,2.775686,2.707308,2.658018,2.624287,2.603149
26/04/2024,26-Apr-24,3.563231,3.311969,3.110926,2.951698,2.827192,2.731424,2.659351,2.606728,2.569984,2.546122
29/04/2024,29-Apr-24,3.548007,3.29082,3.085338,2.922853,2.796023,2.698664,2.625572,2.572372,2.535391,2.511545
30/04/2024,30-Apr-24,3.597846,3.352461,3.154678,2.996757,2.872125,2.77521,2.701288,2.646361,2.607048,2.580491
02/05/2024,02-May-24,3.57971,3.32949,3.128692,2.96911,2.843808,2.746926,2.67352,2.61942,2.581117,2.555657
03/05/2024,03-May-24,3.525138,3.27163,3.067729,2.905301,2.777455,2.678352,2.603054,2.547385,2.507821,2.48139
06/05/2024,06-May-24,3.544632,3.286549,3.077426,2.909518,2.776218,2.671892,2.591736,2.531666,2.488205,2.458403
07/05/2024,07-May-24,3.53654,3.278492,3.068413,2.898879,2.763525,2.656904,2.574354,2.51189,2.466111,2.434117
08/05/2024,08-May-24,3.53453,3.283568,3.07955,2.915183,2.784215,2.681299,2.601859,2.541988,2.498351,2.468107
09/05/2024,09-May-24,3.536474,3.288883,3.087703,2.925758,2.796897,2.695846,2.61809,2.559768,2.517582,2.488717
10/05/2024,10-May-24,3.551177,3.304991,3.105089,2.944245,2.816278,2.7159,2.638593,2.580501,2.538337,2.509301
13/05/2024,13-May-24,3.542593,3.293867,3.09232,2.930515,2.802097,2.701646,2.624537,2.566834,2.525185,2.496744
14/05/2024,14-May-24,3.539071,3.294887,3.09752,2.939532,2.814572,2.717232,2.642902,2.587664,2.548185,2.521638
15/05/2024,15-May-24,3.533329,3.273624,3.063238,2.894367,2.760354,2.655521,2.575031,2.51477,2.471237,2.441461
16/05/2024,16-May-24,3.521313,3.267189,3.061258,2.895902,2.76462,2.661866,2.582914,2.523741,2.480927,2.451567
17/05/2024,17-May-24,3.542391,3.29654,3.097828,2.938715,2.81278,2.714558,2.639405,2.583373,2.543116,2.515796
20/05/2024,20-May-24,3.518309,3.279579,3.086903,2.932904,2.811301,2.716747,2.644694,2.591281,2.55323,2.527764
21/05/2024,21-May-24,3.512446,3.270915,3.075662,2.91931,2.795569,2.699083,2.625295,2.570331,2.530901,2.504215
22/05/2024,22-May-24,3.544875,3.304156,3.109487,2.953523,2.830008,2.733612,2.659801,2.604722,2.565104,2.538172
23/05/2024,23-May-24,3.521496,3.31305,3.141997,3.002833,2.890798,2.801774,2.732203,2.679014,2.639559,2.611558
24/05/2024,24-May-24,3.560842,3.349098,3.175022,3.033099,2.918556,2.82726,2.755637,2.7006,2.659487,2.630001
27/05/2024,27-May-24,3.515085,3.297265,3.118766,2.973739,2.857133,2.764588,2.692347,2.637175,2.596289,2.567295
28/05/2024,28-May-24,3.500283,3.287553,3.113548,2.972503,2.859435,2.770044,2.70062,2.64797,2.609341,2.582372
29/05/2024,29-May-24,3.542326,3.333978,3.164212,3.027238,2.918058,2.832362,2.766436,2.717081,2.681548,2.657476
30/05/2024,30-May-24,3.529344,3.321021,3.15226,3.016971,2.909924,2.826624,2.763217,2.716401,2.683348,2.661644
31/05/2024,31-May-24,3.549974,3.33472,3.159925,3.019348,2.907636,2.820195,2.753092,2.702957,2.666913,2.6425
03/06/2024,03-Jun-24,3.513123,3.295955,3.119678,2.977986,2.865465,2.777473,2.710031,2.659731,2.623663,2.599337
04/06/2024,04-Jun-24,3.470518,3.250268,3.071496,2.927764,2.813554,2.724138,2.655474,2.604106,2.567082,2.541887
05/06/2024,05-Jun-24,3.503648,3.273717,3.086552,2.935561,2.815089,2.720287,2.647006,2.591694,2.551317,2.523283
06/06/2024,06-Jun-24,3.483262,3.275179,3.104761,2.966437,2.855392,2.767461,2.69905,2.647055,2.608805,2.581999
07/06/2024,07-Jun-24,3.516415,3.318224,3.155513,3.023119,2.916559,2.831946,2.765915,2.71555,2.678332,2.652088
10/06/2024,10-Jun-24,3.508546,3.310329,3.149053,3.019167,2.915879,2.835053,2.773125,2.727026,2.694118,2.672134
11/06/2024,11-Jun-24,3.461846,3.259675,3.095428,2.963455,2.85887,2.777444,2.715526,2.669967,2.638052,2.617446
12/06/2024,12-Jun-24,3.459969,3.24603,3.070611,2.928154,2.813828,2.723435,2.653331,2.600358,2.561781,2.535236
13/06/2024,13-Jun-24,3.421097,3.210663,3.038371,2.898701,2.786852,2.698659,2.630505,2.579259,2.542207,2.517007
14/06/2024,14-Jun-24,3.340589,3.10787,2.9173,2.762746,2.638887,2.541109,2.465413,2.408339,2.366898,2.338506
17/06/2024,17-Jun-24,3.335328,3.115303,2.936023,2.791454,2.676369,2.586249,2.517188,2.465815,2.429222,2.404907
18/06/2024,18-Jun-24,3.343172,3.121078,2.940005,2.793862,2.677382,2.58601,2.515812,2.463395,2.425835,2.400618
19/06/2024,19-Jun-24,3.362468,3.140108,2.958203,2.810839,2.692887,2.599901,2.528031,2.473948,2.434777,2.408036
20/06/2024,20-Jun-24,3.328136,3.122241,2.953325,2.816123,2.706044,2.619089,2.551778,2.501085,2.464386,2.439401
21/06/2024,21-Jun-24,3.295049,3.083295,2.909207,2.767501,2.653558,2.563346,2.493347,2.440497,2.402127,2.375921
24/06/2024,24-Jun-24,3.332393,3.122282,2.948947,2.807333,2.693008,2.602087,2.531172,2.477289,2.437842,2.410566
25/06/2024,25-Jun-24,3.330604,3.11874,2.943255,2.799232,2.68235,2.588816,2.515301,2.45889,2.417027,2.387483
26/06/2024,26-Jun-24,3.319853,3.114903,2.945811,2.807654,2.696115,2.60741,2.538229,2.485673,2.447213,2.420642
27/06/2024,27-Jun-24,3.311599,3.111232,2.945446,2.809586,2.699556,2.611752,2.543011,2.490558,2.451957,2.425081
28/06/2024,28-Jun-24,3.299284,3.099345,2.934275,2.799371,2.69049,2.603992,2.536675,2.48573,2.448697,2.423419
01/07/2024,01-Jul-24,3.330563,3.147156,2.996397,2.873845,2.775588,2.698187,2.638624,2.594248,2.562739,2.542067
02/07/2024,02-Jul-24,3.34371,3.160267,3.008764,2.884953,2.785087,2.705858,2.644351,2.598001,2.564553,2.542028
03/07/2024,03-Jul-24,3.369579,3.182607,3.028091,2.901708,2.799645,2.718538,2.655424,2.607697,2.573066,2.549523
04/07/2024,04-Jul-24,3.348964,3.167274,3.01706,2.894133,2.794798,2.715794,2.654249,2.607636,2.573733,2.550591
05/07/2024,05-Jul-24,3.332659,3.14981,2.998377,2.874237,2.773742,2.693667,2.631165,2.583725,2.549134,2.525447
08/07/2024,08-Jul-24,3.315713,3.126893,2.971031,2.843711,2.741039,2.659583,2.596321,2.548598,2.514082,2.490727
09/07/2024,09-Jul-24,3.329254,3.141961,2.987545,2.86157,2.760125,2.679771,2.617481,2.570597,2.536789,2.514013
10/07/2024,10-Jul-24,3.344166,3.150354,2.989924,2.858445,2.751999,2.667133,2.600805,2.550335,2.51337,2.487843
11/07/2024,11-Jul-24,3.301912,3.099036,2.931546,2.79469,2.684278,2.596623,2.52848,2.477001,2.439685,2.41434
12/07/2024,12-Jul-24,3.341609,3.1379,2.969255,2.831024,2.719103,2.629871,2.560138,2.507094,2.468269,2.441495
15/07/2024,15-Jul-24,3.279544,3.076993,2.910616,2.775465,2.667189,2.581967,2.516445,2.467684,2.433114,2.410485
16/07/2024,16-Jul-24,3.28778,3.076667,2.902941,2.761478,2.647779,2.557894,2.48836,2.436147,2.398601,2.373408
17/07/2024,17-Jul-24,3.299133,3.083577,2.906526,2.762628,2.647194,2.556117,2.485807,2.433126,2.395338,2.370058
18/07/2024,18-Jul-24,3.293615,3.073571,2.89274,2.745687,2.627647,2.534446,2.462435,2.408424,2.369628,2.343624
19/07/2024,19-Jul-24,3.294564,3.082864,2.909122,2.768108,2.655231,2.566464,2.498277,2.447584,2.411686,2.388228
22/07/2024,22-Jul-24,3.288158,3.077651,2.905636,2.766677,2.656018,2.569505,2.503513,2.454882,2.420861,2.39906
23/07/2024,23-Jul-24,3.304953,3.082677,2.900898,2.753906,2.63671,2.544948,2.474812,2.422983,2.386571,2.363065
24/07/2024,24-Jul-24,3.28522,3.057034,2.871093,2.72139,2.602676,2.510372,2.440485,2.389536,2.354503,2.332762
25/07/2024,25-Jul-24,3.284032,3.049285,2.857541,2.702751,2.579621,2.483527,2.410429,2.356805,2.319586,2.296105
26/07/2024,26-Jul-24,3.25498,3.027129,2.840967,2.690625,2.570968,2.477511,2.406336,2.35403,2.317619,2.294517
29/07/2024,29-Jul-24,3.210886,2.992571,2.813751,2.668896,2.553162,2.462315,2.392658,2.340964,2.304424,2.280591
30/07/2024,30-Jul-24,3.177002,2.948173,2.761493,2.61099,2.491445,2.398307,2.327602,2.275873,2.240111,2.217705
31/07/2024,31-Jul-24,3.154906,2.923089,2.734234,2.582215,2.461685,2.367979,2.297035,2.245318,2.209758,2.18769
01/08/2024,01-Aug-24,3.162053,2.918898,2.720565,2.560673,2.43365,2.334639,2.259408,2.204274,2.166037,2.141922
02/08/2024,02-Aug-24,3.078175,2.832286,2.631919,2.470568,2.34256,2.242948,2.16743,2.112262,2.074194,2.050409
05/08/2024,05-Aug-24,3.032939,2.717423,2.482023,2.309548,2.186341,2.101552,2.046569,2.014564,2.000125,1.99897
06/08/2024,06-Aug-24,3.103197,2.761715,2.513676,2.336643,2.213442,2.130932,2.079048,2.050087,2.038151,2.038726
07/08/2024,07-Aug-24,3.139755,2.823295,2.59101,2.423584,2.306008,2.226615,2.176339,2.148137,2.136537,2.137292
08/08/2024,08-Aug-24,3.137303,2.830348,2.600431,2.431338,2.310111,2.226396,2.17193,2.140121,2.125717,2.12454
09/08/2024,09-Aug-24,3.136461,2.814375,2.574992,2.400209,2.275736,2.190291,2.134976,2.102777,2.088168,2.086803
12/08/2024,12-Aug-24,3.14305,2.817946,2.577088,2.401843,2.277545,2.192654,2.138092,2.106725,2.092953,2.092379
13/08/2024,13-Aug-24,3.121814,2.790958,2.546136,2.368226,2.2422,2.156248,2.101096,2.069466,2.055653,2.055187
14/08/2024,14-Aug-24,3.128799,2.792221,2.54437,2.365099,2.238683,2.15285,2.098029,2.066758,2.053222,2.052896
15/08/2024,15-Aug-24,3.142316,2.835789,2.60727,2.43982,2.320045,2.237351,2.183367,2.151481,2.136471,2.134221
16/08/2024,16-Aug-24,3.121903,2.81218,2.585248,2.421664,2.306469,2.228148,2.177827,2.148668,2.1354,2.133957
19/08/2024,19-Aug-24,3.125812,2.813833,2.586333,2.423223,2.309106,2.232171,2.183353,2.155694,2.143847,2.143705
20/08/2024,20-Aug-24,3.112144,2.788853,2.555853,2.390731,2.276576,2.200617,2.153197,2.127006,2.116506,2.117498
21/08/2024,21-Aug-24,3.089876,2.751117,2.513633,2.349708,2.239288,2.167814,2.124681,2.102134,2.094481,2.097532
22/08/2024,22-Aug-24,3.071043,2.742526,2.512614,2.35426,2.247887,2.179303,2.138185,2.117003,2.110239,2.113837
23/08/2024,23-Aug-24,3.082056,2.769101,2.542322,2.381169,2.269869,2.196313,2.151204,2.127401,2.119422,2.123056
26/08/2024,26-Aug-24,3.083988,2.762068,2.531445,2.369541,2.25925,2.187601,2.144755,2.123246,2.117406,2.122934
27/08/2024,27-Aug-24,3.091056,2.778236,2.552332,2.392613,2.283152,2.211712,2.16889,2.147464,2.141886,2.147898
28/08/2024,28-Aug-24,3.063462,2.739906,2.51191,2.354506,2.249189,2.182225,2.143405,2.125128,2.12173,2.128984
29/08/2024,29-Aug-24,3.041668,2.703159,2.472209,2.318048,2.218758,2.158665,2.12653,2.114257,2.115997,2.127507
30/08/2024,30-Aug-24,3.056212,2.739156,2.514642,2.359146,2.255013,2.188983,2.151092,2.133844,2.1316,2.140116
02/09/2024,02-Sept-24,3.070333,2.764461,2.548044,2.398418,2.298559,2.235665,2.200103,2.184617,2.183741,2.193353
03/09/2024,03-Sept-24,3.087556,2.768436,2.540607,2.381162,2.272847,2.202656,2.160778,2.139804,2.134139,2.139555
04/09/2024,04-Sept-24,3.088246,2.74958,2.507388,2.337578,2.221964,2.146811,2.101741,2.078909,2.072381,2.077672
05/09/2024,05-Sept-24,3.053445,2.678824,2.42756,2.262324,2.157203,2.094142,2.060503,2.047403,2.048567,2.05954
06/09/2024,06-Sept-24,3.04692,2.699048,2.452309,2.281246,2.166645,2.094001,2.052365,2.033473,2.031093,2.040526
09/09/2024,09-Sept-24,3.046047,2.662208,2.40093,2.227216,2.115998,2.049292,2.014177,2.001351,2.004111,2.017615
10/09/2024,10-Sept-24,3.044532,2.651016,2.386798,2.213327,2.103576,2.038541,2.004826,1.992958,1.99622,2.00983
11/09/2024,11-Sept-24,3.049275,2.608232,2.321535,2.139024,2.027029,1.962855,1.931127,1.921381,1.926449,1.9414
12/09/2024,12-Sept-24,3.039436,2.627828,2.353916,2.175485,2.063348,1.997266,1.963147,1.951145,1.954353,1.967903
13/09/2024,13-Sept-24,3.030422,2.601878,2.331195,2.162937,2.061851,2.005245,1.97833,1.971337,1.977724,1.993052
16/09/2024,16-Sept-24,3.025999,2.614575,2.347841,2.177791,2.072824,2.011952,1.981109,1.970772,1.97443,1.987584
17/09/2024,17-Sept-24,3.004749,2.584267,2.322011,2.160742,2.064753,2.011456,1.986355,1.980003,1.986149,2.000589
18/09/2024,18-Sept-24,3.011765,2.615039,2.362811,2.20508,2.109784,2.056118,2.030416,2.023582,2.029486,2.043941
19/09/2024,19-Sept-24,2.98675,2.59685,2.347787,2.191558,2.097105,2.04411,2.019126,2.01314,2.020042,2.035633
20/09/2024,20-Sept-24,3.006091,2.620698,2.369699,2.209951,2.112388,2.057324,2.03134,2.025236,2.032657,2.049184
23/09/2024,23-Sept-24,2.971153,2.569539,2.312095,2.151141,2.05502,2.002597,1.979671,1.976638,1.986957,2.006137
24/09/2024,24-Sept-24,2.940167,2.525922,2.25996,2.09433,1.99664,1.944942,1.924312,1.924562,1.938711,1.961957
25/09/2024,25-Sept-24,2.917138,2.507207,2.252071,2.097419,2.008453,1.962683,1.945444,1.947073,1.961136,1.983303
26/09/2024,26-Sept-24,2.875929,2.454619,2.195966,2.041618,1.954614,1.911348,1.896606,1.900486,1.916471,1.940227
27/09/2024,27-Sept-24,2.851985,2.416649,2.159575,2.011994,1.932489,1.895782,1.88622,1.893958,1.9127,1.938349
30/09/2024,30-Sept-24,2.834693,2.434119,2.184941,2.034284,1.948121,1.904386,1.88865,1.891394,1.906274,1.929023
01/10/2024,01-Oct-24,2.809125,2.377462,2.106147,1.945625,1.856972,1.813945,1.799778,1.803909,1.819661,1.842748
02/10/2024,02-Oct-24,2.813084,2.40272,2.150742,2.000726,1.916751,1.875765,1.86285,1.86826,1.885565,1.910474
03/10/2024,03-Oct-24,2.827448,2.409852,2.162717,2.021289,1.946008,1.912499,1.905565,1.915592,1.9364,1.963948
04/10/2024,04-Oct-24,2.833029,2.466545,2.239208,2.102201,2.024375,1.985619,1.972787,1.977179,1.992959,2.016164
07/10/2024,07-Oct-24,2.816053,2.491458,2.284989,2.157613,2.083533,2.045545,2.032057,2.035186,2.049512,2.071276
08/10/2024,08-Oct-24,2.826464,2.508116,2.303729,2.176372,2.101385,2.062158,2.047404,2.049375,2.062709,2.083655
09/10/2024,09-Oct-24,2.82644,2.510636,2.305762,2.176828,2.100061,2.059212,2.043098,2.043969,2.056417,2.076642
10/10/2024,10-Oct-24,2.824281,2.51476,2.314402,2.188483,2.11359,2.073804,2.058214,2.059272,2.071712,2.091831
11/10/2024,11-Oct-24,2.820826,2.513112,2.315187,2.192021,2.119971,2.08296,2.069978,2.073424,2.088011,2.110031
14/10/2024,14-Oct-24,2.807588,2.499533,2.301328,2.178424,2.107197,2.071425,2.059914,2.064903,2.080984,2.104371
15/10/2024,15-Oct-24,2.822351,2.48721,2.27669,2.148049,2.073648,2.035425,2.021448,2.023741,2.036911,2.057267
16/10/2024,16-Oct-24,2.807316,2.460413,2.241608,2.107501,2.029693,1.989465,1.974377,1.976097,1.988988,2.009205
17/10/2024,17-Oct-24,2.790746,2.447468,2.232069,2.101163,2.02636,1.988949,1.976503,1.980699,1.995914,2.018316
18/10/2024,18-Oct-24,2.744861,2.379698,2.160195,2.03288,1.964405,1.933754,1.927532,1.937095,1.956794,1.982889
21/10/2024,21-Oct-24,2.745412,2.435888,2.24229,2.125469,2.059861,2.0286,2.020441,2.027803,2.045522,2.070037
22/10/2024,22-Oct-24,2.705442,2.419912,2.238352,2.127353,2.064469,2.034502,2.027064,2.035,2.053332,2.078573
23/10/2024,23-Oct-24,2.673661,2.365805,2.182024,2.077846,2.025174,2.006038,2.008793,2.025793,2.051954,2.083848
24/10/2024,24-Oct-24,2.670537,2.358269,2.169595,2.060491,2.003068,1.979442,1.978001,1.991106,2.013664,2.042237
25/10/2024,25-Oct-24,2.683044,2.37824,2.194711,2.089105,2.034009,2.011871,2.011311,2.02485,2.047508,2.075927
28/10/2024,28-Oct-24,2.650393,2.333202,2.148934,2.047174,1.997198,1.980009,1.983685,2.000623,2.025896,2.056262
29/10/2024,29-Oct-24,2.633087,2.349013,2.182629,2.090538,2.045791,2.031428,2.03662,2.054353,2.080018,2.110541
30/10/2024,30-Oct-24,2.659508,2.400259,2.24783,2.163133,2.12176,2.108273,2.112771,2.128814,2.152157,2.179965
31/10/2024,31-Oct-24,2.713882,2.473266,2.32728,2.243313,2.200211,2.184111,2.185832,2.199229,2.22015,2.245757
01/11/2024,01-Nov-24,2.666486,2.424941,2.278867,2.195256,2.152746,2.137368,2.139893,2.154154,2.175989,2.202558
04/11/2024,04-Nov-24,2.690175,2.453064,2.307218,2.222118,2.177547,2.160018,2.160471,2.172776,2.192753,2.217533
05/11/2024,05-Nov-24,2.707504,2.462326,2.3128,2.226364,2.181658,2.164571,2.165708,2.178765,2.199476,2.224936
06/11/2024,06-Nov-24,2.638518,2.385968,2.236846,2.154986,2.116896,2.107231,2.115905,2.136251,2.163829,2.195667
07/11/2024,07-Nov-24,2.653649,2.393088,2.240712,2.158028,2.120285,2.11147,2.121159,2.142519,2.171039,2.203723
08/11/2024,08-Nov-24,2.655878,2.391662,2.235345,2.148557,2.106676,2.093796,2.099569,2.117208,2.142227,2.17164
11/11/2024,11-Nov-24,2.677395,2.371344,2.194308,2.098694,2.054468,2.042585,2.050907,2.071654,2.09981,2.132123
12/11/2024,12-Nov-24,2.668684,2.347443,2.165085,2.069272,2.027278,2.018564,2.03019,2.053969,2.084703,2.119074
13/11/2024,13-Nov-24,2.678547,2.362775,2.187705,2.098588,2.061962,2.05726,2.071759,2.09754,2.12964,2.164927
14/11/2024,14-Nov-24,2.637783,2.318557,2.148275,2.064943,2.032732,2.030694,2.046416,2.072431,2.104184,2.138849
15/11/2024,15-Nov-24,2.635951,2.328779,2.16697,2.087979,2.057055,2.054439,2.068615,2.0927,2.122477,2.155301
18/11/2024,18-Nov-24,2.668301,2.381145,2.222101,2.139601,2.103465,2.095703,2.105376,2.125708,2.152411,2.182729
19/11/2024,19-Nov-24,2.63169,2.349061,2.187034,2.100254,2.060605,2.050507,2.058871,2.078633,2.105248,2.135762
20/11/2024,20-Nov-24,2.631776,2.346566,2.186443,2.102841,2.06634,2.05892,2.069418,2.090828,2.118698,2.150163
21/11/2024,21-Nov-24,2.616575,2.322616,2.153471,2.062653,2.021049,2.01032,2.01884,2.039184,2.066582,2.097941
22/11/2024,22-Nov-24,2.53808,2.230996,2.070087,1.991746,1.960971,1.95805,1.971599,1.994874,2.023769,2.055724
25/11/2024,25-Nov-24,2.537056,2.226617,2.056035,1.968808,1.931535,1.924281,1.935025,1.956428,1.983956,2.014768
26/11/2024,26-Nov-24,2.531338,2.249942,2.091569,2.00734,1.968334,1.957178,1.96326,1.979979,2.003153,2.030084
27/11/2024,27-Nov-24,2.547969,2.256001,2.085794,1.992106,1.946586,1.931365,1.935107,1.95057,1.973093,1.999658
28/11/2024,28-Nov-24,2.523385,2.231199,2.063435,1.971645,1.926674,1.910768,1.912971,1.926424,1.94677,1.971195
29/11/2024,29-Nov-24,2.495848,2.184527,2.007327,1.912008,1.866878,1.852568,1.857142,1.873177,1.896011,1.922683
02/12/2024,02-Dec-24,2.491374,2.16104,1.965618,1.856446,1.802265,1.782956,1.785547,1.801659,1.825868,1.854659
03/12/2024,03-Dec-24,2.463444,2.14671,1.969587,1.875328,1.830675,1.815926,1.819266,1.833513,1.854232,1.878646
04/12/2024,04-Dec-24,2.484196,2.165554,1.993381,1.904311,1.863378,1.850856,1.855334,1.870041,1.89085,1.915178
05/12/2024,05-Dec-24,2.509332,2.219472,2.053734,1.96308,1.91837,1.902038,1.903331,1.915555,1.934471,1.957351
06/12/2024,06-Dec-24,2.490124,2.216867,2.054823,1.962286,1.913612,1.892846,1.889924,1.898411,1.914131,1.934338
09/12/2024,09-Dec-24,2.469652,2.203324,2.041967,1.948871,1.900225,1.88051,1.879552,1.890646,1.909342,1.932671
10/12/2024,10-Dec-24,2.428752,2.196564,2.042204,1.944442,1.887607,1.86014,1.853521,1.86148,1.879409,1.903931
11/12/2024,11-Dec-24,2.412591,2.167215,2.009656,1.914038,1.86187,1.83994,1.838812,1.851754,1.873966,1.902034
12/12/2024,12-Dec-24,2.394935,2.174926,2.042438,1.967267,1.929823,1.917278,1.921147,1.935761,1.957292,1.98313
13/12/2024,13-Dec-24,2.423821,2.214439,2.080224,1.999734,1.957413,1.941976,1.945238,1.96127,1.985779,2.015664
16/12/2024,16-Dec-24,2.373906,2.193693,2.074489,2.000606,1.960165,1.944178,1.945853,1.960065,1.982956,2.011627
17/12/2024,17-Dec-24,2.369735,2.177616,2.05638,1.98518,1.949125,1.937565,1.942882,1.959622,1.983879,2.012861
18/12/2024,18-Dec-24,2.415686,2.184282,2.04882,1.975952,1.94387,1.938242,1.949605,1.97168,2.00028,2.0326
19/12/2024,19-Dec-24,2.43456,2.207126,2.079068,2.013755,1.98817,1.987716,2.003043,2.028104,2.058946,2.092963
20/12/2024,20-Dec-24,2.426582,2.172129,2.031133,1.960729,1.934257,1.935027,1.952517,1.980044,2.013329,2.049615
23/12/2024,23-Dec-24,2.447799,2.201549,2.065543,1.997799,1.972427,1.973317,1.990351,2.017113,2.049489,2.084822
24/12/2024,24-Dec-24,2.46788,2.211694,2.071984,2.003148,1.977648,1.978672,1.995834,2.022633,2.054954,2.090155
27/12/2024,27-Dec-24,2.445128,2.18854,2.062062,2.007697,1.993995,2.003492,2.026231,2.056389,2.090466,2.12631
30/12/2024,30-Dec-24,2.401606,2.178646,2.063073,2.011151,1.997247,2.006105,2.028502,2.058767,2.093356,2.130018
02/01/2025,02-Jan-25,2.425927,2.191738,2.066626,2.00762,1.988808,1.994412,2.01472,2.043686,2.0775,2.113736
03/01/2025,03-Jan-25,2.43877,2.252722,2.144776,2.088659,2.066871,2.067695,2.083246,2.108186,2.138885,2.172863
06/01/2025,06-Jan-25,2.502272,2.322421,2.216221,2.15957,2.136183,2.135005,2.148493,2.171474,2.20039,2.232778
07/01/2025,07-Jan-25,2.497428,2.275045,2.15752,2.1033,2.087591,2.09537,2.117379,2.147822,2.18301,2.220565
08/01/2025,08-Jan-25,2.558065,2.340401,2.212717,2.149094,2.127479,2.132327,2.153405,2.184149,2.220371,2.259386
09/01/2025,09-Jan-25,2.536812,2.335359,2.221444,2.164683,2.145143,2.149679,2.169579,2.19904,2.234175,2.272372
10/01/2025,10-Jan-25,2.528345,2.361439,2.266921,2.220215,2.205084,2.210714,2.229845,2.257564,2.290523,2.326424
13/01/2025,13-Jan-25,2.541135,2.379127,2.288259,2.244226,2.231017,2.237996,2.258039,2.286336,2.319618,2.355645
14/01/2025,14-Jan-25,2.517301,2.378536,2.302802,2.268609,2.261749,2.27276,2.295285,2.325026,2.359054,2.395365
15/01/2025,15-Jan-25,2.493635,2.338281,2.24753,2.20124,2.185331,2.189956,2.208221,2.2353,2.267815,2.303405
16/01/2025,16-Jan-25,2.494026,2.363596,2.281653,2.235735,2.216348,2.216273,2.230028,2.25346,2.283431,2.31758
17/01/2025,17-Jan-25,2.494952,2.352934,2.26088,2.206434,2.18006,2.174403,2.183808,2.203934,2.231459,2.263853
20/01/2025,20-Jan-25,2.482274,2.343713,2.255966,2.205737,2.182985,2.18014,2.191498,2.212774,2.240754,2.273036
21/01/2025,21-Jan-25,2.460968,2.312807,2.223008,2.174784,2.15593,2.157578,2.173291,2.198402,2.229537,2.264263
22/01/2025,22-Jan-25,2.460968,2.312807,2.223008,2.174784,2.15593,2.157578,2.173291,2.198402,2.229537,2.264263
23/01/2025,23-Jan-25,2.407086,2.285534,2.218294,2.187577,2.181365,2.191481,2.212327,2.240044,2.271958,2.306205
24/01/2025,24-Jan-25,2.440818,2.331829,2.269658,2.240114,2.233164,2.241706,2.2607,2.286566,2.316755,2.349448
27/01/2025,27-Jan-25,2.422927,2.30664,2.237315,2.201669,2.18999,2.195172,2.212018,2.236727,2.266525,2.299387
28/01/2025,28-Jan-25,2.415412,2.302106,2.235466,2.202165,2.192498,2.199393,2.217696,2.24365,2.274517,2.308307
29/01/2025,29-Jan-25,2.414961,2.295566,2.227596,2.194852,2.18618,2.193851,2.212484,2.238305,2.268659,2.30167
30/01/2025,30-Jan-25,2.326975,2.213222,2.151182,2.124084,2.120513,2.13265,2.155115,2.18418,2.217252,2.25252
31/01/2025,31-Jan-25,2.325184,2.165262,2.085961,2.055215,2.053872,2.070316,2.097392,2.13062,2.167155,2.205164
03/02/2025,03-Feb-25,2.275786,2.106054,2.021122,1.987237,1.984016,1.999139,2.025094,2.057251,2.092714,2.129644
04/02/2025,04-Feb-25,2.263225,2.095995,2.021194,1.997457,2.002352,2.023396,2.053456,2.088341,2.125527,2.163463
05/02/2025,05-Feb-25,2.262571,2.105582,2.028742,1.998827,1.996657,2.010951,2.034937,2.064469,2.096961,2.130769
06/02/2025,06-Feb-25,2.263615,2.111537,2.036099,2.006137,2.003385,2.016953,2.040234,2.069143,2.101112,2.1345
07/02/2025,07-Feb-25,2.280757,2.127587,2.046652,2.013559,2.01037,2.025297,2.050917,2.082611,2.117498,2.153762
10/02/2025,10-Feb-25,2.259428,2.105263,2.017835,1.975839,1.964475,1.97347,1.995703,2.02624,2.061677,2.099669
11/02/2025,11-Feb-25,2.271277,2.128366,2.053018,2.021654,2.018709,2.033884,2.060348,2.093566,2.130522,2.169208
12/02/2025,12-Feb-25,2.287423,2.160531,2.096782,2.073194,2.075008,2.092729,2.120219,2.153479,2.189892,2.227726
13/02/2025,13-Feb-25,2.277231,2.140866,2.067202,2.034975,2.029952,2.042578,2.066426,2.097161,2.131857,2.168534
14/02/2025,14-Feb-25,2.278935,2.164339,2.096528,2.062499,2.052638,2.059839,2.078858,2.105833,2.137924,2.173053
17/02/2025,17-Feb-25,2.264002,2.157156,2.100327,2.077311,2.077031,2.091881,2.116614,2.1476,2.182315,2.219004
18/02/2025,18-Feb-25,2.253533,2.147507,2.093653,2.074171,2.077253,2.09501,2.122129,2.155011,2.191199,2.22901
19/02/2025,19-Feb-25,2.260284,2.181735,2.14175,2.128572,2.133898,2.151842,2.178215,2.210024,2.245126,2.281986
20/02/2025,20-Feb-25,2.22481,2.152078,2.116294,2.106224,2.113912,2.133698,2.161546,2.194566,2.230689,2.268429
21/02/2025,21-Feb-25,2.211504,2.110864,2.060194,2.042707,2.047159,2.065966,2.093979,2.127678,2.164646,2.203213
24/02/2025,24-Feb-25,2.208882,2.101186,2.046359,2.026743,2.030399,2.049246,2.077801,2.112329,2.150276,2.189894
25/02/2025,25-Feb-25,2.205114,2.091891,2.035202,2.015339,2.019381,2.038797,2.06791,2.102916,2.141249,2.181168
26/02/2025,26-Feb-25,2.186328,2.085508,2.033555,2.01443,2.017246,2.034577,2.061334,2.094008,2.130174,2.168146
27/02/2025,27-Feb-25,2.186473,2.083007,2.022105,1.992753,1.986547,1.997089,2.019513,2.05013,2.086152,2.125482
28/02/2025,28-Feb-25,2.164103,2.061822,2.002466,1.974536,1.969387,1.980531,2.003103,2.033467,2.068908,2.107409
03/03/2025,03-Mar-25,2.207667,2.109343,2.054762,2.031895,2.031788,2.047779,2.07492,2.109541,2.14893,2.191083
04/03/2025,04-Mar-25,2.197556,2.077907,2.007804,1.974312,1.9676,1.980209,2.006488,2.042173,2.084051,2.129716
05/03/2025,05-Mar-25,2.222229,2.158225,2.136241,2.142078,2.166123,2.201834,2.244739,2.291766,2.340799,2.390381
06/03/2025,06-Mar-25,2.247472,2.206528,2.203956,2.22593,2.263292,2.309937,2.361783,2.41609,2.471016,2.52533
07/03/2025,07-Mar-25,2.238775,2.180137,2.166091,2.180224,2.211904,2.2542,2.302566,2.354004,2.406527,2.458822
10/03/2025,10-Mar-25,2.245754,2.166466,2.140131,2.147868,2.177122,2.219541,2.26957,2.323523,2.378959,2.434273
11/03/2025,11-Mar-25,2.250988,2.16138,2.135372,2.14848,2.18511,2.23533,2.292813,2.353542,2.414972,2.47551
12/03/2025,12-Mar-25,2.249955,2.177108,2.160168,2.177076,2.21412,2.262728,2.31751,2.375059,2.433219,2.490622
13/03/2025,13-Mar-25,2.227909,2.147575,2.125984,2.141602,2.1792,2.229055,2.285195,2.343991,2.403243,2.461608
14/03/2025,14-Mar-25,2.237439,2.180995,2.162823,2.171968,2.200254,2.241593,2.291466,2.346534,2.404343,2.463105
17/03/2025,17-Mar-25,2.202602,2.144016,2.12848,2.142413,2.175263,2.219598,2.270412,2.32441,2.379445,2.434126
18/03/2025,18-Mar-25,2.189639,2.148314,2.144451,2.164972,2.201013,2.246586,2.297652,2.351488,2.406257,2.460726
19/03/2025,19-Mar-25,2.204854,2.144352,2.125252,2.137318,2.169685,2.214199,2.265379,2.319693,2.374913,2.429634
20/03/2025,20-Mar-25,2.170649,2.107893,2.093779,2.109794,2.144135,2.189252,2.240291,2.294124,2.348731,2.402813
21/03/2025,21-Mar-25,2.181518,2.125714,2.104105,2.107827,2.13001,2.165348,2.209755,2.260096,2.313981,2.369599
24/03/2025,24-Mar-25,2.163533,2.113413,2.096251,2.103527,2.12862,2.166398,2.212898,2.265072,2.320588,2.377675
25/03/2025,25-Mar-25,2.164677,2.118166,2.103758,2.113129,2.139809,2.178782,2.226176,2.279011,2.335011,2.392447
26/03/2025,26-Mar-25,2.150408,2.091401,2.074433,2.086419,2.117947,2.162261,2.21453,2.271312,2.330171,2.389397
27/03/2025,27-Mar-25,2.13573,2.066313,2.041905,2.049154,2.078243,2.121973,2.175087,2.233766,2.29525,2.357566
28/03/2025,28-Mar-25,2.128331,2.053303,2.021607,2.021332,2.043464,2.081202,2.129434,2.184332,2.24305,2.303487
31/03/2025,31-Mar-25,2.116845,2.034715,1.998188,1.994685,2.014713,2.051125,2.098563,2.153026,2.211546,2.271935
01/04/2025,01-Apr-25,2.14811,2.051478,2.004988,1.9947,2.010138,2.04345,2.088777,2.141763,2.19919,2.258702
02/04/2025,02-Apr-25,2.137595,2.040697,1.996504,1.989506,2.00832,2.044614,2.092313,2.147008,2.205521,2.265577
03/04/2025,03-Apr-25,2.129906,2.019106,1.961915,1.9439,1.95411,1.984258,2.028098,2.08094,2.139281,2.200526
04/04/2025,04-Apr-25,2.088007,1.936384,1.853976,1.821522,1.824617,1.85252,1.89725,1.952908,2.015159,2.08084
07/04/2025,07-Apr-25,2.06569,1.90291,1.817869,1.787863,1.796215,1.830718,1.882473,1.945028,2.013738,2.085286
08/04/2025,08-Apr-25,2.065831,1.968456,1.918744,1.904877,1.917597,1.949675,1.995481,2.050652,2.111824,2.176419
09/04/2025,09-Apr-25,1.985753,1.839775,1.769006,1.75084,1.768831,1.811057,1.868915,1.936232,2.008613,2.082959
10/04/2025,10-Apr-25,2.034229,1.910133,1.848452,1.831371,1.845655,1.881499,1.931671,1.99086,2.055195,2.121877
11/04/2025,11-Apr-25,1.875316,1.770494,1.728855,1.730016,1.759573,1.807385,1.866343,1.931494,1.999418,2.067778
14/04/2025,14-Apr-25,1.9247,1.787226,1.736485,1.739126,1.773816,1.82696,1.88994,1.957339,2.025784,2.093216
15/04/2025,15-Apr-25,1.863133,1.794287,1.768841,1.774744,1.802888,1.846414,1.900172,1.960318,2.023996,2.089106
16/04/2025,16-Apr-25,1.864612,1.768822,1.729273,1.72905,1.755808,1.800568,1.85683,1.919912,1.986464,2.054117
17/04/2025,17-Apr-25,1.854912,1.751719,1.707654,1.704638,1.729616,1.773183,1.828599,1.891051,1.95713,2.024444
22/04/2025,22-Apr-25,1.858667,1.731153,1.677058,1.671873,1.698618,1.745576,1.804695,1.870481,1.939215,2.008411
23/04/2025,23-Apr-25,1.863283,1.775163,1.740643,1.74335,1.771428,1.816324,1.871886,1.933716,1.99869,2.06461
24/04/2025,24-Apr-25,1.850625,1.734314,1.683596,1.677761,1.702072,1.746079,1.802403,1.865862,1.932847,2.000869
25/04/2025,25-Apr-25,1.923425,1.791844,1.72987,1.715781,1.734066,1.773686,1.826818,1.88795,1.953225,2.019972
28/04/2025,28-Apr-25,1.891179,1.789007,1.742751,1.736322,1.757795,1.798355,1.851512,1.912512,1.977892,2.045154
29/04/2025,29-Apr-25,1.874456,1.790491,1.751203,1.74515,1.763458,1.799266,1.847287,1.903464,1.9647,2.028648
30/04/2025,30-Apr-25,1.822004,1.739963,1.70306,1.699506,1.720215,1.758209,1.808141,1.865939,1.928516,1.993545
02/05/2025,02-May-25,1.851261,1.781027,1.750751,1.750369,1.772019,1.80958,1.858299,1.914501,1.975362,2.038723
05/05/2025,05-May-25,1.851999,1.774443,1.741696,1.741831,1.76572,1.806397,1.858563,1.918204,1.9823,2.04859
06/05/2025,06-May-25,1.876058,1.800553,1.767902,1.767182,1.7899,1.82947,1.880802,1.93998,2.004005,2.070597
07/05/2025,07-May-25,1.878,1.785108,1.740664,1.732011,1.749414,1.78541,1.834295,1.891729,1.954427,2.019919
08/05/2025,08-May-25,1.88992,1.793278,1.748515,1.741359,1.761047,1.799486,1.85061,1.909895,1.973984,2.040405
09/05/2025,09-May-25,1.891745,1.808436,1.773487,1.773599,1.798712,1.841243,1.895493,1.957201,2.023197,2.091144
12/05/2025,12-May-25,1.925418,1.872284,1.859439,1.87978,1.921506,1.975566,2.036053,2.099307,2.163097,2.226062
13/05/2025,13-May-25,1.913091,1.869112,1.858092,1.878896,1.921273,1.976418,2.038338,2.103247,2.168805,2.233577
14/05/2025,14-May-25,1.93085,1.878477,1.868344,1.88735,1.926038,1.977598,2.03714,2.101171,2.16721,2.233507
15/05/2025,15-May-25,1.945551,1.879248,1.857605,1.867499,1.899255,1.94576,2.001802,2.063577,2.128329,2.194072
16/05/2025,16-May-25,1.907636,1.846814,1.8269,1.836216,1.866051,1.909926,1.963035,2.02183,2.083705,2.146761
19/05/2025,19-May-25,1.916727,1.83485,1.806503,1.814595,1.847017,1.895211,1.95315,2.016607,2.082639,2.149214
20/05/2025,20-May-25,1.884026,1.838205,1.826625,1.840295,1.872271,1.917209,1.971005,2.030525,2.093382,2.157774
21/05/2025,21-May-25,1.890789,1.83782,1.825843,1.842579,1.879051,1.928712,1.986799,2.04986,2.11541,2.181669
22/05/2025,22-May-25,1.900732,1.829845,1.808851,1.822123,1.858484,1.909957,1.970865,2.037189,2.106097,2.175613
23/05/2025,23-May-25,1.872592,1.770699,1.73323,1.738681,1.772176,1.82345,1.88545,1.953349,2.023871,2.09481
26/05/2025,26-May-25,1.829141,1.778856,1.765564,1.779264,1.812322,1.858923,1.914652,1.976175,2.040982,2.1072
27/05/2025,27-May-25,1.820346,1.771324,1.759649,1.774695,1.808511,1.855167,1.910251,1.970495,2.033489,2.097474
28/05/2025,28-May-25,1.85519,1.800287,1.784191,1.795896,1.827172,1.87188,1.925459,1.984526,2.046592,2.109836
29/05/2025,29-May-25,1.827082,1.776474,1.761463,1.772463,1.802156,1.844969,1.896674,1.954071,2.014754,2.076924
30/05/2025,30-May-25,1.825113,1.77983,1.767965,1.780578,1.810829,1.853493,1.904593,1.961114,2.020778,2.081878
02/06/2025,02-Jun-25,1.855739,1.812358,1.798553,1.80727,1.832895,1.870966,1.917954,1.971072,2.02813,2.087418
03/06/2025,03-Jun-25,1.839683,1.778721,1.755847,1.760971,1.786365,1.826121,1.875737,1.931799,1.991724,2.053577
04/06/2025,04-Jun-25,1.817791,1.782324,1.776822,1.793406,1.82599,1.869889,1.921506,1.978088,2.037542,2.098284
05/06/2025,05-Jun-25,1.802324,1.784193,1.794389,1.825086,1.869522,1.922547,1.98047,2.040728,2.101578,2.161846
06/06/2025,06-Jun-25,1.850097,1.832492,1.838603,1.862224,1.898527,1.943763,1.995033,2.050102,2.107257,2.165193
09/06/2025,09-Jun-25,1.84564,1.828099,1.833494,1.8562,1.891742,1.936566,1.987862,2.043413,2.101481,2.160712
10/06/2025,10-Jun-25,1.839498,1.816057,1.815961,1.833651,1.864671,1.905457,1.953166,2.005541,2.060796,2.11753
11/06/2025,11-Jun-25,1.816231,1.783438,1.783131,1.805473,1.843286,1.891342,1.94584,2.004027,2.06392,2.124097
12/06/2025,12-Jun-25,1.814724,1.784006,1.780905,1.798017,1.829676,1.871553,1.920352,1.973565,2.029299,2.086127
13/06/2025,13-Jun-25,1.821133,1.80862,1.814325,1.834345,1.86544,1.904928,1.9506,2.000635,2.053545,2.108117
16/06/2025,16-Jun-25,1.824534,1.80804,1.811723,1.83114,1.862637,1.903213,1.950413,2.002236,2.057056,2.113563
17/06/2025,17-Jun-25,1.818711,1.813571,1.825254,1.84999,1.884683,1.926799,1.974272,2.025417,2.078872,2.133539
18/06/2025,18-Jun-25,1.819427,1.806205,1.812552,1.833906,1.866582,1.907606,1.954588,2.005611,2.059146,2.113982
19/06/2025,19-Jun-25,1.816506,1.801105,1.806263,1.827133,1.859811,1.901165,1.948682,2.000361,2.054609,2.110168
20/06/2025,20-Jun-25,1.826164,1.810897,1.815734,1.836071,1.868168,1.908992,1.956097,2.007509,2.061647,2.117252
23/06/2025,23-Jun-25,1.859502,1.840177,1.839997,1.854983,1.881818,1.917747,1.960486,2.008148,2.059179,2.112309
24/06/2025,24-Jun-25,1.861404,1.834352,1.832066,1.848611,1.879247,1.9202,1.968475,2.021701,2.078012,2.135946
25/06/2025,25-Jun-25,1.837958,1.822442,1.828494,1.850972,1.885749,1.929522,1.979657,2.034058,2.091067,2.14938
26/06/2025,26-Jun-25,1.828293,1.800327,1.798674,1.81688,1.849835,1.893499,1.944688,2.000904,2.060194,2.121039
27/06/2025,27-Jun-25,1.842563,1.820743,1.823795,1.845537,1.881081,1.926569,1.978971,2.035912,2.095539,2.156419
30/06/2025,30-Jun-25,1.840363,1.819052,1.822657,1.8449,1.880835,1.926575,1.979077,2.035968,2.095403,2.15596
01/07/2025,01-Jul-25,1.829201,1.802286,1.802983,1.823981,1.859631,1.905575,1.958465,2.015741,2.07545,2.136116
02/07/2025,02-Jul-25,1.836335,1.814547,1.821222,1.848381,1.889973,1.941423,1.999283,2.060964,2.124535,2.188565
03/07/2025,03-Jul-25,1.815427,1.799928,1.808456,1.834821,1.874174,1.922722,1.977513,2.036253,2.097176,2.158923
04/07/2025,04-Jul-25,1.828018,1.793273,1.788527,1.805947,1.839465,1.884393,1.937117,1.994866,2.055524,2.117486
07/07/2025,07-Jul-25,1.821283,1.799612,1.805031,1.83027,1.869729,1.919106,1.975106,2.035215,2.097527,2.160604
08/07/2025,08-Jul-25,1.829648,1.822153,1.836252,1.866537,1.908716,1.959391,2.015881,2.076078,2.138335,2.201373
09/07/2025,09-Jul-25,1.819974,1.805801,1.81714,1.847033,1.890141,1.942375,2.000619,2.062501,2.126231,2.190462
10/07/2025,10-Jul-25,1.813338,1.812078,1.831943,1.867288,1.913722,1.967839,2.027007,2.089196,2.152853,2.216798
11/07/2025,11-Jul-25,1.838533,1.844428,1.867345,1.903209,1.948717,2.001199,2.058508,2.118917,2.181051,2.243817
14/07/2025,14-Jul-25,1.807431,1.808961,1.831714,1.869946,1.919201,1.976032,2.037777,2.102396,2.168329,2.234396
15/07/2025,15-Jul-25,1.811048,1.795891,1.808715,1.84132,1.887587,1.942961,2.004065,2.068405,2.134149,2.199962
16/07/2025,16-Jul-25,1.82499,1.797799,1.802976,1.830995,1.874792,1.929139,1.990182,2.055089,2.121795,2.188804
17/07/2025,17-Jul-25,1.802657,1.78721,1.797682,1.827158,1.870291,1.922956,1.981982,2.044941,2.109987,2.17572
18/07/2025,18-Jul-25,1.808315,1.79685,1.810361,1.84214,1.887005,1.940959,2.000934,2.06458,2.130111,2.196176
21/07/2025,21-Jul-25,1.808582,1.786557,1.788898,1.809832,1.844727,1.889879,1.94233,1.999734,2.06023,2.122358
22/07/2025,22-Jul-25,1.820274,1.787928,1.782891,1.798647,1.829998,1.872809,1.923795,1.980362,2.040466,2.102507
23/07/2025,23-Jul-25,1.814331,1.778267,1.773016,1.790538,1.824612,1.870439,1.924329,1.983452,2.045651,2.109291
24/07/2025,24-Jul-25,1.843699,1.84047,1.855957,1.885815,1.926511,1.975178,2.0295,2.087612,2.148018,2.209524
25/07/2025,25-Jul-25,1.877464,1.877397,1.895221,1.926764,1.968632,2.018072,2.072855,2.131187,2.191629,2.253032
28/07/2025,28-Jul-25,1.859609,1.847514,1.857546,1.884325,1.923556,1.971817,2.02639,2.085125,2.146329,2.208676
29/07/2025,29-Jul-25,1.860157,1.859487,1.876712,1.907673,1.948981,1.997888,2.052167,2.110026,2.170026,2.231018
30/07/2025,30-Jul-25,1.880375,1.880284,1.897643,1.928412,1.969295,2.017616,2.071205,2.128309,2.18752,2.247713
31/07/2025,31-Jul-25,1.893986,1.891605,1.90709,1.936225,1.975597,2.022455,2.074583,2.130206,2.187908,2.246565
01/08/2025,01-Aug-25,1.847624,1.840376,1.853613,1.882252,1.922257,1.970432,2.024251,2.081727,2.141304,2.20177
04/08/2025,04-Aug-25,1.852534,1.8431,1.853004,1.877799,1.913871,1.958297,2.008714,2.063222,2.120299,2.178731
05/08/2025,05-Aug-25,1.842406,1.838991,1.852616,1.879462,1.9164,1.960869,2.010782,2.064443,2.120478,2.177782
06/08/2025,06-Aug-25,1.862161,1.849319,1.856705,1.879676,1.914465,1.958024,2.007894,2.062099,2.119057,2.177507
07/08/2025,07-Aug-25,1.863349,1.855286,1.865954,1.891056,1.9271,1.971255,2.02123,2.07518,2.131623,2.189378
08/08/2025,08-Aug-25,1.885235,1.887936,1.905751,1.935398,1.974157,2.019772,2.07038,2.124451,2.180729,2.238189
11/08/2025,11-Aug-25,1.882774,1.888723,1.908777,1.939904,1.979571,2.025678,2.07648,2.130538,2.186666,2.243894
12/08/2025,12-Aug-25,1.901866,1.902256,1.920038,1.951262,1.992691,2.041677,2.096062,2.154092,2.21435,2.275696
13/08/2025,13-Aug-25,1.897027,1.884519,1.891733,1.914356,1.948845,1.992292,2.042315,2.096976,2.154697,2.214203
14/08/2025,14-Aug-25,1.894763,1.886126,1.896529,1.921779,1.958426,2.003641,2.055111,2.11095,2.169629,2.22991
15/08/2025,15-Aug-25,1.888344,1.879543,1.895666,1.929654,1.976176,2.031212,2.091739,2.155491,2.220779,2.286352
18/08/2025,18-Aug-25,1.903895,1.895424,1.907817,1.936172,1.976535,2.025722,2.08118,2.140864,2.203148,2.266744
19/08/2025,19-Aug-25,1.887732,1.883575,1.899215,1.929906,1.971839,2.021961,2.077839,2.137534,2.199511,2.262561
20/08/2025,20-Aug-25,1.882792,1.868761,1.877241,1.902826,1.941198,1.988914,2.043239,2.102007,2.163508,2.226401
21/08/2025,21-Aug-25,1.892147,1.891138,1.908376,1.939596,1.981346,2.030835,2.085815,2.144482,2.205393,2.267399
22/08/2025,22-Aug-25,1.898291,1.900445,1.917831,1.947319,1.986279,2.032502,2.08414,2.139653,2.197758,2.257395
25/08/2025,25-Aug-25,1.911045,1.90971,1.92676,1.957898,1.999646,2.049195,2.104281,2.163087,2.224161,2.286346
26/08/2025,26-Aug-25,1.897437,1.886399,1.895408,1.920047,1.956695,2.00239,2.054714,2.111702,2.171762,2.233608
27/08/2025,27-Aug-25,1.899577,1.880382,1.88366,1.904424,1.938608,1.9829,2.034608,2.091555,2.151983,2.214482
28/08/2025,28-Aug-25,1.914456,1.894349,1.895941,1.914519,1.946216,1.987869,2.036896,2.091198,2.14907,2.209137
29/08/2025,29-Aug-25,1.916866,1.898578,1.901626,1.921369,1.954003,1.996416,2.046066,2.100885,2.159195,2.219643
01/09/2025,01-Sept-25,1.924846,1.905267,1.908296,1.928922,1.963054,2.00736,2.059135,2.11619,2.176756,2.239415
02/09/2025,02-Sept-25,1.928962,1.918733,1.928849,1.954788,1.992854,2.040029,2.093855,2.15234,2.213871,2.277151
03/09/2025,03-Sept-25,1.920071,1.904518,1.910235,1.932549,1.967633,2.012363,2.064189,2.121042,2.181248,2.243454
04/09/2025,04-Sept-25,1.918227,1.902124,1.906305,1.926475,1.959082,2.001197,2.05041,2.104743,2.162578,2.2226
05/09/2025,05-Sept-25,1.893185,1.879581,1.884156,1.903318,1.934046,1.973801,2.020461,2.072251,2.127695,2.185566
08/09/2025,08-Sept-25,1.905698,1.884473,1.882445,1.895974,1.921974,1.957834,2.001348,2.050656,2.104199,2.160671
09/09/2025,09-Sept-25,1.903682,1.885999,1.887801,1.905112,1.934623,1.973578,2.019693,2.071076,2.126169,2.183689
10/09/2025,10-Sept-25,1.9192,1.899068,1.898734,1.914182,1.942066,1.979599,2.024471,2.074765,2.128904,2.185586
11/09/2025,11-Sept-25,1.933502,1.925315,1.93292,1.953217,1.983593,2.02185,2.066138,2.114911,2.166876,2.220959
12/09/2025,12-Sept-25,1.931539,1.934931,1.951669,1.979085,2.014922,2.05728,2.104559,2.155418,2.208736,2.26358
15/09/2025,15-Sept-25,1.929968,1.931189,1.946122,1.972041,2.006641,2.047979,2.094423,2.144602,2.19737,2.251773
16/09/2025,16-Sept-25,1.943612,1.941745,1.954107,1.97789,2.010717,2.050586,2.095815,2.14499,2.196931,2.250655
17/09/2025,17-Sept-25,1.929643,1.927005,1.939683,1.964394,1.998426,2.039537,2.085883,2.135946,2.188488,2.242497
18/09/2025,18-Sept-25,1.940538,1.939534,1.952971,1.978024,2.012297,2.053761,2.100701,2.151675,2.205472,2.26108
19/09/2025,19-Sept-25,1.950297,1.949226,1.963384,1.98964,2.025373,2.068389,2.116859,2.169262,2.224337,2.281045
22/09/2025,22-Sept-25,1.948323,1.946383,1.959719,1.985288,2.020521,2.063256,2.111675,2.164256,2.219726,2.27703
23/09/2025,23-Sept-25,1.940306,1.946149,1.965532,1.995647,2.034138,2.079035,2.128695,2.181748,2.237059,2.293693
24/09/2025,24-Sept-25,1.938368,1.941388,1.958696,1.987372,2.024959,2.069397,2.118963,2.172218,2.227967,2.28522
25/09/2025,25-Sept-25,1.944224,1.95422,1.976836,2.009456,2.049877,2.096248,2.14702,2.200899,2.256808,2.313854
26/09/2025,26-Sept-25,1.940903,1.948245,1.968645,1.999418,2.038305,2.083408,2.133135,2.186158,2.24137,2.297855
29/09/2025,29-Sept-25,1.938084,1.946353,1.966303,1.99567,2.032521,2.075205,2.12232,2.172673,2.225259,2.279231
30/09/2025,30-Sept-25,1.938386,1.944158,1.962473,1.990824,2.027087,2.069468,2.116458,2.166787,2.219392,2.273388
01/10/2025,01-Oct-25,1.94147,1.939442,1.951986,1.976189,2.009597,2.050146,2.096104,2.146024,2.198696,2.253117
02/10/2025,02-Oct-25,1.944045,1.947673,1.964431,1.991702,2.027274,2.069277,2.116138,2.166537,2.219368,2.27371
03/10/2025,03-Oct-25,1.941788,1.948154,1.966306,1.993964,2.029185,2.070311,2.115939,2.164878,2.216123,2.26883
06/10/2025,06-Oct-25,1.939458,1.939956,1.954704,1.980833,2.015925,2.057949,2.1052,2.156253,2.209921,2.265218
07/10/2025,07-Oct-25,1.926526,1.934591,1.955151,1.9857,2.024116,2.068603,2.117651,2.169989,2.224553,2.280455
08/10/2025,08-Oct-25,1.92778,1.926213,1.938884,1.963002,1.996202,2.036485,2.082166,2.131831,2.18429,2.238555
09/10/2025,09-Oct-25,1.919304,1.925117,1.943751,1.972623,2.00955,2.052694,2.100507,2.151694,2.205171,2.260036
10/10/2025,10-Oct-25,1.917966,1.918887,1.933376,1.95874,1.992701,2.033341,2.079044,2.128456,2.180443,2.234062
13/10/2025,13-Oct-25,1.90552,1.900837,1.910073,1.930695,1.96052,1.997677,2.040559,2.087795,2.138216,2.190831
14/10/2025,14-Oct-25,1.888047,1.884448,1.894981,1.916882,1.947812,1.985799,2.029181,2.076561,2.126771,2.178836
15/10/2025,15-Oct-25,1.885054,1.876875,1.882751,1.900173,1.926977,1.961301,2.001542,2.046332,2.094496,2.14504
16/10/2025,16-Oct-25,1.888378,1.880017,1.886009,1.903773,1.931086,1.966036,2.006984,2.05253,2.101478,2.152812
17/10/2025,17-Oct-25,1.874845,1.870039,1.87871,1.898448,1.927173,1.963093,2.004669,2.050579,2.099695,2.151056
20/10/2025,20-Oct-25,1.869118,1.866557,1.87711,1.898418,1.928445,1.965436,2.007885,2.054499,2.104176,2.155974
21/10/2025,21-Oct-25,1.862584,1.859212,1.868635,1.888578,1.917072,1.95242,1.993159,2.038034,2.08597,2.136049
22/10/2025,22-Oct-25,1.877278,1.871877,1.879882,1.898894,1.926841,1.961939,2.002656,2.047678,2.095883,2.146315
23/10/2025,23-Oct-25,1.882979,1.878849,1.887876,1.90771,1.93632,1.971955,2.013112,2.058498,2.107009,2.157706
24/10/2025,24-Oct-25,1.904947,1.908451,1.923977,1.949257,1.98235,2.021597,2.065582,2.113103,2.163139,2.214828
27/10/2025,27-Oct-25,1.907022,1.91136,1.927267,1.95258,1.985446,2.024274,2.067705,2.114582,2.163919,2.214882
28/10/2025,28-Oct-25,1.906079,1.90991,1.925344,1.950218,1.982673,2.021117,2.06419,2.110729,2.159749,2.210415
29/10/2025,29-Oct-25,1.89868,1.903087,1.919267,1.944996,1.978368,2.017755,2.061767,2.109223,2.159119,2.210611
30/10/2025,30-Oct-25,1.911766,1.919709,1.938685,1.966546,2.001462,2.041874,2.086459,2.134098,2.183848,2.234915
31/10/2025,31-Oct-25,1.898676,1.904281,1.922078,1.949646,1.984933,2.026207,2.072006,2.1211,2.172458,2.225221
03/11/2025,03-Nov-25,1.895233,1.906768,1.929159,1.960185,1.997972,2.040943,2.087774,2.137354,2.188759,2.241218
04/11/2025,04-Nov-25,1.893004,1.903018,1.92429,1.954524,1.991787,2.03445,2.081146,2.13073,2.182248,2.234907
05/11/2025,05-Nov-25,1.885221,1.898141,1.921778,1.953955,1.992834,2.036857,2.084715,2.135305,2.187705,2.241146
06/11/2025,06-Nov-25,1.900663,1.911223,1.9329,1.963425,2.000885,2.043669,2.090424,2.14002,2.19151,2.244109
07/11/2025,07-Nov-25,1.914866,1.923832,1.943654,1.972317,2.008081,2.049452,2.095147,2.14407,2.195283,2.247992
10/11/2025,10-Nov-25,1.921674,1.926637,1.944016,1.971338,2.006516,2.047784,2.093658,2.14289,2.194437,2.247429
11/11/2025,11-Nov-25,1.922345,1.92673,1.943778,1.970888,2.005882,2.046935,2.092525,2.141384,2.192459,2.244881
12/11/2025,12-Nov-25,1.927677,1.933278,1.950006,1.975792,2.008858,2.047678,2.090947,2.13755,2.18654,2.237111
13/11/2025,13-Nov-25,1.914833,1.933771,1.9609,1.994661,2.033707,2.076875,2.123169,2.171733,2.221835,2.272852
14/11/2025,14-Nov-25,1.897678,1.920224,1.951551,1.989781,2.033331,2.080873,2.13129,2.183651,2.237179,2.291231
17/11/2025,17-Nov-25,1.916979,1.936646,1.96563,2.001966,2.043997,2.090331,2.1398,2.191427,2.244401,2.298044
18/11/2025,18-Nov-25,1.916307,1.927356,1.949319,1.980086,2.01785,2.061074,2.108446,2.158856,2.211364,2.265176
19/11/2025,19-Nov-25,1.943719,1.947095,1.963254,1.989745,2.024479,2.065677,2.111829,2.161656,2.21408,2.268191
20/11/2025,20-Nov-25,1.955657,1.961776,1.979503,2.006766,2.041763,2.082935,2.128937,2.178608,2.230952,2.285113
21/11/2025,21-Nov-25,1.941024,1.93992,1.953108,1.977796,2.011622,2.052588,2.099011,2.149473,2.202787,2.25796
24/11/2025,24-Nov-25,1.935487,1.946987,1.968452,1.998124,2.034471,2.076157,2.122023,2.171063,2.222409,2.275312
25/11/2025,25-Nov-25,1.936038,1.944997,1.964444,1.992443,2.027324,2.067654,2.112202,2.159916,2.209898,2.261385
26/11/2025,26-Nov-25,1.939281,1.948226,1.967765,1.99594,2.031066,2.071694,2.116581,2.164664,2.215037,2.266928
27/11/2025,27-Nov-25,1.945301,1.953261,1.971913,1.999287,2.03369,2.073665,2.117962,2.165512,2.215403,2.26686
28/11/2025,28-Nov-25,1.953157,1.961724,1.98086,2.008616,2.043313,2.083508,2.127963,2.175619,2.225572,2.277053
01/12/2025,01-Dec-25,1.970422,1.982272,2.004867,2.036162,2.074398,2.118073,2.165904,2.216799,2.26983,2.324213
02/12/2025,02-Dec-25,1.954655,1.965456,1.990566,2.0263,2.069766,2.118701,2.171332,2.226278,2.282465,2.339061
03/12/2025,03-Dec-25,1.95627,1.968507,1.992034,2.024524,2.06402,2.10888,2.157729,2.209421,2.263,2.317674
04/12/2025,04-Dec-25,1.968019,1.984078,2.010586,2.045365,2.086583,2.132702,2.182431,2.234697,2.288602,2.343404
05/12/2025,05-Dec-25,1.971778,1.987528,2.015565,2.05291,2.097164,2.146405,2.199088,2.253983,2.310109,2.366687
08/12/2025,08-Dec-25,1.973791,2.015597,2.062336,2.112796,2.165957,2.22096,2.277086,2.333733,2.390401,2.446677
09/12/2025,09-Dec-25,1.983786,2.022548,2.06677,2.115158,2.166618,2.220234,2.275235,2.330975,2.38692,2.442625
10/12/2025,10-Dec-25,1.979949,2.028299,2.079769,2.133499,2.188756,2.244923,2.301477,2.35798,2.414066,2.469431
11/12/2025,11-Dec-25,1.983031,2.025688,2.072445,2.122318,2.174464,2.228164,2.282805,2.337871,2.392924,2.447596
12/12/2025,12-Dec-25,1.977382,2.023561,2.073403,2.126006,2.180593,2.236498,2.293151,2.350069,2.406841,2.463121
15/12/2025,15-Dec-25,1.978983,2.019999,2.065534,2.114535,2.1661,2.21946,2.273961,2.32905,2.384258,2.439193
16/12/2025,16-Dec-25,1.965994,2.01151,2.060873,2.11315,2.167538,2.22335,2.279998,2.336982,2.393877,2.450326
17/12/2025,17-Dec-25,1.96336,2.005068,2.051937,2.102746,2.156456,2.212187,2.269198,2.326861,2.384654,2.44214
18/12/2025,18-Dec-25,1.971955,2.008054,2.051412,2.100313,2.153276,2.209051,2.2666,2.325075,2.383788,2.442188
19/12/2025,19-Dec-25,1.979113,2.020458,2.067887,2.119845,2.175045,2.232431,2.291135,2.350447,2.409789,2.468694
22/12/2025,22-Dec-25,1.972105,2.017077,2.067803,2.122724,2.180557,2.24025,2.300947,2.361955,2.422716,2.482785
23/12/2025,23-Dec-25,1.980248,2.021522,2.068665,2.120132,2.17466,2.231213,2.288946,2.347171,2.405333,2.462984
24/12/2025,24-Dec-25,1.988766,2.0269,2.071691,2.121452,2.174797,2.230587,2.287891,2.34595,2.404147,2.461986
29/12/2025,29-Dec-25,1.98599,2.013454,2.047915,2.089081,2.135915,2.187146,2.241518,2.297907,2.355365,2.413116
30/12/2025,30-Dec-25,1.968564,2.006181,2.050723,2.100441,2.153899,2.209921,2.267542,2.325981,2.3846,2.442886
31/12/2025,31-Dec-25,1.992937,2.02369,2.062878,2.108455,2.158741,2.212362,2.268199,2.325341,2.383047,2.440725
02/01/2026,02-Jan-26,1.976942,2.014339,2.059239,2.109712,2.164184,2.221379,2.280258,2.339985,2.399888,2.459426
05/01/2026,05-Jan-26,1.979624,2.020795,2.066838,2.116689,2.169426,2.224256,2.280492,2.337549,2.394924,2.45219
06/01/2026,06-Jan-26,1.975938,2.002092,2.037947,2.081181,2.129895,2.182541,2.237861,2.294833,2.352632,2.410594
07/01/2026,07-Jan-26,1.97529,1.996017,2.027652,2.067628,2.113849,2.164608,2.218517,2.274455,2.331514,2.388966
08/01/2026,08-Jan-26,1.96944,1.997433,2.034663,2.078904,2.128335,2.181471,2.237103,2.294249,2.352115,2.410063
09/01/2026,09-Jan-26,1.986658,2.013693,2.048541,2.089657,2.13571,2.185555,2.238209,2.292833,2.34871,2.405232
12/01/2026,12-Jan-26,1.987433,2.00772,2.038548,2.07746,2.122442,2.171853,2.224355,2.278862,2.334494,2.390544
13/01/2026,13-Jan-26,1.990271,2.008026,2.038265,2.077778,2.124036,2.175044,2.229233,2.285374,2.342502,2.399866
14/01/2026,14-Jan-26,1.981784,1.995627,2.023443,2.06144,2.106703,2.156998,2.210607,2.266214,2.322809,2.379622
15/01/2026,15-Jan-26,1.985357,2.00202,2.031251,2.069666,2.114653,2.164191,2.216722,2.271037,2.326208,2.381519
16/01/2026,16-Jan-26,1.986746,2.010927,2.045476,2.087631,2.135227,2.186565,2.240319,2.295451,2.35115,2.406787
19/01/2026,19-Jan-26,1.986152,1.997169,2.02312,2.060053,2.104899,2.155276,2.20934,2.265664,2.323148,2.380948
20/01/2026,20-Jan-26,1.970165,1.983459,2.013248,2.054704,2.104231,2.159147,2.217449,2.277644,2.33862,2.399547
21/01/2026,21-Jan-26,1.962249,1.978525,2.010552,2.053704,2.104525,2.16044,2.219521,2.280331,2.341797,2.403121
22/01/2026,22-Jan-26,1.98589,2.007598,2.042013,2.085573,2.135554,2.18987,2.246925,2.3055,2.364663,2.423707
23/01/2026,23-Jan-26,1.984409,2.016665,2.057586,2.104887,2.156744,2.211702,2.268606,2.326542,2.384785,2.442769
26/01/2026,26-Jan-26,1.985857,2.009541,2.044375,2.087358,2.136148,2.18892,2.244252,2.301038,2.358423,2.415745
27/01/2026,27-Jan-26,1.987267,2.006372,2.038696,2.080534,2.129064,2.182133,2.238098,2.295707,2.354007,2.412275
28/01/2026,28-Jan-26,1.96946,1.982686,2.012143,2.053037,2.101813,2.155835,2.213144,2.272285,2.332176,2.392015
29/01/2026,29-Jan-26,1.938745,1.959615,1.993283,2.036203,2.085656,2.139561,2.196321,2.254715,2.313809,2.372891
30/01/2026,30-Jan-26,1.970545,1.983469,2.011098,2.049567,2.095866,2.147653,2.20311,2.260825,2.319711,2.378927
02/02/2026,02-Feb-26,1.970954,1.989278,2.021301,2.06316,2.111929,2.165387,2.221845,2.280024,2.338951,2.397892
03/02/2026,03-Feb-26,1.98162,2.002804,2.037307,2.081319,2.131958,2.187045,2.244927,2.304354,2.364379,2.42429
04/02/2026,04-Feb-26,1.966468,1.987195,2.020259,2.062488,2.111376,2.164946,2.221642,2.280242,2.339787,2.399532
05/02/2026,05-Feb-26,1.961323,1.982708,2.016158,2.058757,2.10805,2.162026,2.21908,2.277943,2.337632,2.397388
06/02/2026,06-Feb-26,1.969985,1.978885,2.004907,2.043146,2.089936,2.142527,2.198864,2.257406,2.317002,2.376794
09/02/2026,09-Feb-26,1.967387,1.971742,1.995365,2.032595,2.079241,2.13221,2.189222,2.248595,2.309093,2.369809
10/02/2026,10-Feb-26,1.96025,1.97158,1.995576,2.029469,2.070976,2.118214,2.169637,2.223974,2.280192,2.337444
11/02/2026,11-Feb-26,1.973623,1.98062,2.002391,2.035398,2.076808,2.124356,2.176239,2.23102,2.287561,2.344962
12/02/2026,12-Feb-26,1.977368,1.977969,1.996044,2.026995,2.067278,2.114165,2.165558,2.219846,2.275795,2.332462
13/02/2026,13-Feb-26,1.970778,1.960861,1.971499,1.997276,2.034039,2.078605,2.128538,2.181976,2.237501,2.294036
16/02/2026,16-Feb-26,1.977122,1.967842,1.978824,2.004747,2.041522,2.086013,2.135818,2.189096,2.244447,2.300804
17/02/2026,17-Feb-26,1.980162,1.971297,1.980236,2.002913,2.03605,2.077012,2.123682,2.174364,2.227705,2.282626
18/02/2026,18-Feb-26,1.974524,1.972015,1.986024,2.012598,2.048596,2.091521,2.139393,2.190646,2.244044,2.298614
19/02/2026,19-Feb-26,1.973856,1.972791,1.988398,2.01651,2.053862,2.097896,2.146613,2.198452,2.252198,2.306909
20/02/2026,20-Feb-26,1.956563,1.962879,1.98294,2.013478,2.051877,2.096044,2.14431,2.195344,2.248088,2.301707
23/02/2026,23-Feb-26,1.96693,1.967496,1.98212,2.007799,2.04206,2.082865,2.128544,2.177728,2.229297,2.28234
24/02/2026,24-Feb-26,1.973418,1.971004,1.98307,2.00655,2.038917,2.07809,2.122358,2.170319,2.220828,2.272949
25/02/2026,25-Feb-26,1.97865,1.974967,1.986069,2.00883,2.040675,2.079484,2.123513,2.171335,2.221782,2.273903
26/02/2026,26-Feb-26,1.955456,1.96003,1.976819,2.003231,2.037127,2.076744,2.120632,2.167598,2.216668,2.267043
27/02/2026,27-Feb-26,1.953858,1.949801,1.959606,1.980504,2.010182,2.046709,2.088479,2.134153,2.182626,2.232981
02/03/2026,02-Mar-26,1.983627,1.989221,2.005602,2.030708,2.062785,2.10035,2.142151,2.187131,2.234398,2.283207
03/03/2026,03-Mar-26,2.030727,2.060897,2.095519,2.133732,2.17478,2.218011,2.262857,2.308824,2.355489,2.402486
04/03/2026,04-Mar-26,2.018096,2.038606,2.065966,2.098893,2.136279,2.17717,2.220745,2.2663,2.313232,2.361027
05/03/2026,05-Mar-26,2.057129,2.090272,2.127353,2.167611,2.210378,2.255065,2.301157,2.348202,2.395807,2.443631
06/03/2026,06-Mar-26,2.085568,2.130507,2.17654,2.223317,2.270532,2.317913,2.365222,2.412252,2.458821,2.504772
09/03/2026,09-Mar-26,2.112559,2.157956,2.204047,2.250572,2.297296,2.344011,2.39053,2.436688,2.482341,2.527359
10/03/2026,10-Mar-26,2.042134,2.084769,2.129468,2.175742,2.22316,2.271339,2.319944,2.368679,2.417287,2.465543
11/03/2026,11-Mar-26,2.077719,2.200738,2.269383,2.313818,2.349436,2.383615,2.419485,2.458014,2.499128,2.542316
12/03/2026,12-Mar-26,2.11185,2.247715,2.313933,2.35173,2.380852,2.410045,2.442581,2.479142,2.51929,2.562184
13/03/2026,13-Mar-26,2.112979,2.24781,2.319461,2.36325,2.39699,2.429118,2.463174,2.500232,2.540206,2.582527
16/03/2026,16-Mar-26,2.088091,2.227497,2.298447,2.340173,2.371981,2.402747,2.436025,2.47277,2.512759,2.555305
17/03/2026,17-Mar-26,2.087659,2.22582,2.293473,2.331853,2.360897,2.389558,2.42128,2.456875,2.495991,2.537848
18/03/2026,18-Mar-26,2.126979,2.282607,2.361373,2.405294,2.435828,2.463353,2.49241,2.524561,2.559936,2.59804
19/03/2026,19-Mar-26,2.158183,2.337735,2.424372,2.468185,2.49495,2.517302,2.540909,2.567863,2.598506,2.632398
20/03/2026,20-Mar-26,2.211966,2.42291,2.530365,2.585417,2.616215,2.63776,2.657632,2.679297,2.70402,2.731937
